log_stock60,Ecosystem
,Wetland
,Wetland
,Wetland
,Wetland
,Wetland
,Forest
,Forest
,Forest
,Forest
,Forest
0.91722867,Forest
,Forest
,Forest
,Forest
,Forest
,Forest
,Forest
,Forest
,Forest
,Forest
1.021372078,Forest
,Forest
,Forest
,Forest
,Forest
,Forest
,Forest
,Forest
,Forest
,Forest
1.178662761,Forest
,Forest
,Forest
,Forest
,Forest
,Forest
,Forest
,Wetland
,Wetland
,Wetland
,Wetland
,Wetland
,Wetland
,Wetland
,Wetland
,Wetland
,Wetland
,Wetland
,Wetland
,Wetland
,Forest
,Forest
,Forest
0.977776636,Wetland
0.920229891,Forest
0.9418756,Forest
0.964203829,Wetland
,Wetland
,Wetland
,Forest
,Forest
,Forest
,Forest
,Forest
,Forest
2.192696917,Forest
,Forest
,Forest
,Forest
,Forest
,Forest
,Forest
2.286655652,Forest
,Forest
,Forest
,Forest
,Forest
,Forest
,Forest
1.443360716,Forest
,Forest
,Forest
,Forest
,Forest
,Forest
,Forest
,Forest
,Forest
,Forest
,Forest
,Forest
,Forest
2.296527533,Forest
,Forest
,Forest
,Forest
,Forest
,Forest
,Forest
,Forest
,Forest
,Forest
,Forest
,Forest
,Forest
,Forest
,Forest
,Forest
,Forest
,Forest
,Forest
,Forest
,Forest
,Forest
,Forest
,Forest
,Forest
,Forest
1.659778862,Forest
,Wetland
,Wetland
,Wetland
1.920124126,Wetland
,Forest
,Forest
,Forest
1.640047257,Forest
,Wetland
,Wetland
,Wetland
1.912266173,Wetland
,Forest
,Forest
,Forest
,Forest
,Forest
,Forest
,Forest
,Forest
,Forest
2.292298772,Forest
,Forest
,Forest
,Forest
,Forest
,Forest
,Forest
,Forest
,Forest
,Forest
,Forest
,Forest
,Forest
1.443129903,Forest
,Forest
,Forest
,Forest
,Forest
,Forest
,Forest
,Wetland
,Wetland
,Wetland
,Forest
,Forest
,Wetland
,Wetland
,Wetland
,Wetland
,Wetland
,Wetland
,Wetland
,Wetland
,Wetland
,Wetland
,Wetland
,Wetland
,Wetland
,Wetland
,Wetland
,Wetland
,Wetland
,Wetland
,Wetland
,Wetland
,Wetland
,Wetland
,Wetland
,Wetland
,Wetland
,Wetland
,Wetland
,Wetland
,Wetland
,Wetland
,Wetland
,Wetland
,Wetland
,Wetland
,Wetland
,Wetland
,Wetland
,Wetland
,Forest
,Forest
,Forest
,Forest
,Forest
,Forest
,Wetland
,Wetland
,Wetland
,Wetland
,Wetland
,Wetland
,Wetland
,Wetland
,Wetland
,Wetland
,Wetland
,Wetland
,Wetland
,Wetland
,Wetland
,Wetland
,Wetland
,Wetland
,Wetland
,Wetland
,Wetland
,Wetland
,Wetland
,Wetland
,Wetland
,Wetland
,Forest
,Forest
,Forest
,Forest
,Forest
,Forest
,Forest
,Forest
,Forest
,Forest
,Forest
,Forest
,Forest
,Forest
,Forest
,Forest
,Forest
,Forest
,Forest
,Forest
,Forest
,Forest
,Forest
,Forest
,Forest
,Forest
,Forest
,Forest
,Forest
,Forest
,Forest
,Forest
,Forest
,Forest
,Forest
,Wetland
,Wetland
,Wetland
,Wetland
1.61155338,Wetland
,Wetland
,Wetland
,Wetland
,Wetland
1.670848621,Wetland
,Wetland
,Wetland
,Wetland
,Wetland
1.602222821,Wetland
,Wetland
,Wetland
,Wetland
,Wetland
1.678682233,Wetland
,Wetland
,Wetland
,Wetland
,Wetland
1.730911415,Wetland
,Wetland
,Wetland
,Wetland
,Wetland
1.017054218,Wetland
,Wetland
,Wetland
,Wetland
,Wetland
0.923723654,Wetland
,Forest
,Grassland
,Grassland
,Wetland
,Wetland
,Wetland
,Forest
,Forest
,Grassland
,Wetland
,Wetland
,Wetland
,Forest
,Forest
,Forest
,Forest
,Forest
,Forest
,Forest
,Forest
,Forest
,Forest
,Forest
,Grassland
,Wetland
,Forest
,Forest
,Forest
,Grassland
,Grassland
,Grassland
,Forest
,Grassland
,Forest
,Grassland
,Grassland
,Grassland
,Grassland
,Grassland
,Forest
,Grassland
,Forest
,Grassland
,Forest
,Wetland
,Grassland
,Forest
,Grassland
,Grassland
,Forest
,Forest
,Grassland
,Grassland
,Forest
,Grassland
,Grassland
,Grassland
,Grassland
,Grassland
,Grassland
,Wetland
,Forest
,Forest
,Forest
,Forest
,Forest
,Forest
,Grassland
,Forest
,Forest
,Forest
,Forest
,Forest
,Forest
,Forest
,Forest
,Forest
,Forest
,Forest
,Forest
,Grassland
,Grassland
,Grassland
,Forest
,Forest
,Forest
,Forest
,Grassland
,Forest
,Forest
,Forest
,Forest
,Forest
,Forest
,Forest
,Forest
,Forest
,Wetland
,Grassland
,Forest
,Forest
,Forest
,Forest
,Grassland
,Forest
,Grassland
,Grassland
,Forest
,Forest
,Forest
,Grassland
,Wetland
,Forest
,Wetland
,Wetland
,Forest
,Wetland
,Grassland
,Forest
,Wetland
,Forest
,Grassland
,Forest
,Grassland
,Grassland
,Forest
,Wetland
,Wetland
,Wetland
,Wetland
,Wetland
,Wetland
,Wetland
,Wetland
,Wetland
,Wetland
,Wetland
,Wetland
,Wetland
,Wetland
,Wetland
,Forest
,Forest
1.76024511,Forest
,Forest
,Forest
,Forest
,Forest
1.676412841,Forest
,Forest
,Forest
,Forest
,Forest
1.624788306,Forest
,Forest
,Forest
,Wetland
,Wetland
,Wetland
,Wetland
,Wetland
,Wetland
,Forest
,Forest
,Forest
,Forest
,Forest
,Forest
,Wetland
,Wetland
,Wetland
,Wetland
,Wetland
,Wetland
,Wetland
,Wetland
1.728204943,Wetland
,Wetland
,Wetland
,Forest
,Forest
,Forest
,Forest
,Forest
,Forest
,Wetland
,Wetland
,Wetland
,Forest
,Forest
,Forest
,Forest
,Forest
,Forest
,Wetland
,Wetland
,Wetland
,Wetland
,Wetland
,Wetland
,Wetland
,Forest
,Forest
,Forest
,Forest
,Forest
,Wetland
,Wetland
,Wetland
,Wetland
,Wetland
,Wetland
,Wetland
,Wetland
,Wetland
,Wetland
,Wetland
,Wetland
,Wetland
,Wetland
,Wetland
,Wetland
,Wetland
,Wetland
,Wetland
,Wetland
,Wetland
,Wetland
,Wetland
,Wetland
,Wetland
,Wetland
,Wetland
,Grassland
,Grassland
,Grassland
,Grassland
,Grassland
,Grassland
,Grassland
,Forest
,Forest
,Grassland
,Grassland
,Grassland
,Grassland
,Grassland
0.867812665,Grassland
,Grassland
,Grassland
,Grassland
,Grassland
,Grassland
,Grassland
0.743527795,Grassland
,Grassland
,Grassland
,Grassland
,Grassland
,Grassland
,Grassland
0.682746893,Grassland
,Grassland
,Grassland
,Grassland
,Grassland
,Grassland
,Grassland
0.585372734,Grassland
,Grassland
,Grassland
,Grassland
,Grassland
,Grassland
,Grassland
0.648385385,Grassland
,Grassland
,Grassland
,Grassland
,Grassland
,Grassland
,Grassland
0.929223194,Grassland
,Grassland
,Grassland
,Grassland
,Grassland
,Grassland
,Grassland
0.788638484,Grassland
,Grassland
,Forest
,Forest
,Forest
,Forest
1.531876107,Forest
,Forest
,Forest
,Grassland
,Grassland
,Grassland
,Grassland
1.369495267,Grassland
,Grassland
,Grassland
,Grassland
,Grassland
,Grassland
,Grassland
,Grassland
,Grassland
,Grassland
,Grassland
,Grassland
,Grassland
,Grassland
,Grassland
,Grassland
,Grassland
,Grassland
,Grassland
,Grassland
,Grassland
,Grassland
,Grassland
,Grassland
0.465680212,Grassland
0.49248101,Grassland
0.505149978,Grassland
0.45484486,Grassland
0.467163966,Grassland
0.495266744,Grassland
0.490239485,Grassland
,Grassland
,Grassland
,Grassland
,Grassland
,Grassland
,Grassland
,Grassland
,Grassland
,Grassland
,Grassland
,Grassland
,Grassland
,Grassland
,Grassland
,Grassland
,Wetland
,Wetland
,Wetland
,Wetland
,Grassland
,Grassland
,Grassland
,Grassland
,Grassland
0.806790272,Grassland
,Grassland
,Grassland
,Grassland
,Grassland
,Grassland
,Grassland
,Grassland
,Grassland
,Grassland
,Grassland
,Grassland
,Grassland
,Grassland
,Grassland
,Grassland
,Wetland
,Wetland
1.586514166,Wetland
,Wetland
,Wetland
1.501976203,Wetland
,Wetland
,Wetland
1.554997659,Wetland
,Wetland
,Wetland
1.604177435,Wetland
,Wetland
,Wetland
1.570577962,Wetland
,Wetland
,Wetland
1.503613662,Wetland
,Wetland
,Wetland
1.558792542,Wetland
,Wetland
,Wetland
1.58305701,Wetland
,Grassland
,Grassland
,Grassland
,Grassland
,Grassland
,Grassland
,Grassland
,Grassland
,Grassland
,Grassland
,Grassland
,Grassland
,Grassland
,Grassland
,Grassland
,Grassland
,Grassland
,Grassland
,Grassland
,Grassland
,Grassland
,Grassland
,Grassland
,Grassland
,Grassland
,Grassland
,Grassland
,Wetland
,Wetland
,Wetland
,Wetland
,Wetland
,Wetland
,Grassland
,Grassland
,Forest
,Forest
,Forest
,Forest
,Forest
,Grassland
,Grassland
,Grassland
,Grassland
,Grassland
,Grassland
,Grassland
,Grassland
,Grassland
,Grassland
,Grassland
,Grassland
,Grassland
,Grassland
,Grassland
,Grassland
,Grassland
,Forest
,Forest
,Grassland
,Forest
,Forest
,Forest
,Grassland
,Grassland
,Grassland
,Grassland
,Grassland
,Forest
,Wetland
,Grassland
,Grassland
,Grassland
,Grassland
,Grassland
,Grassland
,Grassland
,Grassland
,Grassland
,Grassland
,Grassland
,Grassland
,Grassland
,Grassland
,Forest
,Forest
,Forest
,Wetland
,Wetland
,Wetland
,Wetland
,Grassland
,Grassland
,Grassland
,Grassland
,Wetland
,Wetland
,Wetland
,Wetland
,Wetland
,Grassland
,Grassland
,Grassland
,Grassland
,Grassland
,Grassland
,Grassland
,Grassland
,Grassland
,Grassland
,Grassland
,Grassland
,Grassland
,Grassland
,Grassland
,Grassland
,Grassland
,Grassland
,Grassland
,Grassland
,Grassland
,Grassland
,Grassland
,Grassland
,Grassland
,Grassland
,Grassland
,Grassland
,Grassland
,Grassland
,Grassland
,Grassland
,Grassland
,Grassland
,Grassland
,Grassland
,Grassland
,Grassland
,Grassland
,Grassland
,Grassland
,Grassland
,Grassland
,Grassland
,Grassland
,Grassland
,Wetland
,Wetland
,Wetland
,Wetland
-0.176173783,Wetland
,Grassland
,Grassland
,Grassland
,Grassland
0.848957231,Grassland
,Wetland
,Wetland
,Wetland
,Wetland
0.314124348,Wetland
,Grassland
,Grassland
0.441638587,Grassland
,Forest
,Forest
0.549322118,Forest
,Forest
,Forest
0.715919817,Forest
,Forest
,Forest
0.699707678,Forest
,Forest
,Forest
0.612353586,Forest
,Grassland
,Grassland
,Grassland
,Grassland
,Grassland
,Forest
,Forest
,Wetland
,Wetland
,Forest
,Wetland
,Wetland
,Wetland
,Wetland
,Wetland
,Wetland
,Wetland
,Grassland
,Forest
,Wetland
,Wetland
,Wetland
,Wetland
,Wetland
,Wetland
,Wetland
,Wetland
,Wetland
,Wetland
,Wetland
,Wetland
,Wetland
,Wetland
,Wetland
,Wetland
,Wetland
,Wetland
,Wetland
,Wetland
,Wetland
,Wetland
,Wetland
,Wetland
,Wetland
,Wetland
,Wetland
,Wetland
,Wetland
,Wetland
,Wetland
,Wetland
,Wetland
,Wetland
,Wetland
,Wetland
,Wetland
,Wetland
1.615563642,Wetland
,Wetland
,Wetland
,Wetland
,Wetland
,Wetland
,Wetland
,Wetland
,Wetland
,Wetland
,Wetland
,Wetland
,Wetland
,Wetland
1.583165322,Wetland
,Wetland
,Wetland
,Wetland
,Wetland
,Wetland
,Wetland
,Wetland
,Wetland
,Wetland
,Wetland
,Wetland
,Wetland
,Wetland
,Wetland
,Wetland
,Wetland
,Wetland
,Wetland
,Wetland
,Wetland
,Wetland
,Wetland
,Wetland
,Wetland
,Wetland
,Wetland
,Wetland
,Wetland
,Wetland
,Wetland
,Wetland
1.302028809,Wetland
,Wetland
,Wetland
,Wetland
,Wetland
,Wetland
,Wetland
,Wetland
,Wetland
1.257400633,Wetland
,Wetland
,Wetland
,Wetland
,Wetland
,Wetland
,Wetland
,Wetland
,Wetland
,Wetland
,Wetland
,Wetland
,Wetland
,Wetland
,Wetland
,Wetland
,Wetland
,Wetland
,Wetland
1.171020481,Wetland
,Wetland
,Wetland
,Wetland
1.164161248,Wetland
,Wetland
,Wetland
,Wetland
1.197154801,Wetland
,Wetland
,Wetland
,Wetland
1.208648779,Wetland
,Wetland
,Wetland
,Wetland
1.216155078,Wetland
,Wetland
,Wetland
,Wetland
1.436383874,Wetland
,Wetland
,Wetland
,Wetland
1.458772724,Wetland
,Wetland
,Wetland
,Wetland
1.428374238,Wetland
,Wetland
,Wetland
,Wetland
1.45069134,Wetland
,Wetland
,Wetland
,Wetland
1.444633038,Wetland
,Wetland
,Wetland
,Wetland
,Wetland
,Wetland
1.131390552,Wetland
,Wetland
,Wetland
,Wetland
,Wetland
,Wetland
,Wetland
1.017603811,Wetland
,Wetland
,Forest
,Forest
,Forest
,Forest
,Forest
0.938406634,Forest
,Forest
,Wetland
,Wetland
,Wetland
,Wetland
,Wetland
,Wetland
,Wetland
,Grassland
,Forest
,Wetland
,Wetland
,Wetland
1.181844445,Wetland
,Wetland
,Wetland
,Forest
,Forest
,Forest
1.147586983,Forest
,Forest
,Forest
,Wetland
,Wetland
,Wetland
,Wetland
1.00877726,Wetland
,Wetland
,Wetland
,Wetland
,Wetland
,Wetland
,Wetland
1.175810324,Wetland
,Wetland
,Wetland
,Wetland
,Wetland
,Wetland
,Wetland
1.50810343,Wetland
,Wetland
,Wetland
,Wetland
,Wetland
,Wetland
,Wetland
,Wetland
,Wetland
,Wetland
,Wetland
,Grassland
,Forest
,Forest
,Forest
,Forest
,Forest
,Forest
,Forest
,Forest
,Forest
,Forest
,Forest
,Forest
,Forest
,Forest
,Forest
,Forest
,Forest
,Forest
,Forest
,Forest
,Forest
,Forest
,Forest
,Forest
,Forest
,Forest
,Forest
,Forest
,Forest
,Forest
,Forest
,Forest
,Forest
,Forest
,Forest
,Forest
,Forest
,Forest
,Forest
,Forest
,Forest
,Forest
,Forest
