log_stock60,Mycorrhiza
,ErM
,AM
,EcM
,AM
,NM
,EcM
,EcM
,EcM
,EcM
,EcM
0.91722867,EcM
,EcM
,EcM
,EcM
,EcM
,EcM
,EcM
,EcM
,EcM
,EcM
1.021372078,EcM
,EcM
,EcM
,EcM
,EcM
,EcM
,EcM
,EcM
,EcM
,EcM
1.178662761,EcM
,EcM
,EcM
,EcM
,EcM
,EcM
,EcM
,NM
,NM
,ErM
,ErM
,ErM
,AM
,AM
,AM
,AM
,EcM
,EcM
,EcM
,EcM
,EcM
,EcM
,EcM
0.977776636,AM
0.920229891,EcM
0.9418756,EcM
0.964203829,AM
,AM
,AM
,EcM
,EcM
,EcM
,EcM
,EcM
,EcM
2.192696917,EcM
,EcM
,EcM
,EcM
,EcM
,EcM
,EcM
2.286655652,EcM
,EcM
,EcM
,EcM
,EcM
,EcM
,EcM
1.443360716,EcM
,EcM
,EcM
,EcM
,EcM
,EcM
,EcM
,EcM
,EcM
,EcM
,EcM
,EcM
,EcM
2.296527533,EcM
,EcM
,EcM
,EcM
,EcM
,EcM
,EcM
,EcM
,EcM
,EcM
,EcM
,EcM
,EcM
,EcM
,EcM
,EcM
,EcM
,EcM
,EcM
,EcM
,EcM
,EcM
,EcM
,EcM
,EcM
,EcM
1.659778862,EcM
,AM
,AM
,AM
1.920124126,AM
,EcM
,EcM
,EcM
1.640047257,EcM
,AM
,AM
,AM
1.912266173,AM
,EcM
,EcM
,EcM
,EcM
,EcM
,EcM
,EcM
,EcM
,EcM
2.292298772,EcM
,EcM
,EcM
,EcM
,EcM
,EcM
,EcM
,EcM
,EcM
,EcM
,EcM
,EcM
,EcM
1.443129903,EcM
,EcM
,EcM
,EcM
,EcM
,EcM
,EcM
,EcM
,EcM
,EcM
,EcM
,EcM
,EcM
,EcM
,NM
,NM
,ErM
,ErM
,ErM
,ErM
,EcM
,EcM
,EcM
,EcM
,EcM
,EcM
,EcM
,EcM
,EcM
,EcM
,EcM
,EcM
,EcM
,EcM
,EcM
,EcM
,EcM
,EcM
,EcM
,EcM
,EcM
,EcM
,EcM
,EcM
,EcM
,EcM
,EcM
,EcM
,EcM
,EcM
,EcM
,EcM
,EcM
,EcM
,EcM
,EcM
,EcM
,EcM
,EcM
,EcM
,ErM
,ErM
,ErM
,EcM
,EcM
,EcM
,EcM
,EcM
,EcM
,NM
,ErM
,EcM
,EcM
,EcM
,EcM
,EcM
,EcM
,AM
,AM
,EcM
,EcM
,EcM
,EcM
,EcM
,EcM
,EcM
,EcM
,EcM
,EcM
,EcM
,EcM
,EcM
,EcM
,EcM
,EcM
,EcM
,EcM
,EcM
,EcM
,EcM
,EcM
,EcM
,EcM
,EcM
,EcM
,EcM
,EcM
,EcM
,EcM
,EcM
,EcM
,EcM
,EcM
,EcM
,EcM
,EcM
,EcM
,EcM
1.61155338,EcM
,EcM
,EcM
,EcM
,EcM
1.670848621,EcM
,EcM
,EcM
,EcM
,EcM
1.602222821,EcM
,EcM
,EcM
,EcM
,EcM
1.678682233,EcM
,EcM
,EcM
,EcM
,EcM
1.730911415,EcM
,EcM
,EcM
,EcM
,EcM
1.017054218,EcM
,EcM
,EcM
,EcM
,EcM
0.923723654,EcM
,EcM
,NM
,AM
,AM
,AM
,AM
,EcM
,EcM
,NM
,AM
,AM
,AM
,EcM
,EcM
,EcM
,EcM
,EcM
,EcM
,EcM
,EcM
,EcM
,EcM
,EcM
,AM
,EcM
,EcM
,EcM
,AM
,EcM
,EcM
,AM
,NM
,EcM
,NM
,EcM
,NM
,EcM
,AM
,EcM
,EcM
,EcM
,AM
,AM
,EcM
,AM
,AM
,AM
,AM
,AM
,NM
,EcM
,EcM
,EcM
,EcM
,EcM
,EcM
,EcM
,EcM
,EcM
,EcM
,EcM
,EcM
,EcM
,EcM
,EcM
,EcM
,EcM
,EcM
,EcM
,EcM
,AM
,NM
,AM
,EcM
,EcM
,EcM
,AM
,EcM
,AM
,AM
,EcM
,EcM
,AM
,AM
,AM
,AM
,EcM
,AM
,AM
,AM
,AM
,EcM
,EcM
,AM
,AM
,EcM
,AM
,AM
,AM
,EcM
,EcM
,EcM
,EcM
,EcM
,ErM
,AM
,ErM
,EcM
,NM
,EcM
,EcM
1.76024511,EcM
,EcM
,EcM
,EcM
,EcM
1.676412841,EcM
,EcM
,EcM
,ErM
,ErM
,AM
,AM
,ErM
,EcM
,EcM
,EcM
,EcM
,EcM
,EcM
,EcM
,ErM
,ErM
,EcM
,EcM
,EcM
,EcM
,EcM
,EcM
1.728204943,EcM
,EcM
,EcM
,EcM
,EcM
,EcM
,EcM
,EcM
,EcM
,AM
,AM
,AM
,EcM
,EcM
,EcM
,EcM
,EcM
,EcM
,AM
,EcM
,EcM
,EcM
,EcM
,EcM
,EcM
,EcM
,EcM
,EcM
,EcM
,EcM
,EcM
,EcM
,EcM
,EcM
,EcM
,EcM
,EcM
,EcM
,EcM
,EcM
,EcM
,AM
,AM
,AM
,AM
,AM
,AM
,AM
,EcM
,EcM
,AM
,AM
,AM
,AM
,AM
0.867812665,AM
,AM
,AM
,AM
,AM
,AM
,AM
0.743527795,AM
,AM
,AM
,AM
,AM
,AM
,AM
0.682746893,AM
,AM
,AM
,AM
,AM
,AM
,AM
0.585372734,AM
,AM
,AM
,AM
,AM
,AM
,AM
0.648385385,AM
,AM
,AM
,AM
,AM
,AM
,AM
0.929223194,AM
,AM
,AM
,AM
,AM
,AM
,AM
0.788638484,AM
,AM
,EcM
,EcM
,EcM
,EcM
1.531876107,EcM
,EcM
,EcM
,AM
,AM
,AM
,AM
1.369495267,AM
,AM
,AM
,AM
,EcM
,EcM
,EcM
,EcM
,EcM
,EcM
,AM
,EcM
,EcM
,EcM
,EcM
,EcM
,EcM
,AM
,EcM
,EcM
,EcM
,EcM
,EcM
,EcM
0.465680212,AM
0.49248101,EcM
0.505149978,EcM
0.45484486,EcM
0.467163966,EcM
0.495266744,EcM
0.490239485,EcM
,AM
,EcM
,EcM
,EcM
,EcM
,EcM
,EcM
,AM
,EcM
,EcM
,EcM
,EcM
,EcM
,EcM
,AM
,AM
,AM
,AM
,AM
,AM
,AM
,AM
,AM
,AM
0.806790272,AM
,AM
,AM
,AM
,AM
,AM
,AM
,AM
,AM
,AM
,AM
,AM
,AM
,AM
,AM
,AM
,NM
,NM
1.586514166,NM
,EcM
,EcM
1.501976203,EcM
,EcM
,EcM
1.554997659,EcM
,EcM
,EcM
1.604177435,EcM
,NM
,NM
1.570577962,NM
,EcM
,EcM
1.503613662,EcM
,EcM
,EcM
1.558792542,EcM
,EcM
,EcM
1.58305701,EcM
,NM
,NM
,NM
,NM
,NM
,NM
,NM
,NM
,NM
,NM
,NM
,NM
,NM
,NM
,NM
,NM
,NM
,NM
,NM
,NM
,NM
,NM
,NM
,NM
,NM
,NM
,NM
,AM
,AM
,AM
,AM
,AM
,AM
,AM
,AM
,EcM
,EcM
,EcM
,AM
,AM
,AM
,AM
,AM
,AM
,AM
,AM
,AM
,AM
,AM
,AM
,AM
,AM
,AM
,AM
,EcM
,EcM
,AM
,EcM
,EcM
,EcM
,AM
,AM
,AM
,AM
,AM
,EcM
,NM
,AM
,AM
,AM
,AM
,AM
,AM
,AM
,AM
,AM
,AM
,AM
,AM
,AM
,EcM
,EcM
,EcM
,ErM
,ErM
,ErM
,ErM
,AM
,AM
,AM
,AM
,AM
,NM
,AM
,AM
,AM
,AM
,AM
,AM
,AM
,AM
,AM
,AM
,AM
,AM
,AM
,AM
,AM
,AM
,AM
,AM
,AM
,AM
,AM
,AM
,AM
,AM
,AM
,AM
,AM
,AM
,AM
,AM
,AM
,AM
,AM
,AM
,AM
,AM
,AM
,AM
,AM
,AM
,AM
,AM
-0.176173783,AM
,AM
,AM
,AM
,AM
0.848957231,AM
,AM
,AM
,AM
,AM
0.314124348,AM
,AM
,AM
0.441638587,AM
,EcM
,EcM
0.549322118,EcM
,EcM
,EcM
0.715919817,EcM
,AM
,AM
0.699707678,AM
,EcM
,EcM
0.612353586,EcM
,AM
,AM
,AM
,AM
,AM
,EcM
,EcM
,NM
,NM
,EcM
,NM
,NM
,NM
,NM
,NM
,NM
,NM
,NM
,EcM
,AM
,AM
,AM
,NM
,NM
,NM
,NM
,NM
,NM
,AM
,AM
,AM
,AM
,AM
,AM
,NM
,NM
,NM
,NM
,NM
,NM
,AM
,AM
,AM
,AM
,AM
,AM
,AM
,AM
,AM
,AM
,AM
,AM
,AM
,AM
,AM
,AM
,AM
1.615563642,AM
,AM
,AM
,AM
,AM
,AM
,AM
,AM
,AM
,AM
,AM
,AM
,AM
,AM
1.583165322,AM
,AM
,AM
,NM
,NM
,NM
,AM
,AM
,AM
,AM
,AM
,AM
,NM
,NM
,NM
,NM
,NM
,NM
,NM
,NM
,NM
,NM
,NM
,NM
,NM
,NM
,NM
,NM
,NM
,NM
,NM
,NM
1.302028809,NM
,NM
,NM
,NM
,NM
,NM
,NM
,NM
,NM
1.257400633,NM
,NM
,NM
,NM
,AM
,NM
,NM
,NM
,NM
,NM
,NM
,NM
,NM
,NM
,NM
,NM
,NM
,NM
,NM
1.171020481,NM
,NM
,NM
,NM
1.164161248,NM
,NM
,NM
,NM
1.197154801,NM
,NM
,NM
,NM
1.208648779,NM
,NM
,NM
,NM
1.216155078,NM
,NM
,NM
,NM
1.436383874,NM
,NM
,NM
,NM
1.458772724,NM
,NM
,NM
,NM
1.428374238,NM
,NM
,NM
,NM
1.45069134,NM
,NM
,NM
,NM
1.444633038,NM
,NM
,NM
,NM
,NM
,NM
1.131390552,NM
,NM
,NM
,NM
,NM
,NM
,NM
1.017603811,NM
,NM
,EcM
,EcM
,EcM
,EcM
,EcM
0.938406634,EcM
,EcM
,AM
,NM
,EcM
,NM
,NM
,NM
,NM
,NM
,EcM
,NM
,NM
,NM
1.181844445,NM
,NM
,NM
,EcM
,EcM
,EcM
1.147586983,EcM
,EcM
,EcM
,EcM
,EcM
,EcM
,EcM
1.00877726,EcM
,EcM
,EcM
,NM
,NM
,NM
,NM
1.175810324,NM
,NM
,NM
,AM
,AM
,AM
,AM
1.50810343,AM
,AM
,AM
,NM
,NM
,NM
,NM
,NM
,NM
,AM
,AM
,EcM
,EcM
,EcM
,EcM
,EcM
,EcM
,EcM
,EcM
,EcM
,EcM
,EcM
,EcM
,EcM
,EcM
,EcM
,EcM
,EcM
,EcM
,EcM
,EcM
,EcM
,EcM
,EcM
,EcM
,EcM
,EcM
,AM
,AM
,EcM
,EcM
,AM
,AM
,AM
,EcM
,EcM
,EcM
,EcM
,EcM
,EcM
,EcM
,EcM
,EcM
