lat,long,FT,ET,MT,log_stock,pH,MBC_g_kg,MBC,MBN,MAT,MAP,NDSI,TS,PS,MTW,MTC,MPW,MPC,bio_2,bio_7,bio_8,bio_9,bio_16,bio_17,NDVI,LAI,FPAR
53.38,122.27,Permafrost,Forest,EcM,0.25411284,5.73,0.036,0.01224,0.025,-4.9,490,17.1676998,1675.359985,102.5469971,15.5,-25.4500008,293,14,14.875,58.4000015,15.5,-25.4500008,293,14,0.393888,3.125327511,0.727641921
53.38,122.27,Permafrost,Forest,EcM,0.098048109,5.95,0.031,0.010416,0.022,-4.9,490,17.1676998,1675.359985,102.5469971,15.5,-25.4500008,293,14,14.875,58.4000015,15.5,-25.4500008,293,14,0.393888,3.125327511,0.727641921
53.38,122.27,Permafrost,Forest,EcM,0.317294287,5.68,0.089,0.027056,0.034,-4.9,490,17.1676998,1675.359985,102.5469971,15.5,-25.4500008,293,14,14.875,58.4000015,15.5,-25.4500008,293,14,0.393888,3.125327511,0.727641921
53.38,122.27,Permafrost,Forest,EcM,0.051715775,5.82,0.065,0.01963,0.039,-4.9,490,17.1676998,1675.359985,102.5469971,15.5,-25.4500008,293,14,14.875,58.4000015,15.5,-25.4500008,293,14,0.393888,3.125327511,0.727641921
53.38,122.27,Permafrost,Forest,EcM,0.657602681,5.87,0.053,0.019398,0.004,-4.9,490,17.1676998,1675.359985,102.5469971,15.5,-25.4500008,293,14,14.875,58.4000015,15.5,-25.4500008,293,14,0.393888,3.125327511,0.727641921
53.38,122.27,Permafrost,Forest,EcM,0.421899936,6.02,0.025,0.00925,0.002,-4.9,490,17.1676998,1675.359985,102.5469971,15.5,-25.4500008,293,14,14.875,58.4000015,15.5,-25.4500008,293,14,0.393888,3.125327511,0.727641921
51.87,121.91,Permafrost,Forest,EcM,1.308090379,5.48,0.434342011,0.058201829,0.071743282,-4,500,6.7214298,1658.599976,106.3499985,14.7833004,-25.9167004,318,15,15.1499996,59.2000008,14.7833004,-25.9167004,318,15,0.353157,2.965938865,0.704803493
52.42,122.87,Permafrost,Wetland,ErM,2.09067345,4.58,3.743,1.025582,0.035699756,-3.9,452,12.1788998,1643.910034,103.3059998,14.8999996,-25.2999992,325,15,14.9750004,57.7999992,14.8999996,-25.2999992,325,15,0.430922,3.145414847,0.686331878
52.42,122.87,Permafrost,Wetland,ErM,2.041003225,4.6,3.268,0.895432,0.035699756,-3.9,452,12.1788998,1643.910034,103.3059998,14.8999996,-25.2999992,325,15,14.9750004,57.7999992,14.8999996,-25.2999992,325,15,0.430922,3.145414847,0.686331878
51.13,125.14,Permafrost,Wetland,AM,1.626430297,7.0999999,0.390397003,0.086668135,0.045767566,-2.4,522,12.1014004,1604.51001,104.9049988,16.7833004,-22.5167007,331,15,14.4582996,57,16.7833004,-18.7000008,331,15,0.370996,2.947161572,0.684847162
51.13,125.14,Permafrost,Wetland,AM,1.65051809,7.0999999,0.390397003,0.086668135,0.045767566,-2.4,522,12.1014004,1604.51001,104.9049988,16.7833004,-22.5167007,331,15,14.4582996,57,16.7833004,-18.7000008,331,15,0.370996,2.947161572,0.684847162
51.15,125.15,Permafrost,Wetland,EcM,1.58342856,7.0999999,0.389865997,0.106823283,0.037081751,-2.4,522,12.559,1608.349976,104.3000031,16.8167,-22.5832996,330,15,14.5417004,57.2000008,16.8167,-22.5832996,330,15,0.361417,2.58558952,0.662882096
51.15,125.15,Permafrost,Wetland,EcM,1.515354631,7.0999999,0.389865997,0.106823283,0.037081751,-2.4,522,12.559,1608.349976,104.3000031,16.8167,-22.5832996,330,15,14.5417004,57.2000008,16.8167,-22.5832996,330,15,0.361417,2.58558952,0.662882096
52.99,122.11,Permafrost,Forest,EcM,1.768744361,7.0999999,0.428622009,0.117442431,0.045145986,-4.2,438,9.2787199,1746.900024,104.1029968,15.9499998,-26.7999992,292,15,16.125,61.4000015,15.9499998,-22.2000008,292,15,0.378652,2.407423581,0.637379913
52.99,122.11,Permafrost,Forest,EcM,1.592652089,7.0999999,0.428622009,0.117442431,0.045145986,-4.2,438,9.2787199,1746.900024,104.1029968,15.9499998,-26.7999992,292,15,16.125,61.4000015,15.9499998,-22.2000008,292,15,0.378652,2.407423581,0.637379913
53.04,122.05,Permafrost,Forest,EcM,1.824685225,6,0.264035004,0.083435061,0.038046837,-4.2,438,12.1511002,1716.719971,103.7850037,15.6167002,-26.3666992,295,14,15.8416996,60.2999992,15.6167002,-26.3666992,295,14,0.399646,2.663318777,0.672489083
53.04,122.05,Permafrost,Forest,EcM,1.647134608,6,0.264035004,0.083435061,0.038046837,-4.2,438,12.1511002,1716.719971,103.7850037,15.6167002,-26.3666992,295,14,15.8416996,60.2999992,15.6167002,-26.3666992,295,14,0.399646,2.663318777,0.672489083
51.89,121.91,Permafrost,Forest,EcM,1.016072244,7.0999999,0.434451996,0.119039847,0.035086131,-4.2,438,4.9176002,1657.160034,106.5770035,14.7666998,-25.9167004,319,15,15.2166996,59.2000008,14.7666998,-25.9167004,319,15,0.375984,3.121834061,0.707772926
51.89,121.91,Permafrost,Forest,EcM,0.945587552,7.0999999,0.434451996,0.119039847,0.035086131,-4.2,438,4.9176002,1657.160034,106.5770035,14.7666998,-25.9167004,319,15,15.2166996,59.2000008,14.7666998,-25.9167004,319,15,0.375984,3.121834061,0.707772926
52.28,122.29,Permafrost,Forest,EcM,1.924498508,6,0.250276001,0.079087216,0.03072595,-4.2,438,17.6648006,1707.689941,105.0749969,14.9666996,-26.8500004,318,15,15.7082996,60.2000008,14.9666996,-26.8500004,318,15,0.352671,2.472052402,0.647510917
52.28,122.29,Permafrost,Forest,EcM,1.805313561,6,0.250276001,0.079087216,0.03072595,-4.2,438,17.6648006,1707.689941,105.0749969,14.9666996,-26.8500004,318,15,15.7082996,60.2000008,14.9666996,-26.8500004,318,15,0.352671,2.472052402,0.647510917
51.13,125.14,Permafrost,Forest,EcM,1.77214198,3.99081,0.983026,0.269349124,0.102322,-2.3,500,12.1014004,1604.51001,104.9049988,16.7833004,-22.5167007,331,15,14.4582996,57,16.7833004,-18.7000008,331,15,0.370996,2.947161572,0.684847162
51.13,125.14,Permafrost,Forest,EcM,1.727843076,3.91318,0.866579,0.237442646,0.0913934,-2.3,500,12.1014004,1604.51001,104.9049988,16.7833004,-22.5167007,331,15,14.4582996,57,16.7833004,-18.7000008,331,15,0.370996,2.947161572,0.684847162
51.13,125.14,Permafrost,Forest,EcM,1.167440887,4.22924,0.827763,0.226807062,0.0903005,-2.3,500,12.1014004,1604.51001,104.9049988,16.7833004,-22.5167007,331,15,14.4582996,57,16.7833004,-18.7000008,331,15,0.370996,2.947161572,0.684847162
51.13,125.14,Permafrost,Forest,EcM,1.07317097,4.18488,0.858816,0.235315584,0.0875683,-2.3,500,12.1014004,1604.51001,104.9049988,16.7833004,-22.5167007,331,15,14.4582996,57,16.7833004,-18.7000008,331,15,0.370996,2.947161572,0.684847162
51.13,125.14,Permafrost,Forest,EcM,0.809929536,4.24033,1.17711,0.32252814,0.0919399,-2.3,500,12.1014004,1604.51001,104.9049988,16.7833004,-22.5167007,331,15,14.4582996,57,16.7833004,-18.7000008,331,15,0.370996,2.947161572,0.684847162
51.13,125.14,Permafrost,Forest,EcM,0.700785066,4.29024,1.35566,0.37145084,0.0903005,-2.3,500,12.1014004,1604.51001,104.9049988,16.7833004,-22.5167007,331,15,14.4582996,57,16.7833004,-18.7000008,331,15,0.370996,2.947161572,0.684847162
51.12,125.14,Permafrost,Forest,EcM,0.596049716,4.81701,0.408553,0.111943522,0.0913934,-2.3,500,12.1014004,1598.439941,105.1009979,16.6833,-22.4666996,334,14,14.4083004,56.7999992,16.6833,-22.4666996,334,14,0.419549,2.947161572,0.684847162
51.12,125.14,Permafrost,Forest,EcM,0.633838277,4.80592,0.369737,0.101307938,0.090847,-2.3,500,12.1014004,1598.439941,105.1009979,16.6833,-22.4666996,334,14,14.4083004,56.7999992,16.6833,-22.4666996,334,14,0.419549,2.947161572,0.684847162
52,123,Permafrost,Forest,EcM,1.05803782,6,0.246020004,0.077742321,0.030937342,-3,350,7.9060602,1591.900024,104.3330002,14.25,-24.6333008,351,16,14.6583004,56.2000008,14.25,-24.6333008,351,16,0.467418,3.226637555,0.695764192
52,123,Permafrost,Wetland,AM,1.152824016,6,0.246020004,0.077742321,0.030937342,-3,350,7.9060602,1591.900024,104.3330002,14.25,-24.6333008,351,16,14.6583004,56.2000008,14.25,-24.6333008,351,16,0.467418,3.226637555,0.695764192
52,123,Permafrost,Forest,EcM,0.975085211,6,0.246020004,0.077742321,0.030937342,-3,350,7.9060602,1591.900024,104.3330002,14.25,-24.6333008,351,16,14.6583004,56.2000008,14.25,-24.6333008,351,16,0.467418,3.226637555,0.695764192
52,123,Permafrost,Wetland,AM,1.183968401,6,0.246020004,0.077742321,0.030937342,-3,350,7.9060602,1591.900024,104.3330002,14.25,-24.6333008,351,16,14.6583004,56.2000008,14.25,-24.6333008,351,16,0.467418,3.226637555,0.695764192
52.28,122.28,Permafrost,Forest,EcM,1.920520441,4.74,0.250276001,0.079087216,0.03072595,-4.2,438,17.6648006,1708.640015,105.3010025,14.9666996,-26.8666992,318,15,15.7333002,60.2000008,14.9666996,-26.8666992,318,15,0.36229,2.472052402,0.647510917
52.28,122.28,Permafrost,Forest,EcM,1.798160258,4.82,0.250276001,0.079087216,0.03072595,-4.2,438,17.6648006,1708.640015,105.3010025,14.9666996,-26.8666992,318,15,15.7333002,60.2000008,14.9666996,-26.8666992,318,15,0.36229,2.472052402,0.647510917
51.89,121.9,Permafrost,Forest,EcM,1.015042403,5.36,0.434451996,0.119039847,0.035086131,-4.2,438,6.1280398,1657.160034,106.5770035,14.7666998,-25.9167004,319,15,15.2166996,59.2000008,14.7666998,-25.9167004,319,15,0.375984,2.818777293,0.692969432
51.89,121.9,Permafrost,Forest,EcM,0.943829209,5.42,0.434451996,0.119039847,0.035086131,-4.2,438,6.1280398,1657.160034,106.5770035,14.7666998,-25.9167004,319,15,15.2166996,59.2000008,14.7666998,-25.9167004,319,15,0.375984,2.818777293,0.692969432
51.58,124.28,Permafrost,Wetland,ErM,2.119476188,4.23,0.245278,0.077507848,0.030343883,-3.6,498,12.6618004,1592.560059,104.8899994,15.2166996,-23.7833004,345,12,14.8832998,57.2000008,15.2166996,-23.7833004,345,12,0.485953,3.569432314,0.725633188
52.25,122.64,Permafrost,Wetland,ErM,2.034916623,4.88462,0.247783997,0.078299743,0.030954852,-5,430,12.7136002,1635.189941,102.4919968,14.25,-25.75,335,15,15.0916996,57.7999992,14.25,-25.75,335,15,0.376985,2.88209607,0.682751092
52.94,122.86,Permafrost,Wetland,EcM,1.948295573,4.83,6.78,1.85772,0.043007055,-3.9,450,13.6177998,1736.969971,103.413002,16.2166996,-26.2166996,297,14,15.6000004,60.4000015,16.2166996,-26.2166996,297,14,0.393078,2.487336245,0.652576419
52.42,122.87,Permafrost,Wetland,ErM,2.126170385,4.6,3.627,0.993798,0.035699756,-3.9,452,12.1788998,1643.910034,103.3059998,14.8999996,-25.2999992,325,15,14.9750004,57.7999992,14.8999996,-25.2999992,325,15,0.430922,3.145414847,0.686331878
52.42,122.87,Permafrost,Wetland,ErM,2.046276596,4.6,3.186,0.872964,0.035699756,-3.9,452,12.1788998,1643.910034,103.3059998,14.8999996,-25.2999992,325,15,14.9750004,57.7999992,14.8999996,-25.2999992,325,15,0.430922,3.145414847,0.686331878
52.94,122.86,Permafrost,Wetland,EcM,1.856897985,7.0999999,6.8,1.5096,1,-3.9,450,13.6177998,1736.969971,103.413002,16.2166996,-26.2166996,297,14,15.6000004,60.4000015,16.2166996,-26.2166996,297,14,0.393078,2.487336245,0.652576419
52.94,122.86,Permafrost,Wetland,EcM,1.948295573,7.0999999,5.6,1.5344,0.56,-3.9,450,13.6177998,1736.969971,103.413002,16.2166996,-26.2166996,297,14,15.6000004,60.4000015,16.2166996,-26.2166996,297,14,0.393078,2.487336245,0.652576419
47.58,133.52,Seasonally frozen ground,Wetland,AM,1.202673547,5.7,0.442911011,0.121357617,0.034597081,2.5,580,21.0009003,1566.76001,86.3098984,19.9832993,-18.75,340,27,10.7166996,53.0999985,19.9832993,-18.75,340,27,0.304837,1.891629956,0.558898678
48.12,128.63,Permafrost,Wetland,EcM,1.072617477,7.0999999,0.397799988,0.015912,0.246105003,0.4,630,7.3896298,1559.199951,102.6200027,18.4500008,-19.9666996,393,20,13.375,56,18.4500008,-19.9666996,393,20,0.41547,3.457268722,0.706387665
48.12,128.63,Permafrost,Wetland,EcM,1.173535895,7.0999999,0.397799988,0.015912,0.246105003,0.4,630,7.3896298,1559.199951,102.6200027,18.4500008,-19.9666996,393,20,13.375,56,18.4500008,-19.9666996,393,20,0.41547,3.457268722,0.706387665
48.12,128.63,Permafrost,Wetland,EcM,1.151614972,7.0999999,0.397799988,0.023867999,0.164070002,0.4,630,7.3896298,1559.199951,102.6200027,18.4500008,-19.9666996,393,20,13.375,56,18.4500008,-19.9666996,393,20,0.41547,3.457268722,0.706387665
48.12,128.63,Permafrost,Wetland,EcM,1.224688417,7.0999999,0.397799988,0.031823999,0.123052502,0.4,630,7.3896298,1559.199951,102.6200027,18.4500008,-19.9666996,393,20,13.375,56,18.4500008,-19.9666996,393,20,0.41547,3.457268722,0.706387665
48.12,128.63,Permafrost,Wetland,EcM,1.115011071,7.0999999,0.397799988,0.031823999,0.123052502,0.4,630,7.3896298,1559.199951,102.6200027,18.4500008,-19.9666996,393,20,13.375,56,18.4500008,-19.9666996,393,20,0.41547,3.457268722,0.706387665
48.12,128.63,Permafrost,Wetland,EcM,1.098712931,7.0999999,0.397799988,0.095471997,0.041017501,0.4,630,7.3896298,1559.199951,102.6200027,18.4500008,-19.9666996,393,20,13.375,56,18.4500008,-19.9666996,393,20,0.41547,3.457268722,0.706387665
48.12,128.63,Permafrost,Wetland,EcM,1.240049772,7.0999999,0.397799988,0.079559998,0.049221001,0.4,630,7.3896298,1559.199951,102.6200027,18.4500008,-19.9666996,393,20,13.375,56,18.4500008,-19.9666996,393,20,0.41547,3.457268722,0.706387665
48.12,128.63,Permafrost,Wetland,EcM,1.230039981,7.0999999,0.397799988,0.087515997,0.044746364,0.4,630,7.3896298,1559.199951,102.6200027,18.4500008,-19.9666996,393,20,13.375,56,18.4500008,-19.9666996,393,20,0.41547,3.457268722,0.706387665
48.12,128.63,Permafrost,Wetland,EcM,1.258301976,7.0999999,0.397799988,0.023867999,0.164070002,0.4,630,7.3896298,1559.199951,102.6200027,18.4500008,-19.9666996,393,20,13.375,56,18.4500008,-19.9666996,393,20,0.41547,3.457268722,0.706387665
48.12,128.63,Permafrost,Wetland,EcM,1.145631415,7.0999999,0.397799988,0.015912,0.246105003,0.4,630,7.3896298,1559.199951,102.6200027,18.4500008,-19.9666996,393,20,13.375,56,18.4500008,-19.9666996,393,20,0.41547,3.457268722,0.706387665
51.37,125.47,Permafrost,Wetland,EcM,0.241506635,5.87,0.245169006,0.06178259,0.040319047,-3,440,4.8370099,1576.329956,103.0400009,16.4832993,-22.1166992,334,15,13.9167004,55.7999992,16.4832993,-22.1166992,334,15,0.48736,4.053275109,0.766375546
51.37,125.47,Permafrost,Wetland,EcM,0.39814842,6.72,0.245169006,0.063743942,0.039078461,-3,440,4.8370099,1576.329956,103.0400009,16.4832993,-22.1166992,334,15,13.9167004,55.7999992,16.4832993,-22.1166992,334,15,0.48736,4.053275109,0.766375546
51.37,125.47,Permafrost,Wetland,EcM,0.305351369,7.46,0.245169006,0.061292252,0.040641599,-3,440,4.8370099,1576.329956,103.0400009,16.4832993,-22.1166992,334,15,13.9167004,55.7999992,16.4832993,-22.1166992,334,15,0.48736,4.053275109,0.766375546
51.37,125.47,Permafrost,Wetland,EcM,0.377626753,7.38,0.245169006,0.060801914,0.040969354,-3,440,4.8370099,1576.329956,103.0400009,16.4832993,-22.1166992,334,15,13.9167004,55.7999992,16.4832993,-22.1166992,334,15,0.48736,4.053275109,0.766375546
51.94,123.59,Permafrost,Forest,EcM,1.303860603,7.0999999,0.377871002,0.103536655,0.035092458,-2.12,490,10.4316998,1649.23999,102.2570038,15.6499996,-24.7833004,322,17,14.7917004,58.5,15.6499996,-24.7833004,322,17,0.343653,1.995196507,0.577030568
52.16,124.81,Permafrost,Forest,EcM,1.192786497,7.1999998,0.314644989,0.086212727,0.05340876,-2.12,490,6.6303,1635.829956,99.7966003,16.6667004,-23.2833004,317,16,13.8583002,56.7000008,16.6667004,-23.2833004,317,16,0.467652,3.926637555,0.774017467
52.93,122.87,Permafrost,Wetland,ErM,2.031395859,5.75,0.253675995,0.080161614,0.037290927,-4.3,465,18.3852997,1726.839966,102.5009995,15.9499998,-26.2332993,300,14,15.5500002,60.0999985,15.9499998,-26.2332993,300,14,0.421577,3.402183406,0.741572052
47.48,133.35,Seasonally frozen ground,Wetland,AM,1.15807528,5.85,0.442053986,0.121122792,0.057239416,2.5,558,23.7320004,1565.02002,86.8639984,20.0499992,-18.6333008,337,25,10.875,53.2000008,20.0499992,-18.6333008,337,25,0.30483,2.457709251,0.574933921
49.45,123.31,Permafrost,Forest,EcM,0.945244585,6,0.247705994,0.078275094,0.031087342,-1.1,480,2.34165,1466.189941,118.939003,16.7667007,-19.1333008,357,9,14.3167,53.2999992,16.7667007,-19.1333008,357,9,0.470239,4.270484582,0.792026432
51.58,122.63,Permafrost,Forest,EcM,1.387603561,6,0.245315002,0.077519541,0.030937342,-5.3,450,9.0860205,1610.689941,107.1849976,13.7166996,-25.7667007,350,15,15.875,58.7000008,13.7166996,-25.7667007,350,15,0.346361,2.429694323,0.615458515
52.94,122.87,Permafrost,Wetland,EcM,1.086156163,5.08,0.2858,0.0102888,0.327331472,-3.9,450,15.8376999,1731.280029,103.6399994,16.0832996,-26.2000008,298,14,15.5583,60.2000008,16.0832996,-26.2000008,298,14,0.396081,2.931004367,0.695283843
52.94,122.87,Permafrost,Wetland,EcM,0.942142043,5.29,0.15068,0.03284824,0.054054739,-3.9,450,15.8376999,1731.280029,103.6399994,16.0832996,-26.2000008,298,14,15.5583,60.2000008,16.0832996,-26.2000008,298,14,0.396081,2.931004367,0.695283843
53.47,122.33,Permafrost,Wetland,EcM,1.245060268,5.26,0.322816986,0.088451854,0.043878834,-3.3,442.95,11.0199003,1798.890015,100.7549973,16.7833004,-27.1333008,271,14,15.7666998,62.2999992,16.7833004,-27.1333008,271,14,0.404515,3.366812227,0.756026201
53.56,122.34,Permafrost,Wetland,AM,1.267113506,6.4000001,0.349756012,0.096532659,0.034091788,-3,450,9.8579197,1742.390015,99.5912018,16.5832996,-25.9832993,273,15,15.6917,60.7999992,16.5832996,-25.9832993,273,15,0.429068,,
53.56,122.34,Permafrost,Forest,EcM,0.544028336,6.4000001,0.349756012,0.096532659,0.034091788,-3,450,9.8579197,1742.390015,99.5912018,16.5832996,-25.9832993,273,15,15.6917,60.7999992,16.5832996,-25.9832993,273,15,0.429068,,
53.56,122.34,Permafrost,Forest,EcM,0.988929777,6.4000001,0.349756012,0.096532659,0.034091788,-3,450,9.8579197,1742.390015,99.5912018,16.5832996,-25.9832993,273,15,15.6917,60.7999992,16.5832996,-25.9832993,273,15,0.416314,,
53.45,122.28,Permafrost,Wetland,EcM,0.678951547,6,0.269673004,0.085216669,0.038046837,-3,400,14.1652002,1712.640015,103.2210007,16.1667004,-25.7000008,281,11,14.875,59.5,16.1667004,-25.7000008,281,11,0.300196,3.987772926,0.79580786
53.45,122.28,Permafrost,Wetland,EcM,0.377634034,6,0.269673004,0.085216669,0.038046837,-3,400,14.1652002,1712.640015,103.2210007,16.1667004,-25.7000008,281,11,14.875,59.5,16.1667004,-25.7000008,281,11,0.447456,3.987772926,0.79580786
53.45,122.28,Permafrost,Wetland,EcM,0.52376207,6,0.269673004,0.085216669,0.038046837,-3,400,14.1652002,1712.640015,103.2210007,16.1667004,-25.7000008,281,11,14.875,59.5,16.1667004,-25.7000008,281,11,0.340964,3.987772926,0.79580786
52.89,123.17,Permafrost,Wetland,EcM,2.141161193,4.6,0.2645,0.083582,0.039748313,-4.3,452,9.6195602,1690.670044,99.990097,15.6833,-25.6000004,308,18,15.0583,58.7000008,15.6833,-21.3833008,308,18,0.351748,3.358078603,0.707554585
44.55,123.52,Seasonally frozen ground,Grassland,AM,0.447874027,9.6,0.150270004,0.048386941,0.030006211,5.7,375,6.8486199,1423.170044,114.0930023,22.8500004,-12.2166996,318,8,12.0166998,49.9000015,22.8500004,-12.2166996,318,8,0.240036,1.113656388,0.43030837
44.55,123.52,Seasonally frozen ground,Grassland,AM,0.225526375,10.2,0.150270004,0.048386941,0.030006211,5.7,375,6.8486199,1423.170044,114.0930023,22.8500004,-12.2166996,318,8,12.0166998,49.9000015,22.8500004,-12.2166996,318,8,0.240036,1.113656388,0.43030837
44.55,123.52,Seasonally frozen ground,Grassland,AM,0.24663643,9.8,0.150270004,0.048386941,0.030006211,5.7,375,6.8486199,1423.170044,114.0930023,22.8500004,-12.2166996,318,8,12.0166998,49.9000015,22.8500004,-12.2166996,318,8,0.240036,1.113656388,0.43030837
44.55,123.52,Seasonally frozen ground,Grassland,AM,0.160102213,10,0.150270004,0.048386941,0.030006211,5.7,375,6.8486199,1423.170044,114.0930023,22.8500004,-12.2166996,318,8,12.0166998,49.9000015,22.8500004,-12.2166996,318,8,0.240036,1.113656388,0.43030837
44.55,123.52,Seasonally frozen ground,Grassland,AM,0.112081925,9.5,0.150270004,0.048386941,0.030006211,5.7,375,6.8486199,1423.170044,114.0930023,22.8500004,-12.2166996,318,8,12.0166998,49.9000015,22.8500004,-12.2166996,318,8,0.240036,1.113656388,0.43030837
44.55,123.52,Seasonally frozen ground,Grassland,AM,0.440329636,9.4,0.150270004,0.048386941,0.030006211,5.7,375,6.8486199,1423.170044,114.0930023,22.8500004,-12.2166996,318,8,12.0166998,49.9000015,22.8500004,-12.2166996,318,8,0.240036,1.113656388,0.43030837
44.55,123.52,Seasonally frozen ground,Grassland,AM,0.242655701,9.5,0.150270004,0.048386941,0.030006211,5.7,375,6.8486199,1423.170044,114.0930023,22.8500004,-12.2166996,318,8,12.0166998,49.9000015,22.8500004,-12.2166996,318,8,0.31882,1.113656388,0.43030837
44.75,123.75,Seasonally frozen ground,Forest,EcM,0.953193145,7.19,0.352587006,0.097314014,0.035007246,5.5,432,7.9904299,1443.439941,123.1429977,22.5333004,-13.0333004,314,5,12,50.4000015,22.5333004,-13.0333004,314,5,0.31882,1.409251101,0.522643172
44.75,123.75,Seasonally frozen ground,Forest,EcM,0.955855087,7.32,0.352587006,0.097314014,0.035007246,5.5,432,7.9904299,1443.439941,123.1429977,22.5333004,-13.0333004,314,5,12,50.4000015,22.5333004,-13.0333004,314,5,0.31882,1.409251101,0.522643172
44.75,123.75,Seasonally frozen ground,Grassland,AM,0.809195967,7.69,0.352587006,0.097314014,0.035007246,5.5,432,7.9904299,1443.439941,123.1429977,22.5333004,-13.0333004,314,5,12,50.4000015,22.5333004,-13.0333004,314,5,0.350359,1.409251101,0.522643172
44.75,123.75,Seasonally frozen ground,Grassland,AM,0.838153663,8.89,0.352587006,0.097314014,0.035007246,5.5,432,7.9904299,1443.439941,123.1429977,22.5333004,-13.0333004,314,5,12,50.4000015,22.5333004,-13.0333004,314,5,0.350359,1.409251101,0.522643172
42.7,122.48,Seasonally frozen ground,Grassland,AM,-0.295849483,6.8000002,0.135626007,0.038517786,0.032536854,7.7,474,2.72014,1328.650024,110.6169968,22.4832993,-10.3000002,339,8,12.1332998,47.2999992,22.4832993,-10.3000002,339,8,0.350359,1.268722467,0.470440529
42.7,122.48,Seasonally frozen ground,Grassland,EcM,-0.156767222,6.8000002,0.135626007,0.038517786,0.032536854,7.7,474,2.72014,1328.650024,110.6169968,22.4832993,-10.3000002,339,8,12.1332998,47.2999992,22.4832993,-10.3000002,339,8,0.350359,1.268722467,0.470440529
42.7,122.48,Seasonally frozen ground,Grassland,EcM,-0.145693958,6.8000002,0.135626007,0.038517786,0.032536854,7.7,474,2.72014,1328.650024,110.6169968,22.4832993,-10.3000002,339,8,12.1332998,47.2999992,22.4832993,-10.3000002,339,8,0.350359,1.268722467,0.470440529
42.7,122.48,Seasonally frozen ground,Grassland,EcM,-0.199282922,6.8000002,0.135626007,0.038517786,0.032536854,7.7,474,2.72014,1328.650024,110.6169968,22.4832993,-10.3000002,339,8,12.1332998,47.2999992,22.4832993,-10.3000002,339,8,0.350359,1.268722467,0.470440529
42.7,122.48,Seasonally frozen ground,Grassland,EcM,-0.225483034,6.8000002,0.135626007,0.038517786,0.032536854,7.7,474,2.72014,1328.650024,110.6169968,22.4832993,-10.3000002,339,8,12.1332998,47.2999992,22.4832993,-10.3000002,339,8,0.350359,1.268722467,0.470440529
42.7,122.48,Seasonally frozen ground,Grassland,EcM,-0.164943898,6.8000002,0.135626007,0.038517786,0.032536854,7.7,474,2.72014,1328.650024,110.6169968,22.4832993,-10.3000002,339,8,12.1332998,47.2999992,22.4832993,-10.3000002,339,8,0.350359,1.268722467,0.470440529
42.7,122.48,Seasonally frozen ground,Grassland,EcM,-0.206209615,6.8000002,0.135626007,0.038517786,0.032536854,7.7,474,2.72014,1328.650024,110.6169968,22.4832993,-10.3000002,339,8,12.1332998,47.2999992,22.4832993,-10.3000002,339,8,0.350359,1.268722467,0.470440529
"
45.365278","
132.333333",Seasonally frozen ground,Wetland,AM,1.076591806,6,1.056,0.09722653,0.134239047,3.1,750,20.3871002,1399.52002,76.0548019,20.2667007,-14.2833004,294,27,10.7333002,48.9000015,19.2833004,-14.2833004,295,27,0.31882,1.110572687,0.451189427
44.73,123.73,Seasonally frozen ground,Grassland,AM,0.292256071,9.26,0.355188995,0.112950101,0.030383648,5.5,375,7.40659,1439.640015,122.7600021,22.5499992,-12.9333,312,5,12.0417004,50.2999992,22.5499992,-12.9333,312,5,0.31882,1.357709251,0.513920705
47.58,133.52,Seasonally frozen ground,Wetland,NM,1.179838928,7.0999999,0.442911011,0.07883816,0.053256181,3,560,21.0009003,1566.76001,86.3098984,19.9832993,-18.75,340,27,10.7166996,53.0999985,19.9832993,-18.75,340,27,0.304837,1.891629956,0.558898678
47.58,133.52,Seasonally frozen ground,Wetland,EcM,1.180068501,7.0999999,0.442911011,0.077066516,0.054480461,3,560,21.0009003,1566.76001,86.3098984,19.9832993,-18.75,340,27,10.7166996,53.0999985,19.9832993,-18.75,340,27,0.304837,1.891629956,0.558898678
47.58,133.52,Seasonally frozen ground,Wetland,EcM,1.18999534,7.0999999,0.442911011,0.077952338,0.053861365,3,560,21.0009003,1566.76001,86.3098984,19.9832993,-18.75,340,27,10.7166996,53.0999985,19.9832993,-18.75,340,27,0.304837,1.891629956,0.558898678
47.58,133.52,Seasonally frozen ground,Wetland,EcM,1.194292282,7.0999999,0.442911011,0.06997994,0.05999747,3,560,21.0009003,1566.76001,86.3098984,19.9832993,-18.75,340,27,10.7166996,53.0999985,19.9832993,-18.75,340,27,0.304837,1.891629956,0.558898678
47.58,133.52,Seasonally frozen ground,Wetland,NM,1.114610984,7.0999999,0.442911011,0.082381448,0.050965593,3,560,21.0009003,1566.76001,86.3098984,19.9832993,-18.75,340,27,10.7166996,53.0999985,19.9832993,-18.75,340,27,0.304837,1.891629956,0.558898678
47.58,133.52,Seasonally frozen ground,Wetland,EcM,1.132835804,7.0999999,0.442911011,0.082381448,0.050965593,3,560,21.0009003,1566.76001,86.3098984,19.9832993,-18.75,340,27,10.7166996,53.0999985,19.9832993,-18.75,340,27,0.356784,1.891629956,0.558898678
47.58,133.52,Seasonally frozen ground,Wetland,EcM,1.122150319,7.0999999,0.442911011,0.081495626,0.051519567,3,560,21.0009003,1566.76001,86.3098984,19.9832993,-18.75,340,27,10.7166996,53.0999985,19.9832993,-18.75,340,27,0.356784,1.891629956,0.558898678
47.58,133.52,Seasonally frozen ground,Wetland,EcM,1.139123134,7.0999999,0.442911011,0.07440905,0.056426192,3,560,21.0009003,1566.76001,86.3098984,19.9832993,-18.75,340,27,10.7166996,53.0999985,19.9832993,-18.75,340,27,0.356784,1.891629956,0.558898678
46.69,132.67,Seasonally frozen ground,Grassland,NM,0.779382899,7.0999999,0.393588989,0.107843383,0.06084915,4.3,566.4,21.6867008,1505.329956,86.7113037,20.4832993,-16.7833004,310,20,10.7333002,51.7000008,20.4832993,-16.7833004,310,20,0.314597,2.534361233,0.645550661
46.69,132.67,Seasonally frozen ground,Grassland,NM,0.779382899,7.0999999,0.393588989,0.107843383,0.06084915,4.7,381.9,21.6867008,1505.329956,86.7113037,20.4832993,-16.7833004,310,20,10.7333002,51.7000008,20.4832993,-16.7833004,310,20,0.314597,2.534361233,0.645550661
46.69,132.67,Seasonally frozen ground,Grassland,NM,0.757273012,7.0999999,0.393588989,0.107843383,0.06084915,4.2,488.6,21.6867008,1505.329956,86.7113037,20.4832993,-16.7833004,310,20,10.7333002,51.7000008,20.4832993,-16.7833004,310,20,0.314597,2.534361233,0.645550661
46.69,132.67,Seasonally frozen ground,Grassland,NM,0.779382899,7.0999999,0.393588989,0.107843383,0.06084915,4.3,566.4,21.6867008,1505.329956,86.7113037,20.4832993,-16.7833004,310,20,10.7333002,51.7000008,20.4832993,-16.7833004,310,20,0.314597,2.534361233,0.645550661
46.69,132.67,Seasonally frozen ground,Grassland,NM,0.779382899,7.0999999,0.393588989,0.107843383,0.06084915,4.7,381.9,21.6867008,1505.329956,86.7113037,20.4832993,-16.7833004,310,20,10.7333002,51.7000008,20.4832993,-16.7833004,310,20,0.314597,2.534361233,0.645550661
46.69,132.67,Seasonally frozen ground,Grassland,NM,0.757273012,7.0999999,0.393588989,0.107843383,0.06084915,4.2,488.6,21.6867008,1505.329956,86.7113037,20.4832993,-16.7833004,310,20,10.7333002,51.7000008,20.4832993,-16.7833004,310,20,0.314597,2.534361233,0.645550661
46.69,132.67,Seasonally frozen ground,Grassland,NM,0.779382899,7.0999999,0.393588989,0.107843383,0.06084915,4.3,566.4,21.6867008,1505.329956,86.7113037,20.4832993,-16.7833004,310,20,10.7333002,51.7000008,20.4832993,-16.7833004,310,20,0.310669,2.534361233,0.645550661
46.69,132.67,Seasonally frozen ground,Grassland,NM,0.779382899,7.0999999,0.393588989,0.107843383,0.06084915,4.7,381.9,21.6867008,1505.329956,86.7113037,20.4832993,-16.7833004,310,20,10.7333002,51.7000008,20.4832993,-16.7833004,310,20,0.310669,2.534361233,0.645550661
46.69,132.67,Seasonally frozen ground,Grassland,NM,0.757273012,7.0999999,0.393588989,0.107843383,0.06084915,4.2,488.6,21.6867008,1505.329956,86.7113037,20.4832993,-16.7833004,310,20,10.7333002,51.7000008,20.4832993,-16.7833004,310,20,0.310669,2.534361233,0.645550661
45.38,132.33,Seasonally frozen ground,Wetland,AM,2.048289813,6,0.246891007,0.07604243,0.040128138,3.1,750,13.9463997,1405.98999,79.0269012,20.2833004,-14.4333,297,28,11.0583,49.2999992,20.2833004,-14.4333,297,28,0.244314,2.167400881,0.549867841
45.38,132.33,Seasonally frozen ground,Wetland,AM,2.058427695,6,0.246891007,0.07604243,0.040128138,3.1,750,13.9463997,1405.98999,79.0269012,20.2833004,-14.4333,297,28,11.0583,49.2999992,20.2833004,-14.4333,297,28,0.299302,2.167400881,0.549867841
48.95,125.12,Seasonally frozen ground,Grassland,AM,0.854777898,5.4,0.254639008,0.050927802,0.058430335,0.4,550,24.5580006,1616.569946,116.4179993,19.1833,-20.5667,335,8,12.8667002,55.4000015,19.1833,-20.5667,335,8,0.188192,2.92907489,0.674052863
48.99,125.16,Seasonally frozen ground,Forest,EcM,0.553184433,6.2,0.237214005,0.061675641,0.044946411,0.4,550,20.7413998,1607.160034,116.8580017,19,-20.5333004,341,8,12.7333002,55.0999985,19,-20.5333004,341,8,0.188192,2.840528634,0.675682819
45.6,123.85,Seasonally frozen ground,Grassland,AM,0.351022885,7.8000002,0.27475,0.072534005,0.027785099,4,413.7,7.35535,1479.699951,115.4570007,22.5333004,-13.9666996,309,8,11.8583002,51.2000008,22.5333004,-13.9666996,309,8,0.188192,1.014096916,0.41123348
45.6,123.85,Seasonally frozen ground,Grassland,AM,0.213995649,7.8000002,0.27475,0.072534005,0.027785099,4,413.7,7.35535,1479.699951,115.4570007,22.5333004,-13.9666996,309,8,11.8583002,51.2000008,22.5333004,-13.9666996,309,8,0.188192,1.014096916,0.41123348
51.13,125.14,Permafrost,Wetland,ErM,1.740687263,7.0999999,0.390397003,0.106968779,0.037081751,-2.2,522,12.1014004,1604.51001,104.9049988,16.7833004,-22.5167007,331,15,14.4582996,57,16.7833004,-18.7000008,331,15,0.304837,2.947161572,0.684847162
46.53,124.43,Seasonally frozen ground,Grassland,AM,0.476499429,9.1,0.104060997,0.024766517,0.036639777,4,420,9.4251204,1537.069946,119.6600037,22.0333004,-15.8999996,308,6,11.8916998,52.9000015,22.0333004,-15.8999996,308,6,0.317489,1.74845815,0.55814978
46.53,124.43,Seasonally frozen ground,Grassland,AM,0.504961004,9.2,0.104060997,0.025390883,0.035738799,4,420,9.4251204,1537.069946,119.6600037,22.0333004,-15.8999996,308,6,11.8916998,52.9000015,22.0333004,-15.8999996,308,6,0.333588,1.74845815,0.55814978
46.53,124.43,Seasonally frozen ground,Grassland,AM,0.472461181,9.9,0.104060997,0.025599005,0.03544824,4,420,9.4251204,1537.069946,119.6600037,22.0333004,-15.8999996,308,6,11.8916998,52.9000015,22.0333004,-15.8999996,308,6,0.333588,1.74845815,0.55814978
46.53,124.43,Seasonally frozen ground,Grassland,AM,0.427144822,9,0.104060997,0.024350273,0.037266098,4,420,9.4251204,1537.069946,119.6600037,22.0333004,-15.8999996,308,6,11.8916998,52.9000015,22.0333004,-15.8999996,308,6,0.333588,1.74845815,0.55814978
46,125.82,Seasonally frozen ground,Grassland,AM,0.536151093,9.6,0.294468994,0.073617249,0.048769333,4.2,475,16.7315006,1518.050049,115.1080017,21.7166996,-15.7666998,337,9,11.8167,52.2000008,21.7166996,-15.7666998,337,9,0.333588,2.57753304,0.603744493
46,125.82,Seasonally frozen ground,Grassland,AM,0.473156608,9.4,0.294468994,0.073617249,0.048769333,4.2,475,16.7315006,1518.050049,115.1080017,21.7166996,-15.7666998,337,9,11.8167,52.2000008,21.7166996,-15.7666998,337,9,0.296508,2.57753304,0.603744493
46,125.82,Seasonally frozen ground,Grassland,AM,0.345889756,10.1,0.294468994,0.069494683,0.051662429,4.2,475,16.7315006,1518.050049,115.1080017,21.7166996,-15.7666998,337,9,11.8167,52.2000008,21.7166996,-15.7666998,337,9,0.296508,2.57753304,0.603744493
46,125.82,Seasonally frozen ground,Grassland,AM,0.502116477,9.9,0.294468994,0.075384062,0.047626302,4.2,475,16.7315006,1518.050049,115.1080017,21.7166996,-15.7666998,337,9,11.8167,52.2000008,21.7166996,-15.7666998,337,9,0.296508,2.57753304,0.603744493
47.13,124.83,Seasonally frozen ground,Grassland,AM,0.202795432,10.4,0.383819,0.09595475,0.022116132,4,417.2,12.4636002,1549.780029,120.9229965,21.4666996,-16.8500004,307,6,11.8249998,52.9000015,21.4666996,-16.8500004,307,6,0.296508,1.78061674,0.520352423
47.13,124.83,Seasonally frozen ground,Grassland,AM,-0.022117322,10.4,0.383819,0.098257664,0.021597785,4,417.2,12.4636002,1549.780029,120.9229965,21.4666996,-16.8500004,307,6,11.8249998,52.9000015,21.4666996,-16.8500004,307,6,0.31435,1.78061674,0.520352423
47.13,124.83,Seasonally frozen ground,Grassland,AM,0.049334966,10,0.383819,0.085207818,0.024905554,4,417.2,12.4636002,1549.780029,120.9229965,21.4666996,-16.8500004,307,6,11.8249998,52.9000015,21.4666996,-16.8500004,307,6,0.315282,1.78061674,0.520352423
47.13,124.83,Seasonally frozen ground,Grassland,AM,0.08027149,10.2,0.383819,0.093651836,0.022659971,4,417.2,12.4636002,1549.780029,120.9229965,21.4666996,-16.8500004,307,6,11.8249998,52.9000015,21.4666996,-16.8500004,307,6,0.315282,1.78061674,0.520352423
45.24,124.81,Seasonally frozen ground,Wetland,AM,-0.606459893,7.88,0.34807901,0.032023269,0.138734776,4.6,420.6,9.7454796,1509.819946,118.2450027,22.1667004,-15.1167002,328,8,11.6750002,52,22.1667004,-15.1167002,328,8,0.31435,1.860792952,0.567004405
45.24,124.81,Seasonally frozen ground,Wetland,AM,-0.674484337,7.88,0.34807901,0.032023269,0.138734776,4.6,420.6,9.7454796,1509.819946,118.2450027,22.1667004,-15.1167002,328,8,11.6750002,52,22.1667004,-15.1167002,328,8,0.31435,1.860792952,0.567004405
45.19,124.71,Seasonally frozen ground,Grassland,AM,0.371082647,8.98,0.3425,0.104805,0.041711109,4.6,420.6,8.6297798,1491.140015,120.112999,22.0667,-14.7833004,321,8,11.2833004,51.4000015,22.0667,-14.7833004,321,8,0.301521,2.405286344,0.595550661
45.19,124.71,Seasonally frozen ground,Grassland,AM,0.307234955,8.98,0.3425,0.104805,0.041711109,4.6,420.6,8.6297798,1491.140015,120.112999,22.0667,-14.7833004,321,8,11.2833004,51.4000015,22.0667,-14.7833004,321,8,0.301521,2.405286344,0.595550661
45.24,124.81,Seasonally frozen ground,Wetland,AM,-0.206265477,7.04,0.645,0.05934,0.138734776,4.5,415.4,9.7454796,1509.819946,118.2450027,22.1667004,-15.1167002,328,8,11.6750002,52,22.1667004,-15.1167002,328,8,0.301521,1.860792952,0.567004405
45.24,124.81,Seasonally frozen ground,Wetland,AM,-0.328197933,7.02,0.616,0.046816,0.167942097,4.5,415.4,9.7454796,1509.819946,118.2450027,22.1667004,-15.1167002,328,8,11.6750002,52,22.1667004,-15.1167002,328,8,0.301521,1.860792952,0.567004405
46.62,125.86,Seasonally frozen ground,Grassland,AM,0.024805729,8.71,0.387368988,0.129381242,0.033990019,4,428,17.3120995,1540.089966,116.4720001,21.2166996,-16.9167004,335,9,11.4250002,52.2999992,21.2166996,-16.9167004,335,9,0.301521,1.739207048,0.516211454
46.62,125.86,Seasonally frozen ground,Forest,EcM,0.171726454,7.9,0.387368988,0.127831766,0.034402019,4,428,17.3120995,1540.089966,116.4720001,21.2166996,-16.9167004,335,9,11.4250002,52.2999992,21.2166996,-16.9167004,335,9,0.301521,1.739207048,0.516211454
46.62,125.86,Seasonally frozen ground,Forest,EcM,0.28057837,7.5,0.387368988,0.123183338,0.035700208,4,428,17.3120995,1540.089966,116.4720001,21.2166996,-16.9167004,335,9,11.4250002,52.2999992,21.2166996,-16.9167004,335,9,0.270141,1.739207048,0.516211454
46.62,125.86,Seasonally frozen ground,Forest,AM,0.265148139,7.91,0.387368988,0.127831766,0.034402019,4,428,17.3120995,1540.089966,116.4720001,21.2166996,-16.9167004,335,9,11.4250002,52.2999992,21.2166996,-16.9167004,335,9,0.270141,1.739207048,0.516211454
46.62,125.86,Seasonally frozen ground,Forest,EcM,0.171726454,6.69,0.387368988,0.127831766,0.034402019,4,428,17.3120995,1540.089966,116.4720001,21.2166996,-16.9167004,335,9,11.4250002,52.2999992,21.2166996,-16.9167004,335,9,0.378729,1.739207048,0.516211454
48,134.33,Seasonally frozen ground,Forest,EcM,0.363122888,4.14,0.208473999,0.057955772,0.054444123,2.2,600,24.1355991,1578.030029,84.865799,19.9666996,-19.0499992,368,32,10.8500004,53.5999985,19.9666996,-19.0499992,368,32,0.378729,2.611894273,0.58
47.76,133.62,Seasonally frozen ground,Wetland,NM,0.748018929,6.58,0.451065002,0.123591811,0.034597081,1.9,600,14.8360996,1569.630005,85.6098022,19.6333008,-19.1166992,347,30,10.9417,53.2999992,19.6333008,-19.1166992,347,30,0.378729,2.777973568,0.680572687
47.78,133.67,Seasonally frozen ground,Wetland,NM,0.615655515,6,0.496,0.152768,0.019,1.7,600,14.2486,1562.380005,85.5875015,19.5,-19.0667,347,29,11.0082998,53.2000008,19.5,-19.0667,347,29,0.378729,3.079295154,0.691629956
47.78,133.67,Seasonally frozen ground,Wetland,NM,0.595760686,6,0.241,0.074228,0.01,1.7,600,14.2486,1562.380005,85.5875015,19.5,-19.0667,347,29,11.0082998,53.2000008,19.5,-19.0667,347,29,0.378729,3.079295154,0.691629956
47.78,133.67,Seasonally frozen ground,Wetland,AM,0.537768739,6,0.128,0.039424,0.006,1.7,600,14.2486,1562.380005,85.5875015,19.5,-19.0667,347,29,11.0082998,53.2000008,19.5,-19.0667,347,29,0.378729,3.079295154,0.691629956
47.78,133.67,Seasonally frozen ground,Wetland,AM,0.501387941,6,0.128,0.039424,0.011,1.7,600,14.2486,1562.380005,85.5875015,19.5,-19.0667,347,29,11.0082998,53.2000008,19.5,-19.0667,347,29,0.378729,3.079295154,0.691629956
47.78,133.67,Seasonally frozen ground,Wetland,NM,0.61500683,5.7,0.496,0.152768,0.019,1.7,600,14.2486,1562.380005,85.5875015,19.5,-19.0667,347,29,11.0082998,53.2000008,19.5,-19.0667,347,29,0.378729,3.079295154,0.691629956
47.78,133.67,Seasonally frozen ground,Wetland,NM,0.595760686,5.7,0.241,0.074228,0.01,1.7,600,14.2486,1562.380005,85.5875015,19.5,-19.0667,347,29,11.0082998,53.2000008,19.5,-19.0667,347,29,0.337865,3.079295154,0.691629956
47.78,133.67,Seasonally frozen ground,Wetland,AM,0.535825584,5.67,0.128,0.039424,0.006,1.7,600,14.2486,1562.380005,85.5875015,19.5,-19.0667,347,29,11.0082998,53.2000008,19.5,-19.0667,347,29,0.337865,3.079295154,0.691629956
47.78,133.67,Seasonally frozen ground,Wetland,AM,0.502230414,5.44,0.128,0.039424,0.011,1.7,600,14.2486,1562.380005,85.5875015,19.5,-19.0667,347,29,11.0082998,53.2000008,19.5,-19.0667,347,29,0.337865,3.079295154,0.691629956
46.77,132.25,Seasonally frozen ground,Wetland,AM,1.176841072,7.74,0.360813995,0.069276287,0.040060418,1.9,550,9.3055,1483.339966,88.0551987,20.4832993,-16.1667004,310,21,10.2582998,51.0999985,20.4832993,-16.1667004,310,21,0.337865,1.901321586,0.583964758
46.77,132.25,Seasonally frozen ground,Wetland,AM,1.189641322,8.24,0.360813995,0.069997915,0.039647424,1.9,550,9.3055,1483.339966,88.0551987,20.4832993,-16.1667004,310,21,10.2582998,51.0999985,20.4832993,-16.1667004,310,21,0.337865,1.901321586,0.583964758
46.77,132.25,Seasonally frozen ground,Wetland,AM,1.341651321,7.24,0.360813995,0.082265591,0.033735088,1.9,550,9.3055,1483.339966,88.0551987,20.4832993,-16.1667004,310,21,10.2582998,51.0999985,20.4832993,-16.1667004,310,21,0.337865,1.901321586,0.583964758
46.77,132.25,Seasonally frozen ground,Wetland,AM,1.220505573,7.37,0.360813995,0.086595359,0.032048334,1.9,550,9.3055,1483.339966,88.0551987,20.4832993,-16.1667004,310,21,10.2582998,51.0999985,20.4832993,-16.1667004,310,21,0.337865,1.901321586,0.583964758
46.77,132.25,Seasonally frozen ground,Wetland,AM,0.98099906,6.38,0.360813995,0.008659536,0.32048334,1.9,550,9.3055,1483.339966,88.0551987,20.4832993,-16.1667004,310,21,10.2582998,51.0999985,20.4832993,-16.1667004,310,21,0.337865,1.901321586,0.583964758
46.77,132.25,Seasonally frozen ground,Wetland,AM,1.377300422,6.62,0.360813995,0.034638144,0.080120835,1.9,550,9.3055,1483.339966,88.0551987,20.4832993,-16.1667004,310,21,10.2582998,51.0999985,20.4832993,-16.1667004,310,21,0.338664,1.901321586,0.583964758
46.77,132.25,Seasonally frozen ground,Wetland,AM,1.227529357,6.86,0.360813995,0.061338379,0.045244707,1.9,550,9.3055,1483.339966,88.0551987,20.4832993,-16.1667004,310,21,10.2582998,51.0999985,20.4832993,-16.1667004,310,21,0.338664,1.901321586,0.583964758
46.77,132.25,Seasonally frozen ground,Wetland,AM,1.199996933,7.14,0.360813995,0.084430475,0.032870086,1.9,550,9.3055,1483.339966,88.0551987,20.4832993,-16.1667004,310,21,10.2582998,51.0999985,20.4832993,-16.1667004,310,21,0.338664,1.901321586,0.583964758
47.58,133.52,Seasonally frozen ground,Wetland,NM,0.785275723,7.0999999,0.334,0.091516,0.034597081,1.9,575,21.0009003,1566.76001,86.3098984,19.9832993,-18.75,340,27,10.7166996,53.0999985,19.9832993,-18.75,340,27,0.297425,1.891629956,0.558898678
47.58,133.52,Seasonally frozen ground,Wetland,NM,0.653388126,7.0999999,0.188,0.051512,0.034597081,1.9,575,21.0009003,1566.76001,86.3098984,19.9832993,-18.75,340,27,10.7166996,53.0999985,19.9832993,-18.75,340,27,0.297425,1.891629956,0.558898678
47.58,133.63,Seasonally frozen ground,Wetland,NM,0.530192012,5.9000001,0.231,0.051282,0.042700902,1.9,575,23.6172009,1565.390015,85.9023972,19.8999996,-18.7999992,340,27,10.7417002,53.0999985,19.8999996,-18.7999992,340,27,0.283628,2.211894273,0.549735683
47.58,133.63,Seasonally frozen ground,Wetland,NM,0.479572431,5.9000001,0.127,0.028194,0.042700902,1.9,575,23.6172009,1565.390015,85.9023972,19.8999996,-18.7999992,340,27,10.7417002,53.0999985,19.8999996,-18.7999992,340,27,0.352038,2.211894273,0.549735683
47.58,133.5,Seasonally frozen ground,Wetland,NM,0.544564097,5.9000001,0.221,0.07072,0.024870833,1.9,575,21.4880009,1565.540039,86.0130005,19.9333,-18.7667007,338,27,10.6833,53.0999985,19.9333,-18.7667007,338,27,0.306186,1.633920705,0.525154185
47.58,133.5,Seasonally frozen ground,Wetland,NM,0.568858538,5.9000001,0.322,0.10304,0.024870833,1.9,575,21.4880009,1565.540039,86.0130005,19.9333,-18.7667007,338,27,10.6833,53.0999985,19.9333,-18.7667007,338,27,0.306186,1.633920705,0.525154185
47.58,133.5,Seasonally frozen ground,Wetland,NM,0.687279192,5.9000001,0.27,0.0864,0.024870833,1.9,575,21.4880009,1565.540039,86.0130005,19.9333,-18.7667007,338,27,10.6833,53.0999985,19.9333,-18.7667007,338,27,0.306186,1.633920705,0.525154185
47.58,133.5,Seasonally frozen ground,Wetland,NM,0.721051792,5.9000001,0.124,0.03968,0.024870833,1.9,575,21.4880009,1565.540039,86.0130005,19.9333,-18.7667007,338,27,10.6833,53.0999985,19.9333,-18.7667007,338,27,0.306186,1.633920705,0.525154185
47.58,133.5,Seasonally frozen ground,Wetland,NM,0.648789214,5.9000001,0.388,0.12416,0.024870833,1.9,575,21.4880009,1565.540039,86.0130005,19.9333,-18.7667007,338,27,10.6833,53.0999985,19.9333,-18.7667007,338,27,0.306186,1.633920705,0.525154185
47.58,133.5,Seasonally frozen ground,Wetland,NM,0.482873584,5.9000001,0.159,0.05088,0.024870833,1.9,575,21.4880009,1565.540039,86.0130005,19.9333,-18.7667007,338,27,10.6833,53.0999985,19.9333,-18.7667007,338,27,0.306186,1.633920705,0.525154185
47.58,133.5,Seasonally frozen ground,Wetland,NM,0.571475904,5.9000001,0.217,0.06944,0.024870833,1.9,575,21.4880009,1565.540039,86.0130005,19.9333,-18.7667007,338,27,10.6833,53.0999985,19.9333,-18.7667007,338,27,0.306186,1.633920705,0.525154185
47.58,133.5,Seasonally frozen ground,Wetland,NM,0.482873584,5.9000001,0.116,0.03712,0.024870833,1.9,575,21.4880009,1565.540039,86.0130005,19.9333,-18.7667007,338,27,10.6833,53.0999985,19.9333,-18.7667007,338,27,0.306186,1.633920705,0.525154185
47.58,133.5,Seasonally frozen ground,Wetland,NM,0.555142835,5.9000001,0.144,0.04608,0.024870833,1.9,575,21.4880009,1565.540039,86.0130005,19.9333,-18.7667007,338,27,10.6833,53.0999985,19.9333,-18.7667007,338,27,0.304837,1.633920705,0.525154185
47.58,133.5,Seasonally frozen ground,Wetland,NM,0.462278176,5.9000001,0.217,0.06944,0.024870833,1.9,575,21.4880009,1565.540039,86.0130005,19.9333,-18.7667007,338,27,10.6833,53.0999985,19.9333,-18.7667007,338,27,0.304837,1.633920705,0.525154185
47.58,133.52,Seasonally frozen ground,Wetland,NM,0.647148153,7.0999999,0.442911011,0.106298643,0.039498334,1.9,600,21.0009003,1566.76001,86.3098984,19.9832993,-18.75,340,27,10.7166996,53.0999985,19.9832993,-18.75,340,27,0.304837,1.891629956,0.558898678
47.58,133.52,Seasonally frozen ground,Wetland,NM,0.250478555,7.0999999,0.442911011,0.105412821,0.039830253,1.9,600,21.0009003,1566.76001,86.3098984,19.9832993,-18.75,340,27,10.7166996,53.0999985,19.9832993,-18.75,340,27,0.304837,1.891629956,0.558898678
47.58,133.52,Seasonally frozen ground,Wetland,NM,0.501407106,7.0999999,0.442911011,0.105412821,0.039830253,1.9,600,21.0009003,1566.76001,86.3098984,19.9832993,-18.75,340,27,10.7166996,53.0999985,19.9832993,-18.75,340,27,0.304837,1.891629956,0.558898678
47.58,133.52,Seasonally frozen ground,Wetland,NM,0.35758041,7.0999999,0.442911011,0.114271041,0.036742637,1.9,600,21.0009003,1566.76001,86.3098984,19.9832993,-18.75,340,27,10.7166996,53.0999985,19.9832993,-18.75,340,27,0.304837,1.891629956,0.558898678
47.58,133.52,Seasonally frozen ground,Forest,EcM,0.455986239,7.0999999,0.442911011,0.112499397,0.037321261,1.9,600,21.0009003,1566.76001,86.3098984,19.9832993,-18.75,340,27,10.7166996,53.0999985,19.9832993,-18.75,340,27,0.304837,1.891629956,0.558898678
47.58,133.52,Seasonally frozen ground,Forest,EcM,0.140972885,7.0999999,0.442911011,0.108070287,0.038850821,1.9,600,21.0009003,1566.76001,86.3098984,19.9832993,-18.75,340,27,10.7166996,53.0999985,19.9832993,-18.75,340,27,0.304837,1.891629956,0.558898678
47.58,133.52,Seasonally frozen ground,Wetland,NM,0.557006452,6.2,0.384,0.105216,0.029,1.9,575,21.0009003,1566.76001,86.3098984,19.9832993,-18.75,340,27,10.7166996,53.0999985,19.9832993,-18.75,340,27,0.350481,1.891629956,0.558898678
47.53,133.88,Seasonally frozen ground,Wetland,NM,0.570356106,4.53,0.200903,0.06428896,0.029623751,1.9,600,19.7402992,1554.02002,83.8142014,20,-18.4167004,339,29,10.9333,53.0999985,18.3332996,-18.4167004,340,29,0.304244,2.818061674,0.673480176
47.54,133.51,Seasonally frozen ground,Forest,EcM,0.23363058,3.94,0.455869995,0.124908379,0.034597081,1.9,600,24.3953991,1569.130005,85.9828033,19.9666996,-18.8167,336,27,10.7333002,53.2000008,19.9666996,-18.8167,336,27,0.304837,2.398678414,0.58154185
47.58,133.52,Seasonally frozen ground,Wetland,EcM,0.392352194,7.0999999,0.442911011,0.116042685,0.03618168,1.9,575,21.0009003,1566.76001,86.3098984,19.9832993,-18.75,340,27,10.7166996,53.0999985,19.9832993,-18.75,340,27,0.304837,1.891629956,0.558898678
47.58,133.52,Seasonally frozen ground,Wetland,EcM,0.380374072,7.0999999,0.442911011,0.133759125,0.031389405,1.9,575,21.0009003,1566.76001,86.3098984,19.9832993,-18.75,340,27,10.7166996,53.0999985,19.9832993,-18.75,340,27,0.304837,1.891629956,0.558898678
47.58,133.52,Seasonally frozen ground,Wetland,NM,0.336475744,7.0999999,0.442911011,0.08769638,0.047876769,1.9,575,21.0009003,1566.76001,86.3098984,19.9832993,-18.75,340,27,10.7166996,53.0999985,19.9832993,-18.75,340,27,0.304837,1.891629956,0.558898678
47.58,133.52,Seasonally frozen ground,Wetland,NM,0.560064522,7.0999999,0.442911011,0.136416591,0.030777923,1.9,575,21.0009003,1566.76001,86.3098984,19.9832993,-18.75,340,27,10.7166996,53.0999985,19.9832993,-18.75,340,27,0.304837,1.891629956,0.558898678
47.58,133.52,Seasonally frozen ground,Wetland,AM,1.161269751,7.0999999,0.442911011,0.024803017,0.169278576,1.9,575,21.0009003,1566.76001,86.3098984,19.9832993,-18.75,340,27,10.7166996,53.0999985,19.9832993,-18.75,340,27,0.304837,1.891629956,0.558898678
47.58,133.52,Seasonally frozen ground,Wetland,AM,1.242474838,7.0999999,0.442911011,0.043405279,0.096730615,1.9,575,21.0009003,1566.76001,86.3098984,19.9832993,-18.75,340,27,10.7166996,53.0999985,19.9832993,-18.75,340,27,0.304837,1.891629956,0.558898678
47.58,133.52,Seasonally frozen ground,Wetland,NM,0.447201459,7.0999999,0.442911011,0.121357617,0.034597081,1.9,575,21.0009003,1566.76001,86.3098984,19.9832993,-18.75,340,27,10.7166996,53.0999985,19.9832993,-18.75,340,27,0.510122,1.891629956,0.558898678
47.58,133.52,Seasonally frozen ground,Wetland,NM,0.067160162,7.0999999,0.442911011,0.121357617,0.034597081,1.9,575,21.0009003,1566.76001,86.3098984,19.9832993,-18.75,340,27,10.7166996,53.0999985,19.9832993,-18.75,340,27,0.510122,1.891629956,0.558898678
47.58,133.52,Seasonally frozen ground,Wetland,AM,0.479143248,7.0999999,0.442911011,0.121357617,0.034597081,1.9,600,21.0009003,1566.76001,86.3098984,19.9832993,-18.75,340,27,10.7166996,53.0999985,19.9832993,-18.75,340,27,0.510122,1.891629956,0.558898678
41.83,124.9,Seasonally frozen ground,Forest,EcM,0.86890294,5.91,0.267097992,0.084402965,0.02296,4.2,775,4.9774799,1281.660034,103.7990036,18.1833,-13.6667004,577,26,12.1332998,47.2000008,18.1833,-13.6667004,577,26,0.286799,4.11277533,0.742511013
41.83,124.9,Seasonally frozen ground,Forest,EcM,0.879898324,5.71,0.267097992,0.084402965,0.02394,4.2,775,4.9774799,1281.660034,103.7990036,18.1833,-13.6667004,577,26,12.1332998,47.2000008,18.1833,-13.6667004,577,26,0.24353,4.11277533,0.742511013
41.83,124.9,Seasonally frozen ground,Forest,EcM,0.851869601,6,0.267097992,0.084402965,0.03206,4.2,775,4.9774799,1281.660034,103.7990036,18.1833,-13.6667004,577,26,12.1332998,47.2000008,18.1833,-13.6667004,577,26,0.24353,4.11277533,0.742511013
41.83,124.9,Seasonally frozen ground,Forest,EcM,0.86890294,6,0.267097992,0.084402965,0.021,4.2,775,4.9774799,1281.660034,103.7990036,18.1833,-13.6667004,577,26,12.1332998,47.2000008,18.1833,-13.6667004,577,26,0.24353,4.11277533,0.742511013
41.83,124.9,Seasonally frozen ground,Forest,EcM,0.911306789,6,0.267097992,0.084402965,0.02198,4.2,775,4.9774799,1281.660034,103.7990036,18.1833,-13.6667004,577,26,12.1332998,47.2000008,18.1833,-13.6667004,577,26,0.510122,4.11277533,0.742511013
41.83,124.9,Seasonally frozen ground,Forest,EcM,0.906227263,6,0.267097992,0.084402965,0.021,4.2,775,4.9774799,1281.660034,103.7990036,18.1833,-13.6667004,577,26,12.1332998,47.2000008,18.1833,-13.6667004,577,26,0.510122,4.11277533,0.742511013
42.97,122.35,Seasonally frozen ground,Forest,AM,-0.02974613,6.7,0.135994003,0.043790069,0.007,6.4,450,2.00946,1340.650024,111.7689972,22.7166996,-10.3667002,331,9,12.4250002,48,22.7166996,-10.3667002,331,9,0.510122,0.824229075,0.365550661
42.97,122.35,Seasonally frozen ground,Forest,AM,0.131105162,6.6,0.135994003,0.043790069,0.0094,6.4,450,2.00946,1340.650024,111.7689972,22.7166996,-10.3667002,331,9,12.4250002,48,22.7166996,-10.3667002,331,9,0.510122,0.824229075,0.365550661
42.97,122.35,Seasonally frozen ground,Forest,EcM,-0.015022874,8.3,0.135994003,0.043790069,0.0067,6.4,450,2.00946,1340.650024,111.7689972,22.7166996,-10.3667002,331,9,12.4250002,48,22.7166996,-10.3667002,331,9,0.510122,0.824229075,0.365550661
42.97,122.35,Seasonally frozen ground,Forest,EcM,0.17995373,7.9,0.135994003,0.043790069,0.0082,6.4,450,2.00946,1340.650024,111.7689972,22.7166996,-10.3667002,331,9,12.4250002,48,22.7166996,-10.3667002,331,9,0.510122,0.824229075,0.365550661
42.97,122.35,Seasonally frozen ground,Forest,EcM,-0.000782434,6.2,0.135994003,0.043790069,0.0049,6.4,450,2.00946,1340.650024,111.7689972,22.7166996,-10.3667002,331,9,12.4250002,48,22.7166996,-10.3667002,331,9,0.445472,0.824229075,0.365550661
42.97,122.35,Seasonally frozen ground,Forest,EcM,-0.000782434,6.2,0.135994003,0.043790069,0.008,6.4,450,2.00946,1340.650024,111.7689972,22.7166996,-10.3667002,331,9,12.4250002,48,22.7166996,-10.3667002,331,9,0.445472,0.824229075,0.365550661
