Type,log_stock,MTW
Permafrost,1.415267232,15.9499998
Permafrost,1.3502771,18.2999992
Permafrost,1.372021892,18.3666992
Seasonal frozen ground,1.060468926,19.9832993
Seasonal frozen ground,0.938183367,19.9167004
Permafrost,1.484185944,16.8833008
Permafrost,1.390040207,16.8833008
Permafrost,2.01099495,14.8999996
Permafrost,1.711623758,16.7833004
Permafrost,1.727612495,16.7833004
Permafrost,1.826610068,16.8167
Permafrost,1.571962023,16.8167
Permafrost,1.889178401,16.0832996
Permafrost,1.79813941,16.7833004
Permafrost,1.700526159,14.25
Permafrost,1.572193743,14.25
Permafrost,1.660723725,14.25
Permafrost,1.582527317,14.25
Permafrost,1.149226538,16.7833004
Permafrost,1.21664933,16.7833004
Permafrost,1.115506701,16.8833008
Permafrost,2.092467993,15.6000004
Permafrost,1.938159331,15.6000004
Permafrost,2.001491409,15.6000004
Permafrost,1.821539729,15.6000004
Permafrost,2.097711127,15.2166996
Permafrost,2.052683786,14.25
Permafrost,0.942611212,16.7833004
Permafrost,0.530507087,16.7833004
Permafrost,0.942611212,16.7833004
Permafrost,0.482679283,16.7833004
Permafrost,0.969747597,16.7833004
Permafrost,0.58951177,16.7833004
Permafrost,1.122221155,16.7833004
Permafrost,0.685003291,16.7833004
Permafrost,0.956391318,16.7833004
Permafrost,0.565243195,16.7833004
Permafrost,1.006048267,16.7833004
Permafrost,0.652052881,16.7833004
Permafrost,1.016548697,16.7833004
Permafrost,0.573586355,16.7833004
Permafrost,1.033963908,16.7833004
Permafrost,0.634590145,16.7833004
Permafrost,1.062780507,16.7833004
Permafrost,0.694373546,16.7833004
Permafrost,1.019518431,16.7833004
Permafrost,0.641712048,16.7833004
Permafrost,0.908034439,16.8833008
Permafrost,0.561168226,16.8833008
Permafrost,0.874463296,16.8833008
Permafrost,0.497515721,16.8833008
Permafrost,0.872468652,16.8833008
Permafrost,0.467318019,16.8833008
Permafrost,1.023881044,16.8833008
Permafrost,0.678562112,16.8833008
Permafrost,0.892602129,16.8833008
Permafrost,0.516773311,16.8833008
Permafrost,1.94732587,16.2166996
Permafrost,1.891660091,16.2166996
Permafrost,1.95273434,16.2166996
Permafrost,1.931813704,16.2166996
Permafrost,1.154484837,15.6000004
Permafrost,2.043582317,14.8999996
Permafrost,0.970607222,16.7833004
Permafrost,0.511509071,16.7833004
Permafrost,0.998750945,16.7833004
Permafrost,0.671291388,16.7833004
Permafrost,1.011330216,16.8833008
Permafrost,0.642757282,16.8833008
Seasonal frozen ground,1.237630689,19.9167004
Permafrost,2.120402548,15.9499998
Permafrost,1.95273434,16.2166996
Permafrost,1.931813704,16.2166996
Permafrost,1.94732587,16.2166996
Permafrost,1.891660091,16.2166996
Seasonal frozen ground,1.239559728,19.9832993
Permafrost,1.030194785,18.4500008
Permafrost,1.093981704,18.4500008
Permafrost,1.122019172,18.4500008
Permafrost,1.224377652,18.4500008
Permafrost,1.15192118,18.4500008
Permafrost,1.11320777,18.4500008
Permafrost,1.112605002,18.4500008
Permafrost,1.218220304,18.4500008
Permafrost,1.151431144,18.4500008
Permafrost,1.242789809,18.4500008
Permafrost,0.792593379,16.4832993
Permafrost,0.416593914,16.4832993
Permafrost,0.637393654,16.4832993
Permafrost,0.416314248,16.4832993
Permafrost,1.61979524,19.8833008
Seasonal frozen ground,,21.3999996
Seasonal frozen ground,,20.1667004
Seasonal frozen ground,,20.2667007
Seasonal frozen ground,,21.1499996
Seasonal frozen ground,0.438947787,22.6000004
Seasonal frozen ground,,23.4832993
Seasonal frozen ground,0.362909114,23.1833
Seasonal frozen ground,0.335124995,23.4167004
Seasonal frozen ground,0.841135815,23.3167
Seasonal frozen ground,0.775083924,23.4167004
Permafrost,2.03537754,16.0667
Seasonal frozen ground,1.942510055,19.6833
Permafrost,1.863284783,16.0667
Permafrost,1.860989259,17.9333
Seasonal frozen ground,1.010206641,19.9333
Permafrost,2.017710978,15.9499998
Seasonal frozen ground,1.799059201,20.0499992
Permafrost,1.871618114,16.2166996
Permafrost,2.015530338,16.2166996
Permafrost,,15.3332996
Permafrost,1.14850394,16.0832996
Permafrost,1.14690287,16.0832996
Permafrost,1.082785087,16.7833004
Permafrost,1.360029639,16.5832996
Permafrost,1.246260195,16.5832996
Permafrost,1.314440279,15.5333004
Permafrost,1.376248375,15.5333004
Permafrost,1.500949647,15.5333004
Permafrost,1.493474781,15.5333004
Permafrost,1.297436584,15.5333004
Permafrost,1.146580707,15.5333004
Permafrost,1.45805437,15.5333004
Permafrost,1.269527887,16.1667004
Permafrost,0.714825813,16.1667004
Permafrost,1.320649693,16.1667004
Permafrost,0.808750972,16.1667004
Permafrost,1.160955676,16.1667004
Permafrost,1.048323697,16.1667004
Permafrost,2.168521054,15.6833
Permafrost,1.947869758,14.8000002
Permafrost,1.948991639,14.2833004
Permafrost,1.906020253,14.3832998
Permafrost,1.808605239,15.25
Permafrost,2.001106908,16.25
Permafrost,2.001683532,15.8167
Permafrost,1.999661987,14.3832998
Permafrost,1.979113863,15.0500002
Seasonal frozen ground,1.007863802,20.2667007
Seasonal frozen ground,0.979045504,20.2667007
Seasonal frozen ground,1.007476366,20.2667007
Seasonal frozen ground,1.29578694,19.9832993
Seasonal frozen ground,1.156609718,19.9832993
Seasonal frozen ground,1.233909453,19.9832993
Seasonal frozen ground,1.28546729,19.9832993
Seasonal frozen ground,1.285647309,19.9832993
Seasonal frozen ground,1.162862993,19.9832993
Seasonal frozen ground,1.240549248,19.9832993
Seasonal frozen ground,1.270119599,19.9832993
Seasonal frozen ground,1.951196812,20.2833004
Seasonal frozen ground,1.951196812,20.2833004
Seasonal frozen ground,2.004445882,20.2833004
Seasonal frozen ground,1.989142855,20.2833004
Seasonal frozen ground,1.07471407,19.4500008
Permafrost,1.711915831,16.7833004
Permafrost,1.727233238,16.7833004
Permafrost,1.626658118,16.7833004
Seasonal frozen ground,1.106427535,19.9832993
Seasonal frozen ground,1.170591798,19.9832993
Seasonal frozen ground,1.402031858,19.9832993
Seasonal frozen ground,1.529976711,19.9832993
Seasonal frozen ground,1.339262323,19.9832993
Seasonal frozen ground,-0.563455723,22.1667004
Seasonal frozen ground,-0.684029655,22.1667004
Seasonal frozen ground,0.219060332,22.1667004
Seasonal frozen ground,-0.077648289,22.1667004
Seasonal frozen ground,1.162110161,19.5
Seasonal frozen ground,0.916284143,19.5333004
Seasonal frozen ground,1.045083464,19.9832993
Seasonal frozen ground,1.067361777,19.9832993
Seasonal frozen ground,1.025417293,19.6333008
Seasonal frozen ground,0.908883743,19.6333008
Seasonal frozen ground,0.954265671,19.5
Seasonal frozen ground,0.460963959,19.9832993
Seasonal frozen ground,1.14527847,19.5333004
Seasonal frozen ground,1.326992542,19.9832993
Seasonal frozen ground,1.158731486,19.9832993
Seasonal frozen ground,1.23802602,19.5
Seasonal frozen ground,0.839402621,19.5
Seasonal frozen ground,1.230448921,19.5
Seasonal frozen ground,0.680081572,19.5
Seasonal frozen ground,0.829020585,19.5
Seasonal frozen ground,0.610660163,19.5
Seasonal frozen ground,0.667565014,19.5
Seasonal frozen ground,0.510115865,19.5
Seasonal frozen ground,1.237821115,19.5
Seasonal frozen ground,0.83974445,19.5
Seasonal frozen ground,1.230587873,19.5
Seasonal frozen ground,0.679340666,19.5
Seasonal frozen ground,0.829720496,19.5
Seasonal frozen ground,0.610080717,19.5
Seasonal frozen ground,0.667565014,19.5
Seasonal frozen ground,0.511573231,19.5
Seasonal frozen ground,0.570584966,20.4832993
Seasonal frozen ground,0.731427587,20.4832993
Seasonal frozen ground,0.951030392,20.4832993
Seasonal frozen ground,0.896548262,20.4832993
Seasonal frozen ground,0.676678981,20.4832993
Seasonal frozen ground,0.811414126,20.4832993
Seasonal frozen ground,0.870570099,20.4832993
Seasonal frozen ground,0.908324139,20.4832993
Seasonal frozen ground,0.956480588,20.7332993
Seasonal frozen ground,0.928530012,20.7332993
Seasonal frozen ground,0.836873284,20.7332993
Seasonal frozen ground,0.989114178,20.7166996
Seasonal frozen ground,0.837854741,20.7166996
Seasonal frozen ground,0.71015292,20.7166996
Seasonal frozen ground,1.010242273,20.7166996
Seasonal frozen ground,1.033525079,20.7166996
Seasonal frozen ground,0.961039317,20.7166996
Seasonal frozen ground,0.991185303,20.6166992
Seasonal frozen ground,0.855286501,20.6166992
Seasonal frozen ground,0.705998767,20.6166992
Seasonal frozen ground,0.97982143,19.9832993
Seasonal frozen ground,0.787262057,19.9832993
Seasonal frozen ground,1.077043608,19.9167004
Seasonal frozen ground,1.066706745,19.9167004
Seasonal frozen ground,1.123360905,19.9167004
Seasonal frozen ground,1.186383299,19.9167004
Seasonal frozen ground,1.106552602,19.9167004
Seasonal frozen ground,1.235729388,19.9167004
Seasonal frozen ground,0.640775505,19.9167004
Seasonal frozen ground,0.976521462,19.9167004
Seasonal frozen ground,1.12699848,19.9167004
Seasonal frozen ground,1.114080968,19.9167004
Seasonal frozen ground,1.131255424,19.9832993
Seasonal frozen ground,0.942510055,19.9832993
Seasonal frozen ground,1.156609113,19.8999996
Seasonal frozen ground,0.899467016,19.8999996
Seasonal frozen ground,1.775943777,19.9832993
Seasonal frozen ground,1.370016893,19.9832993
Seasonal frozen ground,1.313713714,20.1499996
Seasonal frozen ground,1.267935415,19.9333
Seasonal frozen ground,1.358586181,19.7833004
Seasonal frozen ground,1.083147729,19.9832993
Seasonal frozen ground,1.02057092,19.9832993
Seasonal frozen ground,1.004364371,19.9832993
Seasonal frozen ground,1.007408059,19.9832993
Seasonal frozen ground,1.001587481,19.9832993
Seasonal frozen ground,1.006364196,19.9832993
Seasonal frozen ground,1.009676908,19.9832993
Seasonal frozen ground,0.979968809,19.9333
Seasonal frozen ground,0.948058734,19.9333
Seasonal frozen ground,0.965728369,19.9333
Seasonal frozen ground,0.918707476,19.9333
Seasonal frozen ground,0.986917669,19.9333
Seasonal frozen ground,0.92389549,19.9333
Seasonal frozen ground,0.974995917,19.9333
Seasonal frozen ground,0.929022259,19.9333
Seasonal frozen ground,1.001667958,19.9333
Seasonal frozen ground,0.975412506,19.9333
Seasonal frozen ground,1.461508431,19.9333
Seasonal frozen ground,1.175838716,19.9333
Seasonal frozen ground,1.449609208,19.9333
Seasonal frozen ground,1.215526002,19.9333
Seasonal frozen ground,1.437374751,19.9333
Seasonal frozen ground,1.215526002,19.9333
Seasonal frozen ground,1.457547649,19.9333
Seasonal frozen ground,1.179584534,19.9333
Seasonal frozen ground,1.461508431,19.9333
Seasonal frozen ground,1.205019668,19.9333
Seasonal frozen ground,1.029156424,19.9832993
Seasonal frozen ground,0.874344956,19.9832993
Seasonal frozen ground,0.8722099,19.9832993
Seasonal frozen ground,0.717815244,19.9832993
Seasonal frozen ground,1.46146401,19.9832993
Seasonal frozen ground,1.00607907,19.9832993
Seasonal frozen ground,0.99490813,19.9832993
Seasonal frozen ground,1.011933965,19.9832993
Seasonal frozen ground,0.927733663,19.9832993
Seasonal frozen ground,1.324305096,19.9832993
Seasonal frozen ground,1.190970062,20
Seasonal frozen ground,0.648798963,20
Seasonal frozen ground,0.872076985,19.9832993
Seasonal frozen ground,0.644271142,19.9832993
Seasonal frozen ground,1.06483222,19.9832993
Seasonal frozen ground,0.928178651,19.9832993
Seasonal frozen ground,0.900552825,19.9832993
Seasonal frozen ground,1.035992955,19.9832993
Seasonal frozen ground,1.039334789,19.9832993
Seasonal frozen ground,1.854073951,19.9832993
Seasonal frozen ground,1.772131661,19.9832993
Seasonal frozen ground,1.732941108,19.9832993
Seasonal frozen ground,1.253764335,19.9832993
