Type,Ecosystem,Ecosystem,Mycorrhiza,soc_stock,log_stock,MAT
Permafrost,Forest,Upland,EcM,1.7952,0.25411284,-4.9
Permafrost,Forest,Upland,EcM,1.25328,0.098048109,-4.9
Permafrost,Forest,Upland,EcM,2.07632,0.317294287,-4.9
Permafrost,Forest,Upland,EcM,1.12646,0.051715775,-4.9
Permafrost,Forest,Upland,EcM,4.54572,0.657602681,-4.9
Permafrost,Forest,Upland,EcM,2.6418,0.421899936,-4.9
Permafrost,Forest,Upland,EcM,20.3278,1.308090379,-4
Permafrost,Wetland,Wetland,ErM,123.2178,2.09067345,-3.9
Permafrost,Wetland,Wetland,ErM,109.9014,2.041003225,-3.9
Permafrost,Wetland,Wetland,AM,42.30876,1.626430297,-2.4
Permafrost,Wetland,Wetland,AM,44.721678,1.65051809,-2.4
Permafrost,Wetland,Wetland,EcM,38.32027,1.58342856,-2.4
Permafrost,Wetland,Wetland,EcM,32.76081,1.515354631,-2.4
Permafrost,Forest,Upland,EcM,58.714364,1.768744361,-4.2
Permafrost,Forest,Upland,EcM,39.142818,1.592652089,-4.2
Permafrost,Forest,Upland,EcM,66.785968,1.824685225,-4.2
Permafrost,Forest,Upland,EcM,44.374616,1.647134608,-4.2
Permafrost,Forest,Upland,EcM,10.3770102,1.016072244,-4.2
Permafrost,Forest,Upland,EcM,8.8224164,0.945587552,-4.2
Permafrost,Forest,Upland,EcM,84.042412,1.924498508,-4.2
Permafrost,Forest,Upland,EcM,63.872448,1.805313561,-4.2
Permafrost,Forest,Upland,EcM,59.175506,1.77214198,-2.3
Permafrost,Forest,Upland,EcM,53.437124,1.727843076,-2.3
Permafrost,Forest,Upland,EcM,14.7041826,1.167440887,-2.3
Permafrost,Forest,Upland,EcM,11.8350738,1.07317097,-2.3
Permafrost,Forest,Upland,EcM,6.4554948,0.809929536,-2.3
Permafrost,Forest,Upland,EcM,5.0209404,0.700785066,-2.3
Permafrost,Forest,Upland,EcM,3.9450246,0.596049716,-2.3
Permafrost,Forest,Upland,EcM,4.3036632,0.633838277,-2.3
Permafrost,Forest,Upland,EcM,11.42977865,1.05803782,-3
Permafrost,Wetland,Wetland,AM,14.21752552,1.152824016,-3
Permafrost,Forest,Upland,EcM,9.442461253,0.975085211,-3
Permafrost,Wetland,Wetland,AM,15.27454919,1.183968401,-3
Permafrost,Forest,Upland,EcM,83.276112,1.920520441,-4.2
Permafrost,Forest,Upland,EcM,62.829016,1.798160258,-4.2
Permafrost,Forest,Upland,EcM,10.3524324,1.015042403,-4.2
Permafrost,Forest,Upland,EcM,8.786769,0.943829209,-4.2
Permafrost,Wetland,Wetland,ErM,131.666772,2.119476188,-3.6
Permafrost,Wetland,Wetland,ErM,108.371884,2.034916623,-5
Permafrost,Wetland,Wetland,EcM,88.776,1.948295573,-3.9
Permafrost,Wetland,Wetland,ErM,133.712,2.126170385,-3.9
Permafrost,Wetland,Wetland,ErM,111.244,2.046276596,-3.9
Permafrost,Wetland,Wetland,EcM,71.928,1.856897985,-3.9
Permafrost,Wetland,Wetland,EcM,88.776,1.948295573,-3.9
Seasonal frozen ground,Wetland,Wetland,AM,15.9468,1.202673547,2.5
Permafrost,Wetland,Wetland,EcM,11.82,1.072617477,0.4
Permafrost,Wetland,Wetland,EcM,14.912,1.173535895,0.4
Permafrost,Wetland,Wetland,EcM,14.178,1.151614972,0.4
Permafrost,Wetland,Wetland,EcM,16.776,1.224688417,0.4
Permafrost,Wetland,Wetland,EcM,13.032,1.115011071,0.4
Permafrost,Wetland,Wetland,EcM,12.552,1.098712931,0.4
Permafrost,Wetland,Wetland,EcM,17.38,1.240049772,0.4
Permafrost,Wetland,Wetland,EcM,16.984,1.230039981,0.4
Permafrost,Wetland,Wetland,EcM,18.126,1.258301976,0.4
Permafrost,Wetland,Wetland,EcM,13.984,1.145631415,0.4
Permafrost,Wetland,Wetland,EcM,1.74384,0.241506635,-3
Permafrost,Wetland,Wetland,EcM,2.5012,0.39814842,-3
Permafrost,Wetland,Wetland,EcM,2.02,0.305351369,-3
Permafrost,Wetland,Wetland,EcM,2.38576,0.377626753,-3
Permafrost,Forest,Upland,EcM,20.13078,1.303860603,-2.12
Permafrost,Forest,Upland,EcM,15.58786,1.192786497,-2.12
Permafrost,Wetland,Wetland,ErM,107.49688,2.031395859,-4.3
Seasonal frozen ground,Wetland,Wetland,AM,14.39048,1.15807528,2.5
Permafrost,Forest,Upland,EcM,8.815452,0.945244585,-1.1
Permafrost,Forest,Upland,EcM,24.4120112,1.387603561,-5.3
Permafrost,Wetland,Wetland,EcM,12.19428,1.086156163,-3.9
Permafrost,Wetland,Wetland,EcM,8.7527,0.942142043,-3.9
Permafrost,Wetland,Wetland,EcM,17.5816758,1.245060268,-3.3
Permafrost,Wetland,Wetland,AM,18.49752,1.267113506,-3
Permafrost,Forest,Upland,EcM,3.49968,0.544028336,-3
Permafrost,Forest,Upland,EcM,9.74832,0.988929777,-3
Permafrost,Wetland,Wetland,EcM,4.77476,0.678951547,-3
Permafrost,Wetland,Wetland,EcM,2.3858,0.377634034,-3
Permafrost,Wetland,Wetland,EcM,3.34012,0.52376207,-3
Permafrost,Wetland,Wetland,EcM,138.408,2.141161193,-4.3
Seasonal frozen ground,Grassland,Upland,AM,2.80462,0.447874027,5.7
Seasonal frozen ground,Grassland,Upland,AM,1.68084,0.225526375,5.7
Seasonal frozen ground,Grassland,Upland,AM,1.76456,0.24663643,5.7
Seasonal frozen ground,Grassland,Upland,AM,1.44578,0.160102213,5.7
Seasonal frozen ground,Grassland,Upland,AM,1.29444,0.112081925,5.7
Seasonal frozen ground,Grassland,Upland,AM,2.75632,0.440329636,5.7
Seasonal frozen ground,Grassland,Upland,AM,1.74846,0.242655701,5.7
Seasonal frozen ground,Forest,Upland,EcM,8.97828,0.953193145,5.5
Seasonal frozen ground,Forest,Upland,EcM,9.03348,0.955855087,5.5
Seasonal frozen ground,Grassland,Upland,AM,6.4446,0.809195967,5.5
Seasonal frozen ground,Grassland,Upland,AM,6.88896,0.838153663,5.5
Seasonal frozen ground,Grassland,Upland,AM,0.506,-0.295849483,7.7
Seasonal frozen ground,Grassland,Upland,EcM,0.697,-0.156767222,7.7
Seasonal frozen ground,Grassland,Upland,EcM,0.715,-0.145693958,7.7
Seasonal frozen ground,Grassland,Upland,EcM,0.632,-0.199282922,7.7
Seasonal frozen ground,Grassland,Upland,EcM,0.595,-0.225483034,7.7
Seasonal frozen ground,Grassland,Upland,EcM,0.684,-0.164943898,7.7
Seasonal frozen ground,Grassland,Upland,EcM,0.622,-0.206209615,7.7
Seasonal frozen ground,Wetland,Wetland,AM,11.928664,1.076591806,3.1
Seasonal frozen ground,Grassland,Upland,AM,1.96,0.292256071,5.5
Seasonal frozen ground,Wetland,Wetland,NM,15.13,1.179838928,3
Seasonal frozen ground,Wetland,Wetland,EcM,15.138,1.180068501,3
Seasonal frozen ground,Wetland,Wetland,EcM,15.488,1.18999534,3
Seasonal frozen ground,Wetland,Wetland,EcM,15.642,1.194292282,3
Seasonal frozen ground,Wetland,Wetland,NM,13.02,1.114610984,3
Seasonal frozen ground,Wetland,Wetland,EcM,13.578,1.132835804,3
Seasonal frozen ground,Wetland,Wetland,EcM,13.248,1.122150319,3
Seasonal frozen ground,Wetland,Wetland,EcM,13.776,1.139123134,3
Seasonal frozen ground,Grassland,Upland,NM,6.01704,0.779382899,4.3
Seasonal frozen ground,Grassland,Upland,NM,6.01704,0.779382899,4.7
Seasonal frozen ground,Grassland,Upland,NM,5.71838,0.757273012,4.2
Seasonal frozen ground,Grassland,Upland,NM,6.01704,0.779382899,4.3
Seasonal frozen ground,Grassland,Upland,NM,6.01704,0.779382899,4.7
Seasonal frozen ground,Grassland,Upland,NM,5.71838,0.757273012,4.2
Seasonal frozen ground,Grassland,Upland,NM,6.01704,0.779382899,4.3
Seasonal frozen ground,Grassland,Upland,NM,6.01704,0.779382899,4.7
Seasonal frozen ground,Grassland,Upland,NM,5.71838,0.757273012,4.2
Seasonal frozen ground,Wetland,Wetland,AM,111.76088,2.048289813,3.1
Seasonal frozen ground,Wetland,Wetland,AM,114.40044,2.058427695,3.1
Seasonal frozen ground,Grassland,Upland,AM,7.157772622,0.854777898,0.4
Seasonal frozen ground,Forest,Upland,EcM,3.57424594,0.553184433,0.4
Seasonal frozen ground,Grassland,Upland,AM,2.24400017,0.351022885,4
Seasonal frozen ground,Grassland,Upland,AM,1.636800124,0.213995649,4
Permafrost,Wetland,Wetland,ErM,55.04112,1.740687263,-2.2
Seasonal frozen ground,Grassland,Upland,AM,2.995707657,0.476499429,4
Seasonal frozen ground,Grassland,Upland,AM,3.198607889,0.504961004,4
Seasonal frozen ground,Grassland,Upland,AM,2.967981439,0.472461181,4
Seasonal frozen ground,Grassland,Upland,AM,2.673897912,0.427144822,4
Seasonal frozen ground,Grassland,Upland,AM,3.436774942,0.536151093,4.2
Seasonal frozen ground,Grassland,Upland,AM,2.972737819,0.473156608,4.2
Seasonal frozen ground,Grassland,Upland,AM,2.217633411,0.345889756,4.2
Seasonal frozen ground,Grassland,Upland,AM,3.177726218,0.502116477,4.2
Seasonal frozen ground,Grassland,Upland,AM,1.59512761,0.202795432,4
Seasonal frozen ground,Grassland,Upland,AM,0.950348028,-0.022117322,4
Seasonal frozen ground,Grassland,Upland,AM,1.120301624,0.049334966,4
Seasonal frozen ground,Grassland,Upland,AM,1.203016241,0.08027149,4
Seasonal frozen ground,Wetland,Wetland,AM,0.24748,-0.606459893,4.6
Seasonal frozen ground,Wetland,Wetland,AM,0.2116,-0.674484337,4.6
Seasonal frozen ground,Grassland,Upland,AM,2.35008,0.371082647,4.6
Seasonal frozen ground,Grassland,Upland,AM,2.02878,0.307234955,4.6
Seasonal frozen ground,Wetland,Wetland,AM,0.62192,-0.206265477,4.5
Seasonal frozen ground,Wetland,Wetland,AM,0.46968,-0.328197933,4.5
Seasonal frozen ground,Grassland,Upland,AM,1.05878,0.024805729,4
Seasonal frozen ground,Forest,Upland,EcM,1.485,0.171726454,4
Seasonal frozen ground,Forest,Upland,EcM,1.908,0.28057837,4
Seasonal frozen ground,Forest,Upland,AM,1.8414,0.265148139,4
Seasonal frozen ground,Forest,Upland,EcM,1.485,0.171726454,4
Seasonal frozen ground,Forest,Upland,EcM,2.3074,0.363122888,2.2
Seasonal frozen ground,Wetland,Wetland,NM,5.59782,0.748018929,1.9
Seasonal frozen ground,Wetland,Wetland,NM,4.1272,0.615655515,1.7
Seasonal frozen ground,Wetland,Wetland,NM,3.9424,0.595760686,1.7
Seasonal frozen ground,Wetland,Wetland,AM,3.4496,0.537768739,1.7
Seasonal frozen ground,Wetland,Wetland,AM,3.1724,0.501387941,1.7
Seasonal frozen ground,Wetland,Wetland,NM,4.12104,0.61500683,1.7
Seasonal frozen ground,Wetland,Wetland,NM,3.9424,0.595760686,1.7
Seasonal frozen ground,Wetland,Wetland,AM,3.4342,0.535825584,1.7
Seasonal frozen ground,Wetland,Wetland,AM,3.17856,0.502230414,1.7
Seasonal frozen ground,Wetland,Wetland,AM,15.02592,1.176841072,1.9
Seasonal frozen ground,Wetland,Wetland,AM,15.47538,1.189641322,1.9
Seasonal frozen ground,Wetland,Wetland,AM,21.96096,1.341651321,1.9
Seasonal frozen ground,Wetland,Wetland,AM,16.6152,1.220505573,1.9
Seasonal frozen ground,Wetland,Wetland,AM,9.57192,0.98099906,1.9
Seasonal frozen ground,Wetland,Wetland,AM,23.83968,1.377300422,1.9
Seasonal frozen ground,Wetland,Wetland,AM,16.8861,1.227529357,1.9
Seasonal frozen ground,Wetland,Wetland,AM,15.84882,1.199996933,1.9
Seasonal frozen ground,Wetland,Wetland,NM,6.09924,0.785275723,1.9
Seasonal frozen ground,Wetland,Wetland,NM,4.50182,0.653388126,1.9
Seasonal frozen ground,Wetland,Wetland,NM,3.38994,0.530192012,1.9
Seasonal frozen ground,Wetland,Wetland,NM,3.01698,0.479572431,1.9
Seasonal frozen ground,Wetland,Wetland,NM,3.504,0.544564097,1.9
Seasonal frozen ground,Wetland,Wetland,NM,3.7056,0.568858538,1.9
Seasonal frozen ground,Wetland,Wetland,NM,4.8672,0.687279192,1.9
Seasonal frozen ground,Wetland,Wetland,NM,5.2608,0.721051792,1.9
Seasonal frozen ground,Wetland,Wetland,NM,4.4544,0.648789214,1.9
Seasonal frozen ground,Wetland,Wetland,NM,3.04,0.482873584,1.9
Seasonal frozen ground,Wetland,Wetland,NM,3.728,0.571475904,1.9
Seasonal frozen ground,Wetland,Wetland,NM,3.04,0.482873584,1.9
Seasonal frozen ground,Wetland,Wetland,NM,3.5904,0.555142835,1.9
Seasonal frozen ground,Wetland,Wetland,NM,2.8992,0.462278176,1.9
Seasonal frozen ground,Wetland,Wetland,NM,4.4376,0.647148153,1.9
Seasonal frozen ground,Wetland,Wetland,NM,1.78024,0.250478555,1.9
Seasonal frozen ground,Wetland,Wetland,NM,3.17254,0.501407106,1.9
Seasonal frozen ground,Wetland,Wetland,NM,2.27814,0.35758041,1.9
Seasonal frozen ground,Forest,Upland,EcM,2.8575,0.455986239,1.9
Seasonal frozen ground,Forest,Upland,EcM,1.38348,0.140972885,1.9
Seasonal frozen ground,Wetland,Wetland,NM,3.60584,0.557006452,1.9
Seasonal frozen ground,Wetland,Wetland,NM,3.7184,0.570356106,1.9
Seasonal frozen ground,Forest,Upland,EcM,1.7125,0.23363058,1.9
Seasonal frozen ground,Wetland,Wetland,EcM,2.46804,0.392352194,1.9
Seasonal frozen ground,Wetland,Wetland,EcM,2.4009,0.380374072,1.9
Seasonal frozen ground,Wetland,Wetland,NM,2.17008,0.336475744,1.9
Seasonal frozen ground,Wetland,Wetland,NM,3.63132,0.560064522,1.9
Seasonal frozen ground,Wetland,Wetland,AM,14.49672,1.161269751,1.9
Seasonal frozen ground,Wetland,Wetland,AM,17.47732,1.242474838,1.9
Seasonal frozen ground,Wetland,Wetland,NM,2.80028,0.447201459,1.9
Seasonal frozen ground,Wetland,Wetland,NM,1.16724,0.067160162,1.9
Seasonal frozen ground,Wetland,Wetland,AM,3.014,0.479143248,1.9
Seasonal frozen ground,Forest,Upland,EcM,7.3944,0.86890294,4.2
Seasonal frozen ground,Forest,Upland,EcM,7.584,0.879898324,4.2
Seasonal frozen ground,Forest,Upland,EcM,7.11,0.851869601,4.2
Seasonal frozen ground,Forest,Upland,EcM,7.3944,0.86890294,4.2
Seasonal frozen ground,Forest,Upland,EcM,8.1528,0.911306789,4.2
Seasonal frozen ground,Forest,Upland,EcM,8.058,0.906227263,4.2
Seasonal frozen ground,Forest,Upland,AM,0.9338,-0.02974613,6.4
Seasonal frozen ground,Forest,Upland,AM,1.3524,0.131105162,6.4
Seasonal frozen ground,Forest,Upland,EcM,0.966,-0.015022874,6.4
Seasonal frozen ground,Forest,Upland,EcM,1.5134,0.17995373,6.4
Seasonal frozen ground,Forest,Upland,EcM,0.9982,-0.000782434,6.4
Seasonal frozen ground,Forest,Upland,EcM,0.9982,-0.000782434,6.4
