layer,log_stock,MAP
0-20,1.415267232,400
0-20,1.3502771,630
0-20,1.372021892,630
0-20,1.060468926,588
0-20,0.938183367,588
0-20,0.9007439,490
0-20,0.548870745,490
20-40,0.25411284,490
20-40,0.098048109,490
0-20,1.089307988,490
0-20,0.568595931,490
20-40,0.317294287,490
20-40,0.051715775,490
0-20,1.154707526,490
0-20,0.767534317,490
20-40,0.657602681,490
20-40,0.421899936,490
20-40,1.308090379,500
0-20,1.484185944,550.7
0-20,1.390040207,550.7
0-20,2.01099495,452
20-40,2.09067345,452
20-40,2.041003225,452
0-20,1.711623758,522
0-20,1.727612495,522
20-40,1.626430297,522
20-40,1.65051809,522
0-20,1.826610068,522
0-20,1.571962023,522
20-40,1.58342856,522
20-40,1.515354631,522
0-20,0.547085225,425
0-20,0.878273589,425
0-20,1.167381178,425
0-20,1.889178401,425
0-20,1.79813941,490
0-20,1.924500317,438
0-20,1.899195117,438
0-20,1.833693596,438
20-40,1.768744361,438
20-40,1.592652089,438
0-20,2.052854551,438
0-20,2.019301339,438
0-20,1.943249026,438
20-40,1.824685225,438
20-40,1.647134608,438
0-20,0.996474887,438
0-20,0.962056891,438
0-20,0.956045542,438
20-40,1.016072244,438
20-40,0.945587552,438
0-20,1.844516441,438
0-20,1.718272573,438
0-20,1.867379418,438
20-40,1.924498508,438
20-40,1.805313561,438
0-20,1.730432067,500
0-20,1.701306121,500
20-40,1.77214198,500
20-40,1.727843076,500
0-20,1.484450321,500
0-20,1.366349429,500
20-40,1.167440887,500
20-40,1.07317097,500
0-20,1.360886113,500
0-20,0.981773382,500
20-40,0.809929536,500
20-40,0.700785066,500
0-20,0.894623206,500
0-20,0.718531947,500
20-40,0.596049716,500
20-40,0.633838277,500
0-20,1.454283965,350
0-20,1.180286549,350
20-40,1.05803782,350
0-20,1.700526159,350
0-20,1.572193743,350
20-40,1.152824016,350
0-20,1.388337628,350
0-20,1.247718149,350
20-40,0.975085211,350
0-20,1.660723725,350
0-20,1.582527317,350
20-40,1.183968401,350
0-20,1.023188237,442.95
0-20,1.006705587,442.95
0-20,0.91944421,442.95
0-20,1.842507393,438
0-20,1.711763578,438
0-20,1.861650908,438
20-40,1.920520441,438
20-40,1.798160258,438
0-20,0.997876179,438
0-20,0.959179199,438
0-20,0.955482963,438
20-40,1.015042403,438
20-40,0.943829209,438
0-20,1.149226538,490
0-20,1.21664933,490
0-20,1.115506701,490
0-20,1.957013138,452
0-20,1.765757937,452
0-20,2.092467993,452
0-20,1.938159331,452
0-20,2.001491409,452
0-20,1.821539729,452
0-20,2.097711127,498
20-40,2.119476188,498
0-20,2.052683786,430
20-40,2.034916623,430
0-20,0.942611212,490
0-20,0.530507087,490
0-20,0.942611212,490
0-20,0.482679283,490
0-20,0.969747597,490
0-20,0.58951177,490
0-20,1.122221155,490
0-20,0.685003291,490
0-20,0.956391318,490
0-20,0.565243195,490
0-20,1.006048267,490
0-20,0.652052881,490
0-20,1.016548697,490
0-20,0.573586355,490
0-20,1.033963908,490
0-20,0.634590145,490
0-20,1.062780507,490
0-20,0.694373546,490
0-20,1.019518431,490
0-20,0.641712048,490
0-20,0.908034439,490
0-20,0.561168226,490
0-20,0.874463296,490
0-20,0.497515721,490
0-20,0.872468652,490
0-20,0.467318019,490
0-20,1.023881044,490
0-20,0.678562112,490
0-20,0.892602129,490
0-20,0.516773311,490
0-20,0.925163519,432
0-20,0.511391327,432
0-20,1.198885752,472
0-20,0.78521594,472
0-20,1.29345979,500
0-20,0.717544023,500
0-20,1.94732587,450
0-20,1.891660091,450
20-40,1.992845011,450
0-20,1.95273434,450
0-20,1.931813704,450
20-40,1.948295573,450
0-20,1.154484837,452
0-20,2.043582317,452
20-40,2.126170385,452
20-40,2.046276596,452
0-20,0.970607222,490
0-20,0.511509071,490
0-20,0.998750945,490
0-20,0.671291388,490
0-20,1.011330216,490
0-20,0.642757282,490
0-20,1.237630689,558
0-20,2.120402548,400
0-20,1.95273434,450
0-20,1.931813704,450
20-40,1.856897985,450
0-20,1.94732587,450
0-20,1.891660091,450
20-40,1.948295573,450
0-20,1.239559728,580
20-40,1.202673547,580
0-20,1.352505127,700
0-20,1.379991143,700
0-20,1.252616167,700
0-20,1.398610736,700
0-20,1.252616167,700
0-20,1.198263295,700
0-20,1.262701627,700
0-20,1.247484226,700
0-20,1.540478636,700
0-20,1.252616167,700
0-20,1.335921436,700
0-20,1.426835154,700
0-20,1.242290916,700
0-20,1.262701627,700
0-20,1.198263295,700
0-20,1.162107769,700
0-20,0.920553232,400
0-20,1.163852236,400
0-20,0.675140175,400
0-20,1.163852236,400
0-20,0.776340817,400
0-20,0.804891467,400
0-20,0.920553232,400
0-20,0.675140175,400
0-20,0.675140175,400
0-20,0.785158931,400
0-20,0.804891467,400
0-20,0.675140175,400
0-20,0.675140175,400
0-20,0.675140175,400
0-20,0.675140175,400
0-20,0.776340817,400
0-20,1.163852236,400
0-20,0.985644689,400
0-20,0.675140175,400
0-20,1.030194785,630
0-20,1.093981704,630
20-40,1.072617477,630
20-40,1.173535895,630
0-20,1.122019172,630
0-20,1.224377652,630
20-40,1.151614972,630
20-40,1.224688417,630
0-20,1.15192118,630
0-20,1.11320777,630
20-40,1.115011071,630
20-40,1.098712931,630
0-20,1.112605002,630
0-20,1.218220304,630
20-40,1.240049772,630
20-40,1.230039981,630
0-20,1.151431144,630
0-20,1.242789809,630
20-40,1.258301976,630
20-40,1.145631415,630
0-20,0.792593379,440
0-20,0.416593914,440
20-40,0.241506635,440
20-40,0.39814842,440
0-20,0.637393654,440
0-20,0.416314248,440
20-40,0.305351369,440
20-40,0.377626753,440
0-20,0.801176015,566.9
0-20,0.940941554,520
0-20,1.030798763,400
0-20,1.61979524,519.9
0-20,,569
0-20,,534
0-20,,550.9
0-20,0.706046161,477
0-20,,554.8
0-20,,535
0-20,1.163703614,469
0-20,1.20370413,560
0-20,0.534491376,469.9
0-20,1.211599963,1000
0-20,,394.6
0-20,,1100
0-20,,534
0-20,0.99997988,477
0-20,1.20370413,560
0-20,,530
0-20,0.739225312,592
0-20,0.316738754,486
0-20,0.938904966,594
0-20,0.628922061,554.8
0-20,1.272180948,563
0-20,0.769397923,477
0-20,0.72437092,581
0-20,,550.9
0-20,,525
0-20,0.979047433,504
0-20,0.217728153,380
0-20,0.727514839,486.1
0-20,,561
0-20,,429
0-20,1.064318982,554
0-20,,569
0-20,0.685170018,554.8
0-20,0.979829241,564
0-20,1.131027402,566
0-20,0.454579643,486.1
0-20,0.675663532,554
0-20,1.099265531,583.1
0-20,1.028620311,544.8
0-20,,566
0-20,0.722255861,450
0-20,0.794661075,
0-20,0.733651492,429
0-20,0.920738135,440
0-20,,666.1
0-20,1.131027402,566
0-20,0.652708399,502
0-20,1.359100028,678
0-20,,800
0-20,,696
0-20,0.995176933,542
0-20,0.227284086,463
0-20,0.866417559,594
0-20,0.511216254,594
0-20,0.947404151,443.8
0-20,1.077987228,760
0-20,1.302940311,595
0-20,1.298082736,767
0-20,,628
0-20,0.738545133,737
0-20,1.103287691,1000
0-20,,767
0-20,0.315400434,737
0-20,1.231703698,423
0-20,0.520782835,377.9
0-20,0.368875537,378
0-20,0.452238394,790
0-20,0.783757712,810
0-20,,900
0-20,,780
0-20,,617
0-20,0.670917097,810
0-20,,590
0-20,0.717859636,800
0-20,,652
0-20,,690
0-20,-0.095652281,610
0-20,-0.449927789,620
0-20,0.573210943,650
0-20,,780
0-20,,500
0-20,,690
0-20,,940
0-20,,730
0-20,,1100
0-20,0.914722239,490
0-20,0.438947787,900
0-20,0.497205539,790
0-20,,630
0-20,0.362909114,670
0-20,0.719169726,810
0-20,0.589978094,505
0-20,0.380882485,740
0-20,0.335124995,630
0-20,,495
0-20,0.350432414,420
0-20,-0.044751014,480
0-20,,480
0-20,0.353590933,390
0-20,-0.024776168,470
0-20,0.841135815,600
0-20,0.775083924,620
0-20,2.03537754,425
0-20,1.942510055,704.2
0-20,1.863284783,425
0-20,1.860989259,380
0-20,1.010206641,625
0-20,1.344917433,490
20-40,1.303860603,490
0-20,1.297243897,490
20-40,1.192786497,490
0-20,1.178734135,490
20-40,1.1551714,490
0-20,2.017710978,465
20-40,2.031395859,465
0-20,1.799059201,558
20-40,1.15807528,558
0-20,1.871618114,450
0-20,2.015530338,450
0-20,1.280027168,480
0-20,1.033346541,480
20-40,0.945244585,480
0-20,1.848227998,450
0-20,1.510475732,450
20-40,1.387603561,450
0-20,,425
20-40,,425
0-20,1.14850394,450
0-20,1.14690287,450
20-40,1.086156163,450
20-40,0.942142043,450
0-20,1.082785087,442.95
20-40,1.245060268,442.95
0-20,0.981770601,442.9
0-20,1.011824096,442.9
0-20,0.949202585,442.9
0-20,0.991443169,442.9
0-20,0.804570104,442.9
0-20,0.805084715,442.9
0-20,1.360029639,450
0-20,1.246260195,450
20-40,1.267113506,450
0-20,1.095674165,450
0-20,1.009454295,450
20-40,0.544028336,450
0-20,1.079745462,450
0-20,0.984847628,450
20-40,0.988929777,450
0-20,1.314440279,490
0-20,1.376248375,490
0-20,1.500949647,490
0-20,1.493474781,490
0-20,1.297436584,490
0-20,1.146580707,490
0-20,1.45805437,490
0-20,1.396706948,460.8
0-20,1.380580235,460.8
0-20,1.035602621,425
0-20,0.944632675,425
0-20,1.007597583,425
0-20,1.269527887,400
0-20,0.714825813,400
20-40,0.678951547,400
0-20,1.320649693,400
0-20,0.808750972,400
20-40,0.377634034,400
0-20,1.160955676,400
0-20,1.048323697,400
20-40,0.52376207,400
0-20,2.168521054,452
20-40,2.141161193,452
0-20,1.947869758,425
20-40,1.999099208,425
0-20,1.948991639,425
20-40,1.900397719,425
0-20,1.906020253,425
20-40,1.767636664,425
0-20,1.808605239,425
20-40,1.69592625,425
0-20,2.001106908,425
20-40,2.074939985,425
0-20,2.001683532,425
20-40,2.053700614,425
0-20,1.999661987,425
20-40,2.05085208,425
0-20,1.979113863,425
20-40,2.015931172,425
0-20,0.902002891,470
0-20,0.915682589,470
0-20,0.886980018,470
0-20,0.969321774,470
0-20,0.887878249,470
0-20,0.917362647,470
0-20,0.958145153,470
0-20,,600
0-20,,450
0-20,0.453544604,375
0-20,0.511412732,375
0-20,0.583896713,375
20-40,0.447874027,375
0-20,0.415260555,375
0-20,0.426472222,375
0-20,0.471015788,375
20-40,0.225526375,375
0-20,0.281397022,375
0-20,0.253270142,375
0-20,0.191786248,375
20-40,0.24663643,375
0-20,0.269456903,375
0-20,0.224035553,375
0-20,0.136885378,375
20-40,0.160102213,375
0-20,0.348764232,375
0-20,0.338560074,375
0-20,0.224035553,375
20-40,0.112081925,375
0-20,0.687503991,375
0-20,0.652934476,375
0-20,0.597260674,375
20-40,0.440329636,375
0-20,0.681393214,375
0-20,0.583896713,375
0-20,0.426472222,375
20-40,0.242655701,375
0-20,1.309223784,432
0-20,1.050091162,432
20-40,0.953193145,432
20-40,0.955855087,432
0-20,1.094198517,432
0-20,0.917362647,432
20-40,0.809195967,432
20-40,0.838153663,432
0-20,-0.016879105,474
0-20,-0.016879105,474
0-20,-0.016879105,474
0-20,-0.016879105,474
0-20,-0.016879105,474
0-20,-0.016879105,474
0-20,-0.016879105,474
0-20,-0.003488328,474
0-20,-0.080921908,474
0-20,-0.04383157,474
0-20,-0.20481541,474
0-20,-0.089375595,474
0-20,-0.092588639,474
0-20,-0.094743951,474
20-40,-0.295849483,474
20-40,-0.156767222,474
20-40,-0.145693958,474
20-40,-0.199282922,474
20-40,-0.225483034,474
20-40,-0.164943898,474
20-40,-0.206209615,474
0-20,0.92867232,564
0-20,1.007863802,750
0-20,0.979045504,750
0-20,1.007476366,750
20-40,1.076591806,750
0-20,0.565375503,375
0-20,0.51054501,375
0-20,0.441852176,375
20-40,0.292256071,375
0-20,0.903159469,470
0-20,0.916803349,470
0-20,0.889073007,470
0-20,0.970559786,470
0-20,0.889073007,470
0-20,0.916803349,470
0-20,0.958526615,470
0-20,0.788493617,470
0-20,0.80617726,470
0-20,0.750807592,470
0-20,0.750807592,470
0-20,0.765325751,470
0-20,0.745858314,470
0-20,0.801823394,470
0-20,1.29578694,560
20-40,1.179838928,560
0-20,1.156609718,560
20-40,1.180068501,560
0-20,1.233909453,560
20-40,1.18999534,560
0-20,1.28546729,560
20-40,1.194292282,560
0-20,1.285647309,560
20-40,1.114610984,560
0-20,1.162862993,560
20-40,1.132835804,560
0-20,1.240549248,560
20-40,1.122150319,560
0-20,1.270119599,560
20-40,1.139123134,560
0-20,1.123417129,566.4
0-20,1.230127936,381.9
0-20,1.312118939,488.6
0-20,1.123417129,566.4
0-20,1.230127936,381.9
0-20,1.312118939,488.6
0-20,1.123417129,566.4
0-20,1.230071176,381.9
0-20,1.312118939,488.6
0-20,0.834339306,566.4
0-20,0.965237459,381.9
0-20,1.173851483,488.6
0-20,0.850143658,566.4
0-20,0.988421602,381.9
0-20,1.195342181,488.6
0-20,0.857835263,566.4
0-20,0.988421602,381.9
0-20,1.195342181,488.6
20-40,0.779382899,566.4
20-40,0.779382899,381.9
20-40,0.757273012,488.6
20-40,0.779382899,566.4
20-40,0.779382899,381.9
20-40,0.757273012,488.6
20-40,0.779382899,566.4
20-40,0.779382899,381.9
20-40,0.757273012,488.6
0-20,1.951196812,750
0-20,1.951196812,750
0-20,2.004445882,750
0-20,1.989142855,750
20-40,2.048289813,750
20-40,2.058427695,750
0-20,1.176410815,502.5
0-20,1.079710795,502.5
0-20,1.053757443,502.5
0-20,0.900747208,502.5
0-20,0.960303339,502.5
0-20,0.864553829,502.5
0-20,0.684953025,530.5
0-20,0.504062883,530.5
0-20,0.543163771,450
0-20,0.287264126,364
0-20,0.292078772,364
0-20,0.34182215,364
0-20,0.276213565,364
0-20,0.413182371,364
0-20,0.246301577,364
0-20,0.240549248,364
0-20,0.264496704,364
0-20,0.293954471,364
0-20,0.21571157,364
0-20,0.328770904,364
0-20,0.153363573,364
0-20,0.792489745,550
0-20,1.088855238,550
20-40,0.854777898,550
0-20,0.901449471,550
20-40,0.553184433,550
0-20,0.892274908,461
0-20,0.892683739,461
0-20,1.022176243,461
0-20,0.784210736,461
0-20,0.386677284,413.7
0-20,0.522704993,413.7
0-20,0.455758203,413.7
0-20,0.629001619,413.7
0-20,0.691435152,413.7
0-20,0.867632453,555
0-20,1.07471407,555
0-20,0.314183339,445
0-20,0.38344552,445
0-20,0.365398122,445
0-20,0.245083096,445
0-20,0.460711462,445
0-20,0.370350222,445
0-20,0.370350222,445
0-20,0.420516831,445
0-20,0.809142053,550
0-20,0.561602204,413.7
0-20,0.489339626,413.7
0-20,0.40715287,413.7
20-40,0.351022885,413.7
20-40,0.213995649,413.7
0-20,1.137508682,560
0-20,1.090363225,560
0-20,1.037609037,560
0-20,1.711915831,522
0-20,1.727233238,522
0-20,1.626658118,522
20-40,1.740687263,522
0-20,0.500428598,413.7
0-20,0.433481808,413.7
0-20,0.606725225,413.7
0-20,0.701343441,413.7
0-20,1.106427535,566
0-20,1.170591798,583
0-20,1.402031858,583
0-20,1.529976711,583
0-20,1.339262323,583
0-20,0.632760888,507.7
0-20,0.598067905,413.7
0-20,0.332519251,402
0-20,0.402364569,620
0-20,0.650424097,402.4
0-20,0.054613055,377.9
0-20,0.315214393,400
0-20,0.250615147,413.7
0-20,0.488832634,420.6
0-20,0.463713862,446.2
0-20,0.634474932,420
0-20,0.516493962,420
20-40,0.476499429,420
0-20,0.637457224,420
0-20,0.572213711,420
20-40,0.504961004,420
0-20,0.538081879,420
0-20,0.547994447,420
20-40,0.472461181,420
0-20,0.394703519,420
0-20,0.517596933,420
20-40,0.427144822,420
0-20,0.586532481,475
0-20,0.584936962,475
20-40,0.536151093,475
0-20,0.645201079,475
0-20,0.515818543,475
20-40,0.473156608,475
0-20,0.672794075,475
0-20,0.413711963,475
20-40,0.345889756,475
0-20,0.548906472,475
0-20,0.507348624,475
20-40,0.502116477,475
0-20,0.16070732,417.2
0-20,0.200864458,417.2
20-40,0.202795432,417.2
0-20,0.098519258,417.2
0-20,0.088896297,417.2
20-40,-0.022117322,417.2
0-20,0.214081302,417.2
0-20,0.130744096,417.2
20-40,0.049334966,417.2
0-20,0.374250617,417.2
0-20,0.27131861,417.2
20-40,0.08027149,417.2
0-20,-0.563455723,420.6
0-20,-0.684029655,420.6
20-40,-0.606459893,420.6
20-40,-0.674484337,420.6
0-20,0.536487738,420.6
0-20,0.490472582,420.6
20-40,0.371082647,420.6
20-40,0.307234955,420.6
0-20,0.219060332,415.4
0-20,-0.077648289,415.4
20-40,-0.206265477,415.4
20-40,-0.328197933,415.4
0-20,0.106653173,428
20-40,0.024805729,428
0-20,0.028408565,428
20-40,0.171726454,428
0-20,0.407815642,428
20-40,0.28057837,428
0-20,0.331439444,428
20-40,0.265148139,428
0-20,0.234122291,428
20-40,0.171726454,428
0-20,0.386677284,410
0-20,0.522704993,410
0-20,0.455758203,410
0-20,0.629001619,410
0-20,0.691435152,410
0-20,0.957825576,600
20-40,0.363122888,600
0-20,1.162110161,585
0-20,0.916284143,454
0-20,0.729638274,454
0-20,1.045083464,558
0-20,1.067361777,558
0-20,1.025417293,600
0-20,0.908883743,600
20-40,0.748018929,600
0-20,0.954265671,585
0-20,0.460963959,600
0-20,0.357500335,600
0-20,0.164578868,600
0-20,1.14527847,585
0-20,1.326992542,575
0-20,1.158731486,575
0-20,1.23802602,600
0-20,0.839402621,600
20-40,0.615655515,600
0-20,1.230448921,600
0-20,0.680081572,600
20-40,0.595760686,600
0-20,0.829020585,600
0-20,0.610660163,600
20-40,0.537768739,600
0-20,0.667565014,600
0-20,0.510115865,600
20-40,0.501387941,600
0-20,1.237821115,600
0-20,0.83974445,600
20-40,0.61500683,600
0-20,1.230587873,600
0-20,0.679340666,600
20-40,0.595760686,600
0-20,0.829720496,600
0-20,0.610080717,600
20-40,0.535825584,600
0-20,0.667565014,600
0-20,0.511573231,600
20-40,0.502230414,600
0-20,0.570584966,550
0-20,0.731427587,550
0-20,0.951030392,550
0-20,0.896548262,550
20-40,1.176841072,550
20-40,1.189641322,550
20-40,1.341651321,550
20-40,1.220505573,550
0-20,0.676678981,550
0-20,0.811414126,550
0-20,0.870570099,550
0-20,0.908324139,550
20-40,0.98099906,550
20-40,1.377300422,550
20-40,1.227529357,550
20-40,1.199996933,550
0-20,0.956480588,570
0-20,0.928530012,570
0-20,0.836873284,570
0-20,0.989114178,570
0-20,0.837854741,570
0-20,0.71015292,570
0-20,1.010242273,570
0-20,1.033525079,570
0-20,0.961039317,570
0-20,0.991185303,570
0-20,0.855286501,570
0-20,0.705998767,570
0-20,0.97982143,570
0-20,0.787262057,570
0-20,1.077043608,600
0-20,1.066706745,600
0-20,1.123360905,600
0-20,1.186383299,600
0-20,1.106552602,600
0-20,1.235729388,600
0-20,0.640775505,600
0-20,0.976521462,600
0-20,1.12699848,600
0-20,1.114080968,600
0-20,1.131255424,575
0-20,0.942510055,575
20-40,0.785275723,575
20-40,0.653388126,575
0-20,1.156609113,575
0-20,0.899467016,575
20-40,0.530192012,575
20-40,0.479572431,575
0-20,1.775943777,575
0-20,1.370016893,575
0-20,1.313713714,575
0-20,1.267935415,575
0-20,1.358586181,575
0-20,1.083147729,575
0-20,1.02057092,575
0-20,1.004364371,575
0-20,1.007408059,575
0-20,1.001587481,575
0-20,1.006364196,575
0-20,1.009676908,575
0-20,0.979968809,575
0-20,0.948058734,575
20-40,0.544564097,575
0-20,0.965728369,575
0-20,0.918707476,575
20-40,0.568858538,575
0-20,0.986917669,575
0-20,0.92389549,575
20-40,0.687279192,575
0-20,0.974995917,575
0-20,0.929022259,575
20-40,0.721051792,575
0-20,1.001667958,575
0-20,0.975412506,575
20-40,0.648789214,575
0-20,1.461508431,575
0-20,1.175838716,575
20-40,0.482873584,575
0-20,1.449609208,575
0-20,1.215526002,575
20-40,0.571475904,575
0-20,1.437374751,575
0-20,1.215526002,575
20-40,0.482873584,575
0-20,1.457547649,575
0-20,1.179584534,575
20-40,0.555142835,575
0-20,1.461508431,575
0-20,1.205019668,575
20-40,0.462278176,575
0-20,1.029156424,600
0-20,0.874344956,600
20-40,0.647148153,600
20-40,0.250478555,600
0-20,0.8722099,600
0-20,0.717815244,600
20-40,0.501407106,600
20-40,0.35758041,600
0-20,0.81646005,600
0-20,0.601886239,600
20-40,0.455986239,600
20-40,0.140972885,600
0-20,1.46146401,575
0-20,1.00607907,575
0-20,0.99490813,575
0-20,1.011933965,575
0-20,0.927733663,575
20-40,0.557006452,575
0-20,1.324305096,600
0-20,0.990791564,600
0-20,0.765482282,600
0-20,1.190970062,600
0-20,0.648798963,600
20-40,0.570356106,600
0-20,1.253118864,600
0-20,0.548023154,600
20-40,0.23363058,600
0-20,0.872076985,575
0-20,0.644271142,575
20-40,0.392352194,575
20-40,0.380374072,575
0-20,1.06483222,575
0-20,0.928178651,575
20-40,0.336475744,575
20-40,0.560064522,575
0-20,0.900552825,575
0-20,1.035992955,575
20-40,1.161269751,575
20-40,1.242474838,575
0-20,1.039334789,575
0-20,1.854073951,575
0-20,1.772131661,575
0-20,1.732941108,575
20-40,0.447201459,575
20-40,0.067160162,575
0-20,1.253764335,600
20-40,0.479143248,600
0-20,,569
0-20,,569
0-20,1.650268543,595
0-20,1.384575613,595
0-20,1.171129437,595
0-20,1.086188505,595
0-20,0.780921878,595
0-20,0.557652966,595
0-20,0.357784692,595
0-20,1.608329166,595
0-20,1.398148626,595
0-20,1.313900951,595
0-20,1.207688532,595
0-20,1.136872327,595
0-20,0.988488137,595
0-20,1.004046599,595
0-20,1.174582745,775
0-20,1.011621686,775
0-20,1.168521054,775
0-20,1.039492966,775
0-20,1.140608964,775
0-20,1.037140002,775
20-40,0.86890294,775
20-40,0.879898324,775
20-40,0.851869601,775
20-40,0.86890294,775
20-40,0.911306789,775
20-40,0.906227263,775
20-40,-0.02974613,450
20-40,0.131105162,450
20-40,-0.015022874,450
20-40,0.17995373,450
0-20,,569
0-20,,569
0-20,,569
0-20,1.779856039,595
0-20,1.574411102,595
0-20,1.349238893,595
0-20,1.158820316,595
0-20,0.635645757,595
0-20,0.352103018,595
0-20,0.152532948,595
20-40,-0.000782434,450
20-40,-0.000782434,450
