layer,log_stock,MAT
0-20,1.415267232,-5.5
0-20,1.3502771,0.4
0-20,1.372021892,0.4
0-20,1.060468926,2.52
0-20,0.938183367,2.52
0-20,0.9007439,-4.9
0-20,0.548870745,-4.9
20-40,0.25411284,-4.9
20-40,0.098048109,-4.9
0-20,1.089307988,-4.9
0-20,0.568595931,-4.9
20-40,0.317294287,-4.9
20-40,0.051715775,-4.9
0-20,1.154707526,-4.9
0-20,0.767534317,-4.9
20-40,0.657602681,-4.9
20-40,0.421899936,-4.9
20-40,1.308090379,-4
0-20,1.484185944,-2.2
0-20,1.390040207,-2.2
0-20,2.01099495,-3.9
20-40,2.09067345,-3.9
20-40,2.041003225,-3.9
0-20,1.711623758,-2.4
0-20,1.727612495,-2.4
20-40,1.626430297,-2.4
20-40,1.65051809,-2.4
0-20,1.826610068,-2.4
0-20,1.571962023,-2.4
20-40,1.58342856,-2.4
20-40,1.515354631,-2.4
0-20,0.547085225,-4.9
0-20,0.878273589,-4.9
0-20,1.167381178,-4.9
0-20,1.889178401,-4.2
0-20,1.79813941,-3
0-20,1.924500317,-4.2
0-20,1.899195117,-4.2
0-20,1.833693596,-4.2
20-40,1.768744361,-4.2
20-40,1.592652089,-4.2
0-20,2.052854551,-4.2
0-20,2.019301339,-4.2
0-20,1.943249026,-4.2
20-40,1.824685225,-4.2
20-40,1.647134608,-4.2
0-20,0.996474887,-4.2
0-20,0.962056891,-4.2
0-20,0.956045542,-4.2
20-40,1.016072244,-4.2
20-40,0.945587552,-4.2
0-20,1.844516441,-4.2
0-20,1.718272573,-4.2
0-20,1.867379418,-4.2
20-40,1.924498508,-4.2
20-40,1.805313561,-4.2
0-20,1.730432067,-2.3
0-20,1.701306121,-2.3
20-40,1.77214198,-2.3
20-40,1.727843076,-2.3
0-20,1.484450321,-2.3
0-20,1.366349429,-2.3
20-40,1.167440887,-2.3
20-40,1.07317097,-2.3
0-20,1.360886113,-2.3
0-20,0.981773382,-2.3
20-40,0.809929536,-2.3
20-40,0.700785066,-2.3
0-20,0.894623206,-2.3
0-20,0.718531947,-2.3
20-40,0.596049716,-2.3
20-40,0.633838277,-2.3
0-20,1.454283965,-3
0-20,1.180286549,-3
20-40,1.05803782,-3
0-20,1.700526159,-3
0-20,1.572193743,-3
20-40,1.152824016,-3
0-20,1.388337628,-3
0-20,1.247718149,-3
20-40,0.975085211,-3
0-20,1.660723725,-3
0-20,1.582527317,-3
20-40,1.183968401,-3
0-20,1.023188237,-3.3
0-20,1.006705587,-3.3
0-20,0.91944421,-3.3
0-20,1.842507393,-4.2
0-20,1.711763578,-4.2
0-20,1.861650908,-4.2
20-40,1.920520441,-4.2
20-40,1.798160258,-4.2
0-20,0.997876179,-4.2
0-20,0.959179199,-4.2
0-20,0.955482963,-4.2
20-40,1.015042403,-4.2
20-40,0.943829209,-4.2
0-20,1.149226538,-4.9
0-20,1.21664933,-4.9
0-20,1.115506701,-4.9
0-20,1.957013138,-3.9
0-20,1.765757937,-3.9
0-20,2.092467993,-3.9
0-20,1.938159331,-3.9
0-20,2.001491409,-3.9
0-20,1.821539729,-3.9
0-20,2.097711127,-3.6
20-40,2.119476188,-3.6
0-20,2.052683786,-5
20-40,2.034916623,-5
0-20,0.942611212,-4.1
0-20,0.530507087,-4.1
0-20,0.942611212,-4.1
0-20,0.482679283,-4.1
0-20,0.969747597,-4.1
0-20,0.58951177,-4.1
0-20,1.122221155,-4.1
0-20,0.685003291,-4.1
0-20,0.956391318,-4.1
0-20,0.565243195,-4.1
0-20,1.006048267,-4.1
0-20,0.652052881,-4.1
0-20,1.016548697,-4.1
0-20,0.573586355,-4.1
0-20,1.033963908,-4.1
0-20,0.634590145,-4.1
0-20,1.062780507,-4.1
0-20,0.694373546,-4.1
0-20,1.019518431,-4.1
0-20,0.641712048,-4.1
0-20,0.908034439,-4.1
0-20,0.561168226,-4.1
0-20,0.874463296,-4.1
0-20,0.497515721,-4.1
0-20,0.872468652,-4.1
0-20,0.467318019,-4.1
0-20,1.023881044,-4.1
0-20,0.678562112,-4.1
0-20,0.892602129,-4.1
0-20,0.516773311,-4.1
0-20,0.925163519,-4.9
0-20,0.511391327,-4.9
0-20,1.198885752,-2.2
0-20,0.78521594,-2.2
0-20,1.29345979,-3
0-20,0.717544023,-3
0-20,1.94732587,-3.9
0-20,1.891660091,-3.9
20-40,1.992845011,-3.9
0-20,1.95273434,-3.9
0-20,1.931813704,-3.9
20-40,1.948295573,-3.9
0-20,1.154484837,-3.9
0-20,2.043582317,-3.9
20-40,2.126170385,-3.9
20-40,2.046276596,-3.9
0-20,0.970607222,-4.9
0-20,0.511509071,-4.9
0-20,0.998750945,-4.9
0-20,0.671291388,-4.9
0-20,1.011330216,-4.9
0-20,0.642757282,-4.9
0-20,1.237630689,1.9
0-20,2.120402548,-5.5
0-20,1.95273434,-3.9
0-20,1.931813704,-3.9
20-40,1.856897985,-3.9
0-20,1.94732587,-3.9
0-20,1.891660091,-3.9
20-40,1.948295573,-3.9
0-20,1.239559728,2.5
20-40,1.202673547,2.5
0-20,1.352505127,2.8
0-20,1.379991143,2.8
0-20,1.252616167,2.8
0-20,1.398610736,2.8
0-20,1.252616167,2.8
0-20,1.198263295,2.8
0-20,1.262701627,2.8
0-20,1.247484226,2.8
0-20,1.540478636,2.8
0-20,1.252616167,2.8
0-20,1.335921436,2.8
0-20,1.426835154,2.8
0-20,1.242290916,2.8
0-20,1.262701627,2.8
0-20,1.198263295,2.8
0-20,1.162107769,2.8
0-20,0.920553232,-3
0-20,1.163852236,-3
0-20,0.675140175,-3
0-20,1.163852236,-3
0-20,0.776340817,-3
0-20,0.804891467,-3
0-20,0.920553232,-3
0-20,0.675140175,-3
0-20,0.675140175,-3
0-20,0.785158931,-3
0-20,0.804891467,-3
0-20,0.675140175,-3
0-20,0.675140175,-3
0-20,0.675140175,-3
0-20,0.675140175,-3
0-20,0.776340817,-3
0-20,1.163852236,-3
0-20,0.985644689,-3
0-20,0.675140175,-3
0-20,1.030194785,0.4
0-20,1.093981704,0.4
20-40,1.072617477,0.4
20-40,1.173535895,0.4
0-20,1.122019172,0.4
0-20,1.224377652,0.4
20-40,1.151614972,0.4
20-40,1.224688417,0.4
0-20,1.15192118,0.4
0-20,1.11320777,0.4
20-40,1.115011071,0.4
20-40,1.098712931,0.4
0-20,1.112605002,0.4
0-20,1.218220304,0.4
20-40,1.240049772,0.4
20-40,1.230039981,0.4
0-20,1.151431144,0.4
0-20,1.242789809,0.4
20-40,1.258301976,0.4
20-40,1.145631415,0.4
0-20,0.792593379,-3
0-20,0.416593914,-3
20-40,0.241506635,-3
20-40,0.39814842,-3
0-20,0.637393654,-3
0-20,0.416314248,-3
20-40,0.305351369,-3
20-40,0.377626753,-3
0-20,0.801176015,-0.5
0-20,0.940941554,-0.5
0-20,1.030798763,3.6
0-20,1.61979524,-0.5
0-20,,2.6
0-20,,2.3
0-20,,3.5
0-20,0.706046161,0.9
0-20,,3.1
0-20,,2.3
0-20,1.163703614,-1
0-20,1.20370413,1.3
0-20,0.534491376,-1
0-20,1.211599963,1
0-20,,-5.5
0-20,,-2.7
0-20,,2.3
0-20,0.99997988,0.9
0-20,1.20370413,1.3
0-20,,4.8
0-20,0.739225312,2.8
0-20,0.316738754,3.5
0-20,0.938904966,2.2
0-20,0.628922061,3.1
0-20,1.272180948,3.9
0-20,0.769397923,0.9
0-20,0.72437092,2.3
0-20,,3.5
0-20,,1.2
0-20,0.979047433,2.7
0-20,0.217728153,4.3
0-20,0.727514839,3.5
0-20,,1.3
0-20,,3.9
0-20,1.064318982,3.1
0-20,,2.6
0-20,0.685170018,3.1
0-20,0.979829241,3.9
0-20,1.131027402,0.4
0-20,0.454579643,3.5
0-20,0.675663532,3.1
0-20,1.099265531,-1.6
0-20,1.028620311,3.1
0-20,,0.4
0-20,0.722255861,2.7
0-20,0.794661075,2.7
0-20,0.733651492,3.9
0-20,0.920738135,2.4
0-20,,2.3
0-20,1.131027402,0.4
0-20,0.652708399,5.2
0-20,1.359100028,2
0-20,,2
0-20,,4.9
0-20,0.995176933,5.4
0-20,0.227284086,5.6
0-20,0.866417559,3.6
0-20,0.511216254,3.6
0-20,0.947404151,5.5
0-20,1.077987228,4
0-20,1.302940311,3.6
0-20,1.298082736,2.5
0-20,,2.6
0-20,0.738545133,4.1
0-20,1.103287691,1.5
0-20,,2
0-20,0.315400434,4.1
0-20,1.231703698,3.8
0-20,0.520782835,4.9
0-20,0.368875537,4.6
0-20,0.452238394,4.8
0-20,0.783757712,5
0-20,,4.7
0-20,,6
0-20,,10.2
0-20,0.670917097,7.2
0-20,,6.8
0-20,0.717859636,4.9
0-20,,9.3
0-20,,9.3
0-20,-0.095652281,8.2
0-20,-0.449927789,8.2
0-20,0.573210943,10.3
0-20,,8
0-20,,8.1
0-20,,9.1
0-20,,5.6
0-20,,7.5
0-20,,6.6
0-20,0.914722239,8.2
0-20,0.438947787,7.7
0-20,0.497205539,6.5
0-20,,8.7
0-20,0.362909114,9
0-20,0.719169726,4.8
0-20,0.589978094,8.2
0-20,0.380882485,8.4
0-20,0.335124995,8.3
0-20,,8.2
0-20,0.350432414,6
0-20,-0.044751014,6.5
0-20,,6.5
0-20,0.353590933,6
0-20,-0.024776168,7.9
0-20,0.841135815,8.3
0-20,0.775083924,8.3
0-20,2.03537754,-4
0-20,1.942510055,4.1
0-20,1.863284783,-4
0-20,1.860989259,-0.5
0-20,1.010206641,1.9
0-20,1.344917433,-2.12
20-40,1.303860603,-2.12
0-20,1.297243897,-2.12
20-40,1.192786497,-2.12
0-20,1.178734135,-2.12
20-40,1.1551714,-2.12
0-20,2.017710978,-4.3
20-40,2.031395859,-4.3
0-20,1.799059201,2.5
20-40,1.15807528,2.5
0-20,1.871618114,-3.9
0-20,2.015530338,-3.9
0-20,1.280027168,-1.1
0-20,1.033346541,-1.1
20-40,0.945244585,-1.1
0-20,1.848227998,-5.3
0-20,1.510475732,-5.3
20-40,1.387603561,-5.3
0-20,,-3.9
20-40,,-3.9
0-20,1.14850394,-3.9
0-20,1.14690287,-3.9
20-40,1.086156163,-3.9
20-40,0.942142043,-3.9
0-20,1.082785087,-3.3
20-40,1.245060268,-3.3
0-20,0.981770601,-3.3
0-20,1.011824096,-3.3
0-20,0.949202585,-3.3
0-20,0.991443169,-3.3
0-20,0.804570104,-3.3
0-20,0.805084715,-3.3
0-20,1.360029639,-3
0-20,1.246260195,-3
20-40,1.267113506,-3
0-20,1.095674165,-3
0-20,1.009454295,-3
20-40,0.544028336,-3
0-20,1.079745462,-3
0-20,0.984847628,-3
20-40,0.988929777,-3
0-20,1.314440279,-4.9
0-20,1.376248375,-4.9
0-20,1.500949647,-4.9
0-20,1.493474781,-4.9
0-20,1.297436584,-4.9
0-20,1.146580707,-4.9
0-20,1.45805437,-4.9
0-20,1.396706948,-5.5
0-20,1.380580235,-5.5
0-20,1.035602621,-4.9
0-20,0.944632675,-4.9
0-20,1.007597583,-4.9
0-20,1.269527887,-3
0-20,0.714825813,-3
20-40,0.678951547,-3
0-20,1.320649693,-3
0-20,0.808750972,-3
20-40,0.377634034,-3
0-20,1.160955676,-3
0-20,1.048323697,-3
20-40,0.52376207,-3
0-20,2.168521054,-4.3
20-40,2.141161193,-4.3
0-20,1.947869758,-3.5
20-40,1.999099208,-3.5
0-20,1.948991639,-3.5
20-40,1.900397719,-3.5
0-20,1.906020253,-3.5
20-40,1.767636664,-3.5
0-20,1.808605239,-3.5
20-40,1.69592625,-3.5
0-20,2.001106908,-3
20-40,2.074939985,-3
0-20,2.001683532,-3
20-40,2.053700614,-3
0-20,1.999661987,-3
20-40,2.05085208,-3
0-20,1.979113863,-3
20-40,2.015931172,-3
0-20,0.902002891,4.9
0-20,0.915682589,4.9
0-20,0.886980018,4.9
0-20,0.969321774,4.9
0-20,0.887878249,4.9
0-20,0.917362647,4.9
0-20,0.958145153,4.9
0-20,,4.6
0-20,,7.3
0-20,0.453544604,5.7
0-20,0.511412732,5.7
0-20,0.583896713,5.7
20-40,0.447874027,5.7
0-20,0.415260555,5.7
0-20,0.426472222,5.7
0-20,0.471015788,5.7
20-40,0.225526375,5.7
0-20,0.281397022,5.7
0-20,0.253270142,5.7
0-20,0.191786248,5.7
20-40,0.24663643,5.7
0-20,0.269456903,5.7
0-20,0.224035553,5.7
0-20,0.136885378,5.7
20-40,0.160102213,5.7
0-20,0.348764232,5.7
0-20,0.338560074,5.7
0-20,0.224035553,5.7
20-40,0.112081925,5.7
0-20,0.687503991,5.7
0-20,0.652934476,5.7
0-20,0.597260674,5.7
20-40,0.440329636,5.7
0-20,0.681393214,5.7
0-20,0.583896713,5.7
0-20,0.426472222,5.7
20-40,0.242655701,5.7
0-20,1.309223784,5.5
0-20,1.050091162,5.5
20-40,0.953193145,5.5
20-40,0.955855087,5.5
0-20,1.094198517,5.5
0-20,0.917362647,5.5
20-40,0.809195967,5.5
20-40,0.838153663,5.5
0-20,-0.016879105,7.7
0-20,-0.016879105,7.7
0-20,-0.016879105,7.7
0-20,-0.016879105,7.7
0-20,-0.016879105,7.7
0-20,-0.016879105,7.7
0-20,-0.016879105,7.7
0-20,-0.003488328,7.7
0-20,-0.080921908,7.7
0-20,-0.04383157,7.7
0-20,-0.20481541,7.7
0-20,-0.089375595,7.7
0-20,-0.092588639,7.7
0-20,-0.094743951,7.7
20-40,-0.295849483,7.7
20-40,-0.156767222,7.7
20-40,-0.145693958,7.7
20-40,-0.199282922,7.7
20-40,-0.225483034,7.7
20-40,-0.164943898,7.7
20-40,-0.206209615,7.7
0-20,0.92867232,5
0-20,1.007863802,3.1
0-20,0.979045504,3.1
0-20,1.007476366,3.1
20-40,1.076591806,3.1
0-20,0.565375503,5.5
0-20,0.51054501,5.5
0-20,0.441852176,5.5
20-40,0.292256071,5.5
0-20,0.903159469,4.9
0-20,0.916803349,4.9
0-20,0.889073007,4.9
0-20,0.970559786,4.9
0-20,0.889073007,4.9
0-20,0.916803349,4.9
0-20,0.958526615,4.9
0-20,0.788493617,4.9
0-20,0.80617726,4.9
0-20,0.750807592,4.9
0-20,0.750807592,4.9
0-20,0.765325751,4.9
0-20,0.745858314,4.9
0-20,0.801823394,4.9
0-20,1.29578694,3
20-40,1.179838928,3
0-20,1.156609718,3
20-40,1.180068501,3
0-20,1.233909453,3
20-40,1.18999534,3
0-20,1.28546729,3
20-40,1.194292282,3
0-20,1.285647309,3
20-40,1.114610984,3
0-20,1.162862993,3
20-40,1.132835804,3
0-20,1.240549248,3
20-40,1.122150319,3
0-20,1.270119599,3
20-40,1.139123134,3
0-20,1.123417129,4.3
0-20,1.230127936,4.7
0-20,1.312118939,4.2
0-20,1.123417129,4.3
0-20,1.230127936,4.7
0-20,1.312118939,4.2
0-20,1.123417129,4.3
0-20,1.230071176,4.7
0-20,1.312118939,4.2
0-20,0.834339306,4.3
0-20,0.965237459,4.7
0-20,1.173851483,4.2
0-20,0.850143658,4.3
0-20,0.988421602,4.7
0-20,1.195342181,4.2
0-20,0.857835263,4.3
0-20,0.988421602,4.7
0-20,1.195342181,4.2
20-40,0.779382899,4.3
20-40,0.779382899,4.7
20-40,0.757273012,4.2
20-40,0.779382899,4.3
20-40,0.779382899,4.7
20-40,0.757273012,4.2
20-40,0.779382899,4.3
20-40,0.779382899,4.7
20-40,0.757273012,4.2
0-20,1.951196812,3.1
0-20,1.951196812,3.1
0-20,2.004445882,3.1
0-20,1.989142855,3.1
20-40,2.048289813,3.1
20-40,2.058427695,3.1
0-20,1.176410815,1.3
0-20,1.079710795,1.3
0-20,1.053757443,1.3
0-20,0.900747208,1.3
0-20,0.960303339,1.3
0-20,0.864553829,1.3
0-20,0.684953025,7.2
0-20,0.504062883,7.2
0-20,0.543163771,5.5
0-20,0.287264126,4.9
0-20,0.292078772,4.9
0-20,0.34182215,4.9
0-20,0.276213565,4.9
0-20,0.413182371,4.9
0-20,0.246301577,4.9
0-20,0.240549248,4.9
0-20,0.264496704,4.9
0-20,0.293954471,4.9
0-20,0.21571157,4.9
0-20,0.328770904,4.9
0-20,0.153363573,4.9
0-20,0.792489745,1.5
0-20,1.088855238,0.4
20-40,0.854777898,0.4
0-20,0.901449471,0.4
20-40,0.553184433,0.4
0-20,0.892274908,0
0-20,0.892683739,0
0-20,1.022176243,0
0-20,0.784210736,0
0-20,0.386677284,4
0-20,0.522704993,4
0-20,0.455758203,4
0-20,0.629001619,4
0-20,0.691435152,4
0-20,0.867632453,1.9
0-20,1.07471407,1.9
0-20,0.314183339,4.9
0-20,0.38344552,4.9
0-20,0.365398122,4.9
0-20,0.245083096,4.9
0-20,0.460711462,4.9
0-20,0.370350222,4.9
0-20,0.370350222,4.9
0-20,0.420516831,4.9
0-20,0.809142053,1.5
0-20,0.561602204,4
0-20,0.489339626,4
0-20,0.40715287,4
20-40,0.351022885,4
20-40,0.213995649,4
0-20,1.137508682,4.5
0-20,1.090363225,4.5
0-20,1.037609037,4.5
0-20,1.711915831,-2.2
0-20,1.727233238,-2.2
0-20,1.626658118,-2.2
20-40,1.740687263,-2.2
0-20,0.500428598,4
0-20,0.433481808,4
0-20,0.606725225,4
0-20,0.701343441,4
0-20,1.106427535,2.5
0-20,1.170591798,1.9
0-20,1.402031858,1.9
0-20,1.529976711,1.9
0-20,1.339262323,1.9
0-20,0.632760888,4.7
0-20,0.598067905,4.3
0-20,0.332519251,4.9
0-20,0.402364569,4
0-20,0.650424097,4.9
0-20,0.054613055,5.5
0-20,0.315214393,5.3
0-20,0.250615147,4.3
0-20,0.488832634,4.6
0-20,0.463713862,4.5
0-20,0.634474932,4
0-20,0.516493962,4
20-40,0.476499429,4
0-20,0.637457224,4
0-20,0.572213711,4
20-40,0.504961004,4
0-20,0.538081879,4
0-20,0.547994447,4
20-40,0.472461181,4
0-20,0.394703519,4
0-20,0.517596933,4
20-40,0.427144822,4
0-20,0.586532481,4.2
0-20,0.584936962,4.2
20-40,0.536151093,4.2
0-20,0.645201079,4.2
0-20,0.515818543,4.2
20-40,0.473156608,4.2
0-20,0.672794075,4.2
0-20,0.413711963,4.2
20-40,0.345889756,4.2
0-20,0.548906472,4.2
0-20,0.507348624,4.2
20-40,0.502116477,4.2
0-20,0.16070732,4
0-20,0.200864458,4
20-40,0.202795432,4
0-20,0.098519258,4
0-20,0.088896297,4
20-40,-0.022117322,4
0-20,0.214081302,4
0-20,0.130744096,4
20-40,0.049334966,4
0-20,0.374250617,4
0-20,0.27131861,4
20-40,0.08027149,4
0-20,-0.563455723,4.6
0-20,-0.684029655,4.6
20-40,-0.606459893,4.6
20-40,-0.674484337,4.6
0-20,0.536487738,4.6
0-20,0.490472582,4.6
20-40,0.371082647,4.6
20-40,0.307234955,4.6
0-20,0.219060332,4.5
0-20,-0.077648289,4.5
20-40,-0.206265477,4.5
20-40,-0.328197933,4.5
0-20,0.106653173,4
20-40,0.024805729,4
0-20,0.028408565,4
20-40,0.171726454,4
0-20,0.407815642,4
20-40,0.28057837,4
0-20,0.331439444,4
20-40,0.265148139,4
0-20,0.234122291,4
20-40,0.171726454,4
0-20,0.386677284,4.3
0-20,0.522704993,4.3
0-20,0.455758203,4.3
0-20,0.629001619,4.3
0-20,0.691435152,4.3
0-20,0.957825576,2.2
20-40,0.363122888,2.2
0-20,1.162110161,1.9
0-20,0.916284143,2.3
0-20,0.729638274,2.3
0-20,1.045083464,2.5
0-20,1.067361777,2.5
0-20,1.025417293,1.9
0-20,0.908883743,1.9
20-40,0.748018929,1.9
0-20,0.954265671,1.9
0-20,0.460963959,11
0-20,0.357500335,11
0-20,0.164578868,11
0-20,1.14527847,1.9
0-20,1.326992542,2.5
0-20,1.158731486,2.5
0-20,1.23802602,1.7
0-20,0.839402621,1.7
20-40,0.615655515,1.7
0-20,1.230448921,1.7
0-20,0.680081572,1.7
20-40,0.595760686,1.7
0-20,0.829020585,1.7
0-20,0.610660163,1.7
20-40,0.537768739,1.7
0-20,0.667565014,1.7
0-20,0.510115865,1.7
20-40,0.501387941,1.7
0-20,1.237821115,1.7
0-20,0.83974445,1.7
20-40,0.61500683,1.7
0-20,1.230587873,1.7
0-20,0.679340666,1.7
20-40,0.595760686,1.7
0-20,0.829720496,1.7
0-20,0.610080717,1.7
20-40,0.535825584,1.7
0-20,0.667565014,1.7
0-20,0.511573231,1.7
20-40,0.502230414,1.7
0-20,0.570584966,1.9
0-20,0.731427587,1.9
0-20,0.951030392,1.9
0-20,0.896548262,1.9
20-40,1.176841072,1.9
20-40,1.189641322,1.9
20-40,1.341651321,1.9
20-40,1.220505573,1.9
0-20,0.676678981,1.9
0-20,0.811414126,1.9
0-20,0.870570099,1.9
0-20,0.908324139,1.9
20-40,0.98099906,1.9
20-40,1.377300422,1.9
20-40,1.227529357,1.9
20-40,1.199996933,1.9
0-20,0.956480588,2
0-20,0.928530012,2
0-20,0.836873284,2
0-20,0.989114178,2
0-20,0.837854741,2
0-20,0.71015292,2
0-20,1.010242273,2
0-20,1.033525079,2
0-20,0.961039317,2
0-20,0.991185303,2
0-20,0.855286501,2
0-20,0.705998767,2
0-20,0.97982143,1.9
0-20,0.787262057,1.9
0-20,1.077043608,2
0-20,1.066706745,2
0-20,1.123360905,2
0-20,1.186383299,2
0-20,1.106552602,2
0-20,1.235729388,2
0-20,0.640775505,2
0-20,0.976521462,2
0-20,1.12699848,2
0-20,1.114080968,2
0-20,1.131255424,1.9
0-20,0.942510055,1.9
20-40,0.785275723,1.9
20-40,0.653388126,1.9
0-20,1.156609113,1.9
0-20,0.899467016,1.9
20-40,0.530192012,1.9
20-40,0.479572431,1.9
0-20,1.775943777,1.9
0-20,1.370016893,1.9
0-20,1.313713714,1.9
0-20,1.267935415,1.9
0-20,1.358586181,1.9
0-20,1.083147729,1.9
0-20,1.02057092,1.9
0-20,1.004364371,1.9
0-20,1.007408059,1.9
0-20,1.001587481,1.9
0-20,1.006364196,1.9
0-20,1.009676908,1.9
0-20,0.979968809,1.9
0-20,0.948058734,1.9
20-40,0.544564097,1.9
0-20,0.965728369,1.9
0-20,0.918707476,1.9
20-40,0.568858538,1.9
0-20,0.986917669,1.9
0-20,0.92389549,1.9
20-40,0.687279192,1.9
0-20,0.974995917,1.9
0-20,0.929022259,1.9
20-40,0.721051792,1.9
0-20,1.001667958,1.9
0-20,0.975412506,1.9
20-40,0.648789214,1.9
0-20,1.461508431,1.9
0-20,1.175838716,1.9
20-40,0.482873584,1.9
0-20,1.449609208,1.9
0-20,1.215526002,1.9
20-40,0.571475904,1.9
0-20,1.437374751,1.9
0-20,1.215526002,1.9
20-40,0.482873584,1.9
0-20,1.457547649,1.9
0-20,1.179584534,1.9
20-40,0.555142835,1.9
0-20,1.461508431,1.9
0-20,1.205019668,1.9
20-40,0.462278176,1.9
0-20,1.029156424,1.9
0-20,0.874344956,1.9
20-40,0.647148153,1.9
20-40,0.250478555,1.9
0-20,0.8722099,1.9
0-20,0.717815244,1.9
20-40,0.501407106,1.9
20-40,0.35758041,1.9
0-20,0.81646005,1.9
0-20,0.601886239,1.9
20-40,0.455986239,1.9
20-40,0.140972885,1.9
0-20,1.46146401,1.9
0-20,1.00607907,1.9
0-20,0.99490813,1.9
0-20,1.011933965,1.9
0-20,0.927733663,1.9
20-40,0.557006452,1.9
0-20,1.324305096,1.9
0-20,0.990791564,1.9
0-20,0.765482282,1.9
0-20,1.190970062,1.9
0-20,0.648798963,1.9
20-40,0.570356106,1.9
0-20,1.253118864,1.9
0-20,0.548023154,1.9
20-40,0.23363058,1.9
0-20,0.872076985,1.9
0-20,0.644271142,1.9
20-40,0.392352194,1.9
20-40,0.380374072,1.9
0-20,1.06483222,1.9
0-20,0.928178651,1.9
20-40,0.336475744,1.9
20-40,0.560064522,1.9
0-20,0.900552825,1.9
0-20,1.035992955,1.9
20-40,1.161269751,1.9
20-40,1.242474838,1.9
0-20,1.039334789,1.9
0-20,1.854073951,1.9
0-20,1.772131661,1.9
0-20,1.732941108,1.9
20-40,0.447201459,1.9
20-40,0.067160162,1.9
0-20,1.253764335,1.9
20-40,0.479143248,1.9
0-20,,2.6
0-20,,2.6
0-20,1.650268543,3.6
0-20,1.384575613,3.6
0-20,1.171129437,3.6
0-20,1.086188505,3.6
0-20,0.780921878,3.6
0-20,0.557652966,3.6
0-20,0.357784692,3.6
0-20,1.608329166,3.6
0-20,1.398148626,3.6
0-20,1.313900951,3.6
0-20,1.207688532,3.6
0-20,1.136872327,3.6
0-20,0.988488137,3.6
0-20,1.004046599,3.6
0-20,1.174582745,4.2
0-20,1.011621686,4.2
0-20,1.168521054,4.2
0-20,1.039492966,4.2
0-20,1.140608964,4.2
0-20,1.037140002,4.2
20-40,0.86890294,4.2
20-40,0.879898324,4.2
20-40,0.851869601,4.2
20-40,0.86890294,4.2
20-40,0.911306789,4.2
20-40,0.906227263,4.2
20-40,-0.02974613,6.4
20-40,0.131105162,6.4
20-40,-0.015022874,6.4
20-40,0.17995373,6.4
0-20,,2.6
0-20,,2.6
0-20,,2.6
0-20,1.779856039,3.6
0-20,1.574411102,3.6
0-20,1.349238893,3.6
0-20,1.158820316,3.6
0-20,0.635645757,3.6
0-20,0.352103018,3.6
0-20,0.152532948,3.6
20-40,-0.000782434,6.4
20-40,-0.000782434,6.4
