layer,log_stock,MBC,log_MBC
0-20,1.415267232,0.2992024,-0.524034927
0-20,1.3502771,0.1030469,-0.986965069
0-20,1.372021892,0.240227136,-0.619377936
0-20,1.060468926,0.205741526,-0.686678043
0-20,0.938183367,0.619272192,-0.208118421
0-20,0.9007439,0.0609,-1.215382707
0-20,0.548870745,0.050512,-1.296605435
20-40,0.25411284,0.01224,-1.912218582
20-40,0.098048109,0.010416,-1.982299029
0-20,1.089307988,0.0904,-1.04383157
0-20,0.568595931,0.054812,-1.261124351
20-40,0.317294287,0.027056,-1.56773641
20-40,0.051715775,0.01963,-1.7070797
0-20,1.154707526,0.025398,-1.595200481
0-20,0.767534317,0.01537,-1.813326133
20-40,0.657602681,0.019398,-1.712243045
20-40,0.421899936,0.00925,-2.033858267
20-40,1.308090379,0.058201829,-1.235063364
0-20,1.484185944,0.085239006,-1.069361621
0-20,1.390040207,0.085239006,-1.069361621
0-20,2.01099495,0.93018,-0.031433003
20-40,2.09067345,1.025582,0.01097039
20-40,2.041003225,0.895432,-0.047967389
0-20,1.711623758,0.086668135,-1.06214055
0-20,1.727612495,0.086668135,-1.06214055
20-40,1.626430297,0.086668135,-1.06214055
20-40,1.65051809,0.086668135,-1.06214055
0-20,1.826610068,0.086550251,-1.062731666
0-20,1.571962023,0.086550251,-1.062731666
20-40,1.58342856,0.106823283,-0.971334078
20-40,1.515354631,0.106823283,-0.971334078
0-20,0.547085225,0.085239006,-1.069361621
0-20,0.878273589,0.085239006,-1.069361621
0-20,1.167381178,0.085239006,-1.069361621
0-20,1.889178401,0.094335569,-1.025324525
0-20,1.79813941,0.086668135,-1.06214055
0-20,1.924500317,0.095154086,-1.021572558
0-20,1.899195117,0.095154086,-1.021572558
0-20,1.833693596,0.095154086,-1.021572558
20-40,1.768744361,0.117442431,-0.930174969
20-40,1.592652089,0.117442431,-0.930174969
0-20,2.052854551,0.078154361,-1.107046783
0-20,2.019301339,0.078154361,-1.107046783
0-20,1.943249026,0.078154361,-1.107046783
20-40,1.824685225,0.083435061,-1.078651411
20-40,1.647134608,0.083435061,-1.078651411
0-20,0.996474887,0.096448343,-1.015705229
0-20,0.962056891,0.096448343,-1.015705229
0-20,0.956045542,0.096448343,-1.015705229
20-40,1.016072244,0.119039847,-0.924307641
20-40,0.945587552,0.119039847,-0.924307641
0-20,1.844516441,0.074081696,-1.130289082
0-20,1.718272573,0.074081696,-1.130289082
0-20,1.867379418,0.074081696,-1.130289082
20-40,1.924498508,0.079087216,-1.10189371
20-40,1.805313561,0.079087216,-1.10189371
0-20,1.730432067,0.31646766,-0.499670664
0-20,1.701306121,0.26131842,-0.582829976
20-40,1.77214198,0.269349124,-0.569684433
20-40,1.727843076,0.237442646,-0.624441277
0-20,1.484450321,0.33370152,-0.476641815
0-20,1.366349429,0.188933766,-0.723690419
20-40,1.167440887,0.226807062,-0.644343427
20-40,1.07317097,0.235315584,-0.62834931
0-20,1.360886113,0.33542424,-0.474405556
0-20,0.981773382,0.35955342,-0.444236576
20-40,0.809929536,0.32252814,-0.491432388
20-40,0.700785066,0.37145084,-0.430098655
0-20,0.894623206,0.145848228,-0.836098843
0-20,0.718531947,0.10276269,-0.988164536
20-40,0.596049716,0.111943522,-0.951001033
20-40,0.633838277,0.101307938,-0.994356524
0-20,1.454283965,0.072821921,-1.137737867
0-20,1.180286549,0.072821921,-1.137737867
20-40,1.05803782,0.077742321,-1.109342496
0-20,1.700526159,0.077742321,-1.109342496
0-20,1.572193743,0.072821921,-1.137737867
20-40,1.152824016,0.077742321,-1.109342496
0-20,1.388337628,0.072821921,-1.137737867
0-20,1.247718149,0.072821921,-1.137737867
20-40,0.975085211,0.077742321,-1.109342496
0-20,1.660723725,0.072821921,-1.137737867
0-20,1.582527317,0.072821921,-1.137737867
20-40,1.183968401,0.077742321,-1.109342496
0-20,1.023188237,0.065209031,-1.185692252
0-20,1.006705587,0.068133663,-1.166638262
0-20,0.91944421,0.038063384,-1.4194926
0-20,1.842507393,0.074081696,-1.130289082
0-20,1.711763578,0.074081696,-1.130289082
0-20,1.861650908,0.074081696,-1.130289082
20-40,1.920520441,0.079087216,-1.10189371
20-40,1.798160258,0.079087216,-1.10189371
0-20,0.997876179,0.096448343,-1.015705229
0-20,0.959179199,0.096448343,-1.015705229
0-20,0.955482963,0.096448343,-1.015705229
20-40,1.015042403,0.119039847,-0.924307641
20-40,0.943829209,0.119039847,-0.924307641
0-20,1.149226538,0.085223691,-1.069439662
0-20,1.21664933,0.085223691,-1.069439662
0-20,1.115506701,0.085239006,-1.069361621
0-20,1.957013138,0.074927073,-1.125361232
0-20,1.765757937,0.074927073,-1.125361232
0-20,2.092467993,0.074927073,-1.125361232
0-20,1.938159331,0.074927073,-1.125361232
0-20,2.001491409,0.074927073,-1.125361232
0-20,1.821539729,0.074927073,-1.125361232
0-20,2.097711127,0.072602288,-1.139049693
20-40,2.119476188,0.077507848,-1.110654321
0-20,2.052683786,0.073344063,-1.134635035
20-40,2.034916623,0.078299743,-1.106239664
0-20,0.942611212,0.085223691,-1.069439662
0-20,0.530507087,0.085223691,-1.069439662
0-20,0.942611212,0.085223691,-1.069439662
0-20,0.482679283,0.085223691,-1.069439662
0-20,0.969747597,0.085223691,-1.069439662
0-20,0.58951177,0.085223691,-1.069439662
0-20,1.122221155,0.085223691,-1.069439662
0-20,0.685003291,0.085223691,-1.069439662
0-20,0.956391318,0.085223691,-1.069439662
0-20,0.565243195,0.085223691,-1.069439662
0-20,1.006048267,0.085223691,-1.069439662
0-20,0.652052881,0.085223691,-1.069439662
0-20,1.016548697,0.085223691,-1.069439662
0-20,0.573586355,0.085223691,-1.069439662
0-20,1.033963908,0.085223691,-1.069439662
0-20,0.634590145,0.085223691,-1.069439662
0-20,1.062780507,0.085223691,-1.069439662
0-20,0.694373546,0.085223691,-1.069439662
0-20,1.019518431,0.085223691,-1.069439662
0-20,0.641712048,0.085223691,-1.069439662
0-20,0.908034439,0.085239006,-1.069361621
0-20,0.561168226,0.085239006,-1.069361621
0-20,0.874463296,0.085239006,-1.069361621
0-20,0.497515721,0.085239006,-1.069361621
0-20,0.872468652,0.085239006,-1.069361621
0-20,0.467318019,0.085239006,-1.069361621
0-20,1.023881044,0.085239006,-1.069361621
0-20,0.678562112,0.085239006,-1.069361621
0-20,0.892602129,0.085239006,-1.069361621
0-20,0.516773311,0.085239006,-1.069361621
0-20,0.925163519,0.08649025,-1.063032849
0-20,0.511391327,0.08649025,-1.063032849
0-20,1.198885752,0.079289765,-1.100782869
0-20,0.78521594,0.079289765,-1.100782869
0-20,1.29345979,0.071373,-1.146466048
0-20,0.717544023,0.071373,-1.146466048
20-40,1.992845011,1.53988,0.187486878
20-40,1.948295573,1.85772,0.268980257
0-20,1.154484837,0.008100224,-2.091502965
0-20,2.043582317,0.992784,-0.003145231
20-40,2.126170385,0.993798,-0.002701882
20-40,2.046276596,0.872964,-0.059003666
0-20,0.970607222,0.085223691,-1.069439662
0-20,0.511509071,0.085223691,-1.069439662
0-20,0.998750945,0.085223691,-1.069439662
0-20,0.671291388,0.085223691,-1.069439662
0-20,1.011330216,0.085239006,-1.069361621
0-20,0.642757282,0.085239006,-1.069361621
0-20,1.237630689,0.5952571,-0.225295416
0-20,2.120402548,1.24090896,0.09373992
20-40,1.856897985,1.5096,0.178861887
20-40,1.948295573,1.5344,0.18593859
0-20,1.239559728,0.098326244,-1.007330549
20-40,1.202673547,0.121357617,-0.91593296
0-20,1.352505127,0.066730832,-1.175673458
0-20,1.379991143,0.066730832,-1.175673458
0-20,1.252616167,0.066730832,-1.175673458
0-20,1.398610736,0.066730832,-1.175673458
0-20,1.252616167,0.066730832,-1.175673458
0-20,1.198263295,0.066730832,-1.175673458
0-20,1.262701627,0.066730832,-1.175673458
0-20,1.247484226,0.066730832,-1.175673458
0-20,1.540478636,0.066730832,-1.175673458
0-20,1.252616167,0.066730832,-1.175673458
0-20,1.335921436,0.066730832,-1.175673458
0-20,1.426835154,0.066730832,-1.175673458
0-20,1.242290916,0.066730832,-1.175673458
0-20,1.262701627,0.066730832,-1.175673458
0-20,1.198263295,0.066730832,-1.175673458
0-20,1.162107769,0.066730832,-1.175673458
0-20,0.920553232,0.07907674,-1.101951242
0-20,1.163852236,0.096448343,-1.015705229
0-20,0.675140175,0.113194246,-0.946175648
0-20,1.163852236,0.054918581,-1.260280691
0-20,0.776340817,0.110069508,-0.958332976
0-20,0.804891467,0.056836888,-1.245369709
0-20,0.920553232,0.069978886,-1.155032975
0-20,0.675140175,0.130224607,-0.885306943
0-20,0.675140175,0.07567299,-1.121059107
0-20,0.785158931,0.121956146,-0.913796308
0-20,0.804891467,0.074658414,-1.12692124
0-20,0.675140175,0.072369927,-1.140441866
0-20,0.675140175,0.128597791,-0.890766492
0-20,0.675140175,0.07567299,-1.121059107
0-20,0.675140175,0.104314544,-0.981655134
0-20,0.776340817,0.063781121,-1.195307851
0-20,1.163852236,0.060567817,-1.217758082
0-20,0.985644689,0.063829945,-1.19497553
0-20,0.675140175,0.134186868,-0.872289982
0-20,1.030194785,0.015912,-1.798275243
0-20,1.093981704,0.015912,-1.798275243
20-40,1.072617477,0.015912,-1.798275243
20-40,1.173535895,0.015912,-1.798275243
0-20,1.122019172,0.015912,-1.798275243
0-20,1.224377652,0.023867999,-1.622183984
20-40,1.151614972,0.023867999,-1.622183984
20-40,1.224688417,0.031823999,-1.497245248
0-20,1.15192118,0.015912,-1.798275243
0-20,1.11320777,0.023867999,-1.622183984
20-40,1.115011071,0.031823999,-1.497245248
20-40,1.098712931,0.095471997,-1.020123993
0-20,1.112605002,0.015912,-1.798275243
0-20,1.218220304,0.031823999,-1.497245248
20-40,1.240049772,0.079559998,-1.099305239
20-40,1.230039981,0.087515997,-1.057912554
0-20,1.151431144,0.015912,-1.798275243
0-20,1.242789809,0.023867999,-1.622183984
20-40,1.258301976,0.023867999,-1.622183984
20-40,1.145631415,0.015912,-1.798275243
0-20,0.792593379,0.031381633,-1.503324464
0-20,0.416593914,0.051975829,-1.284198572
20-40,0.241506635,0.06178259,-1.209133892
20-40,0.39814842,0.063743942,-1.195561085
0-20,0.637393654,0.046091773,-1.336376584
0-20,0.416314248,0.055408195,-1.256425994
20-40,0.305351369,0.061292252,-1.212594425
20-40,0.377626753,0.060801914,-1.216082752
0-20,0.801176015,0.072418639,-1.140149643
0-20,0.940941554,0.074956468,-1.125190884
0-20,1.030798763,0.034769289,-1.458804191
0-20,1.61979524,0.074956468,-1.125190884
0-20,0.706046161,0.080681607,-1.093225458
0-20,1.163703614,0.073200365,-1.135486755
0-20,1.20370413,0.086962728,-1.060666846
0-20,0.534491376,0.073200365,-1.135486755
0-20,1.211599963,0.078771796,-1.103629255
0-20,0.99997988,0.068396332,-1.164967188
0-20,1.20370413,0.086962728,-1.060666846
0-20,0.739225312,0.094525599,-1.024450563
0-20,0.316738754,0.110540424,-0.956478875
0-20,0.938904966,0.088679235,-1.052178061
0-20,0.628922061,0.081366318,-1.089555334
0-20,1.272180948,0.070159696,-1.1539123
0-20,0.769397923,0.068381024,-1.165064397
0-20,0.72437092,0.063434753,-1.197672747
0-20,0.979047433,0.083176,-1.080001969
0-20,0.217728153,0.072765628,-1.138073718
0-20,0.727514839,0.079260811,-1.100941488
0-20,1.064318982,0.081366318,-1.089555334
0-20,0.685170018,0.066485776,-1.17727126
0-20,0.979829241,0.08223857,-1.084924448
0-20,1.131027402,0.07548579,-1.122134797
0-20,0.454579643,0.063606316,-1.196499754
0-20,0.675663532,0.084117278,-1.07511479
0-20,1.099265531,0.089808178,-1.046684116
0-20,1.028620311,0.06650019,-1.177177114
0-20,0.722255861,0.11082871,-0.95534772
0-20,0.794661075,0.088374645,-1.05367232
0-20,0.733651492,0.070760254,-1.150210619
0-20,0.920738135,0.091753245,-1.037378567
0-20,1.131027402,0.07548579,-1.122134797
0-20,0.652708399,0.073580669,-1.133236268
0-20,1.359100028,0.066178688,-1.179281845
0-20,0.995176933,0.082389235,-1.084129529
0-20,0.227284086,0.046184906,-1.335499939
0-20,0.866417559,0.065922464,-1.180966569
0-20,0.511216254,0.095245994,-1.02115328
0-20,0.947404151,0.082389235,-1.084129529
0-20,1.077987228,0.09535788,-1.020643414
0-20,1.302940311,0.097099544,-1.012782808
0-20,1.298082736,0.061501694,-1.211112918
0-20,0.738545133,0.096776309,-1.014230944
0-20,1.103287691,0.06666992,-1.176070065
0-20,0.315400434,0.075886743,-1.119834085
0-20,1.231703698,0.087745057,-1.056777338
0-20,0.520782835,0.082178836,-1.085240013
0-20,0.368875537,0.085387309,-1.068606675
0-20,0.452238394,0.098617728,-1.006045008
0-20,0.783757712,0.097151937,-1.012548536
0-20,0.670917097,0.066776712,-1.175374969
0-20,0.717859636,0.060234673,-1.220153442
0-20,-0.095652281,0.074362959,-1.128643335
0-20,-0.449927789,0.072852609,-1.137554891
0-20,0.914722239,0.050690177,-1.295076192
0-20,0.438947787,0.062329095,-1.205309179
0-20,0.497205539,0.100277994,-0.998794361
0-20,0.362909114,0.039277769,-1.405853193
0-20,0.719169726,0.060234673,-1.220153442
0-20,0.589978094,0.056519558,-1.247801246
0-20,0.380882485,0.105971848,-0.974809492
0-20,0.335124995,0.098245361,-1.007687947
0-20,0.350432414,0.036707939,-1.435239993
0-20,-0.044751014,0.044403227,-1.352585466
0-20,0.353590933,0.057189406,-1.242684415
0-20,-0.024776168,0.053704354,-1.269990501
0-20,0.841135815,0.101182868,-0.994893013
0-20,0.775083924,0.098245361,-1.007687947
0-20,2.03537754,0.05248524,-1.279962813
0-20,1.942510055,0.06098488,-1.214777826
0-20,1.863284783,1.1565312,0.063157353
0-20,1.860989259,0.7443512,-0.128222107
0-20,1.010206641,0.6031846,-0.219549755
0-20,1.344917433,0.083887362,-1.07630346
20-40,1.303860603,0.103536655,-0.984905872
0-20,1.297243897,0.083066283,-1.080575221
20-40,1.192786497,0.086212727,-1.064428618
0-20,1.178734135,0.089044642,-1.050392209
20-40,1.1551714,0.109901945,-0.958994621
0-20,2.017710978,0.075088094,-1.124428917
20-40,2.031395859,0.080161614,-1.096033545
0-20,1.799059201,0.098135985,-1.008171715
20-40,1.15807528,0.121122792,-0.916774127
0-20,1.871618114,0.094621281,-1.024011178
0-20,2.015530338,0.094621281,-1.024011178
0-20,1.280027168,0.073320974,-1.134771774
0-20,1.033346541,0.073320974,-1.134771774
20-40,0.945244585,0.078275094,-1.106376402
0-20,1.848227998,0.072613241,-1.13898418
0-20,1.510475732,0.072613241,-1.13898418
20-40,1.387603561,0.077519541,-1.110588809
0-20,1.14850394,0.02318368,-1.634817626
0-20,1.14690287,0.01494844,-1.825404127
20-40,1.086156163,0.0102888,-1.987635275
20-40,0.942142043,0.03284824,-1.483487895
0-20,1.082785087,0.085223691,-1.069439662
20-40,1.245060268,0.088451854,-1.053293059
0-20,0.981770601,0.054124281,-1.266607858
0-20,1.011824096,0.053588397,-1.270929232
0-20,0.949202585,0.055731933,-1.253895893
0-20,0.991443169,0.056267817,-1.249739933
0-20,0.804570104,0.038583646,-1.413596736
0-20,0.805084715,0.036975994,-1.432080141
0-20,1.360029639,0.086739491,-1.061783131
0-20,1.246260195,0.086739491,-1.061783131
20-40,1.267113506,0.096532659,-1.01532573
0-20,1.095674165,0.086739491,-1.061783131
0-20,1.009454295,0.086739491,-1.061783131
20-40,0.544028336,0.096532659,-1.01532573
0-20,1.079745462,0.086739491,-1.061783131
0-20,0.984847628,0.086739491,-1.061783131
20-40,0.988929777,0.096532659,-1.01532573
0-20,1.314440279,0.04713333,-1.32667188
0-20,1.376248375,0.061594692,-1.210456712
0-20,1.500949647,0.050882572,-1.293430947
0-20,1.493474781,0.049275754,-1.307366725
0-20,1.297436584,0.04713333,-1.32667188
0-20,1.146580707,0.042312875,-1.373527461
0-20,1.45805437,0.047668936,-1.321764545
0-20,1.396706948,0.075050801,-1.124644669
0-20,1.380580235,0.075050801,-1.124644669
0-20,1.035602621,0.079687341,-1.098610665
0-20,0.944632675,0.079687341,-1.098610665
0-20,1.007597583,0.079687341,-1.098610665
0-20,1.269527887,0.079823209,-1.097870816
0-20,0.714825813,0.079823209,-1.097870816
20-40,0.678951547,0.085216669,-1.069475444
0-20,1.320649693,0.079823209,-1.097870816
0-20,0.808750972,0.079823209,-1.097870816
20-40,0.377634034,0.085216669,-1.069475444
0-20,1.160955676,0.079823209,-1.097870816
0-20,1.048323697,0.079823209,-1.097870816
20-40,0.52376207,0.085216669,-1.069475444
0-20,2.168521054,0.078292,-1.106282613
20-40,2.141161193,0.083582,-1.077887241
0-20,1.947869758,0.094663685,-1.023816595
20-40,1.999099208,0.076575017,-1.115912897
0-20,1.948991639,0.076860843,-1.114294859
20-40,1.900397719,0.082054143,-1.085899488
0-20,1.906020253,0.08339622,-1.078853631
20-40,1.767636664,0.082832732,-1.081798012
0-20,1.808605239,0.084552445,-1.072873828
20-40,1.69592625,0.091818671,-1.037068997
0-20,2.001106908,0.095175617,-1.0214743
20-40,2.074939985,0.117469004,-0.930076712
0-20,2.001683532,0.094468547,-1.024712763
20-40,2.053700614,0.116596315,-0.933315175
0-20,1.999661987,0.100702975,-0.996957699
20-40,2.05085208,0.124291059,-0.905560111
0-20,1.979113863,0.095983253,-1.017804536
20-40,2.015931172,0.118465817,-0.926406948
0-20,0.902002891,0.093788143,-1.027852061
0-20,0.915682589,0.093788143,-1.027852061
0-20,0.886980018,0.093788143,-1.027852061
0-20,0.969321774,0.093788143,-1.027852061
0-20,0.887878249,0.093788143,-1.027852061
0-20,0.917362647,0.093788143,-1.027852061
0-20,0.958145153,0.093788143,-1.027852061
0-20,0.453544604,0.048687481,-1.312582691
0-20,0.511412732,0.048687481,-1.312582691
0-20,0.583896713,0.048687481,-1.312582691
20-40,0.447874027,0.048386941,-1.315271829
0-20,0.415260555,0.048687481,-1.312582691
0-20,0.426472222,0.048687481,-1.312582691
0-20,0.471015788,0.048687481,-1.312582691
20-40,0.225526375,0.048386941,-1.315271829
0-20,0.281397022,0.048687481,-1.312582691
0-20,0.253270142,0.048687481,-1.312582691
0-20,0.191786248,0.048687481,-1.312582691
20-40,0.24663643,0.048386941,-1.315271829
0-20,0.269456903,0.048687481,-1.312582691
0-20,0.224035553,0.048687481,-1.312582691
0-20,0.136885378,0.048687481,-1.312582691
20-40,0.160102213,0.048386941,-1.315271829
0-20,0.348764232,0.048687481,-1.312582691
0-20,0.338560074,0.048687481,-1.312582691
0-20,0.224035553,0.048687481,-1.312582691
20-40,0.112081925,0.048386941,-1.315271829
0-20,0.687503991,0.048687481,-1.312582691
0-20,0.652934476,0.048687481,-1.312582691
0-20,0.597260674,0.048687481,-1.312582691
20-40,0.440329636,0.048386941,-1.315271829
0-20,0.681393214,0.048687481,-1.312582691
0-20,0.583896713,0.048687481,-1.312582691
0-20,0.426472222,0.048687481,-1.312582691
20-40,0.242655701,0.048386941,-1.315271829
0-20,1.309223784,0.093788143,-1.027852061
0-20,1.050091162,0.093788143,-1.027852061
20-40,0.953193145,0.097314014,-1.011824615
20-40,0.955855087,0.097314014,-1.011824615
0-20,1.094198517,0.093788143,-1.027852061
0-20,0.917362647,0.093788143,-1.027852061
20-40,0.809195967,0.097314014,-1.011824615
20-40,0.838153663,0.097314014,-1.011824615
0-20,-0.016879105,0.03770403,-1.423612228
0-20,-0.016879105,0.03770403,-1.423612228
0-20,-0.016879105,0.03770403,-1.423612228
0-20,-0.016879105,0.03770403,-1.423612228
0-20,-0.016879105,0.03770403,-1.423612228
0-20,-0.016879105,0.03770403,-1.423612228
0-20,-0.016879105,0.03770403,-1.423612228
0-20,-0.003488328,0.03770403,-1.423612228
0-20,-0.080921908,0.03770403,-1.423612228
0-20,-0.04383157,0.03770403,-1.423612228
0-20,-0.20481541,0.03770403,-1.423612228
0-20,-0.089375595,0.03770403,-1.423612228
0-20,-0.092588639,0.03770403,-1.423612228
0-20,-0.094743951,0.03770403,-1.423612228
20-40,-0.295849483,0.038517786,-1.414338684
20-40,-0.156767222,0.038517786,-1.414338684
20-40,-0.145693958,0.038517786,-1.414338684
20-40,-0.199282922,0.038517786,-1.414338684
20-40,-0.225483034,0.038517786,-1.414338684
20-40,-0.164943898,0.038517786,-1.414338684
20-40,-0.206209615,0.038517786,-1.414338684
0-20,0.92867232,0.088898963,-1.051103307
0-20,1.007863802,0.077058043,-1.113182023
0-20,0.979045504,0.101202392,-0.994809224
0-20,1.007476366,0.08496966,-1.070736122
20-40,1.076591806,0.09722653,-1.012215215
0-20,0.565375503,0.104425565,-0.981193168
0-20,0.51054501,0.101584053,-0.993174465
0-20,0.441852176,0.107267077,-0.969533555
20-40,0.292256071,0.112950101,-0.947113378
0-20,0.903159469,0.093788143,-1.027852061
0-20,0.916803349,0.093788143,-1.027852061
0-20,0.889073007,0.093788143,-1.027852061
0-20,0.970559786,0.093788143,-1.027852061
0-20,0.889073007,0.093788143,-1.027852061
0-20,0.916803349,0.093788143,-1.027852061
0-20,0.958526615,0.093788143,-1.027852061
0-20,0.788493617,0.093788143,-1.027852061
0-20,0.80617726,0.093788143,-1.027852061
0-20,0.750807592,0.093788143,-1.027852061
0-20,0.750807592,0.093788143,-1.027852061
0-20,0.765325751,0.093788143,-1.027852061
0-20,0.745858314,0.093788143,-1.027852061
0-20,0.801823394,0.093788143,-1.027852061
0-20,1.29578694,0.067322474,-1.171839935
20-40,1.179838928,0.07883816,-1.103263521
0-20,1.156609718,0.062893364,-1.201395179
20-40,1.180068501,0.077066516,-1.113134275
0-20,1.233909453,0.063779186,-1.195321031
20-40,1.18999534,0.077952338,-1.108170855
0-20,1.28546729,0.059350075,-1.226578725
20-40,1.194292282,0.06997994,-1.155026436
0-20,1.285647309,0.067322474,-1.171839935
20-40,1.114610984,0.082381448,-1.084170579
0-20,1.162862993,0.066436652,-1.177592264
20-40,1.132835804,0.082381448,-1.084170579
0-20,1.240549248,0.066436652,-1.177592264
20-40,1.122150319,0.081495626,-1.0888657
0-20,1.270119599,0.059350075,-1.226578725
20-40,1.139123134,0.07440905,-1.128374241
0-20,1.123417129,0.087376756,-1.058604085
0-20,1.230127936,0.087376756,-1.058604085
0-20,1.312118939,0.087376756,-1.058604085
0-20,1.123417129,0.087376756,-1.058604085
0-20,1.230127936,0.087376756,-1.058604085
0-20,1.312118939,0.087376756,-1.058604085
0-20,1.123417129,0.087376756,-1.058604085
0-20,1.230071176,0.087376756,-1.058604085
0-20,1.312118939,0.087376756,-1.058604085
0-20,0.834339306,0.087376756,-1.058604085
0-20,0.965237459,0.087376756,-1.058604085
0-20,1.173851483,0.087376756,-1.058604085
0-20,0.850143658,0.087376756,-1.058604085
0-20,0.988421602,0.087376756,-1.058604085
0-20,1.195342181,0.087376756,-1.058604085
0-20,0.857835263,0.087376756,-1.058604085
0-20,0.988421602,0.087376756,-1.058604085
0-20,1.195342181,0.087376756,-1.058604085
20-40,0.779382899,0.107843383,-0.967206497
20-40,0.779382899,0.107843383,-0.967206497
20-40,0.757273012,0.107843383,-0.967206497
20-40,0.779382899,0.107843383,-0.967206497
20-40,0.779382899,0.107843383,-0.967206497
20-40,0.757273012,0.107843383,-0.967206497
20-40,0.779382899,0.107843383,-0.967206497
20-40,0.779382899,0.107843383,-0.967206497
20-40,0.757273012,0.107843383,-0.967206497
0-20,1.951196812,0.067154354,-1.172925826
0-20,1.951196812,0.067154354,-1.172925826
0-20,2.004445882,0.067154354,-1.172925826
0-20,1.989142855,0.067154354,-1.172925826
20-40,2.048289813,0.07604243,-1.118944013
20-40,2.058427695,0.07604243,-1.118944013
0-20,1.176410815,0.069495363,-1.158044174
0-20,1.079710795,0.069495363,-1.158044174
0-20,1.053757443,0.069495363,-1.158044174
0-20,0.900747208,0.069495363,-1.158044174
0-20,0.960303339,0.069495363,-1.158044174
0-20,0.864553829,0.069495363,-1.158044174
0-20,0.684953025,0.0734966,-1.133732749
0-20,0.504062883,0.0734966,-1.133732749
0-20,0.543163771,0.045968148,-1.337542996
0-20,0.287264126,0.102771758,-0.988126215
0-20,0.292078772,0.11598527,-0.935597164
0-20,0.34182215,0.10130359,-0.994375164
0-20,0.276213565,0.116719354,-0.932857127
0-20,0.413182371,0.100569506,-0.997533684
0-20,0.246301577,0.117453438,-0.930134268
0-20,0.240549248,0.106442178,-0.972886249
0-20,0.264496704,0.119655689,-0.922066646
0-20,0.293954471,0.10497401,-0.978918213
0-20,0.21571157,0.120389773,-0.919410403
0-20,0.328770904,0.103505842,-0.985035138
0-20,0.153363573,0.120389773,-0.919410403
0-20,0.792489745,0.050854915,-1.293667069
0-20,1.088855238,0.035649461,-1.447947031
20-40,0.854777898,0.050927802,-1.293045071
0-20,0.901449471,0.047442801,-1.323829679
20-40,0.553184433,0.061675641,-1.209886327
0-20,0.892274908,0.062590306,-1.203492927
0-20,0.892683739,0.067537127,-1.170457419
0-20,1.022176243,0.037075123,-1.430917401
0-20,0.784210736,0.029785071,-1.526001366
0-20,0.386677284,0.07693,-1.113904268
0-20,0.522704993,0.07693,-1.113904268
0-20,0.455758203,0.07693,-1.113904268
0-20,0.629001619,0.07693,-1.113904268
0-20,0.691435152,0.071435,-1.146088951
0-20,0.867632453,0.029938752,-1.523766308
0-20,1.07471407,0.028691304,-1.542249714
0-20,0.314183339,0.1061872,-0.973927831
0-20,0.38344552,0.1044582,-0.981057462
0-20,0.365398122,0.096292,-1.016409793
0-20,0.245083096,0.1039528,-0.983163808
0-20,0.460711462,0.1039528,-0.983163808
0-20,0.370350222,0.1264564,-0.898059186
0-20,0.370350222,0.1039528,-0.983163808
0-20,0.420516831,0.0863968,-1.063502343
0-20,0.809142053,0.050854915,-1.293667069
0-20,0.561602204,0.0730835,-1.136180662
0-20,0.489339626,0.0730835,-1.136180662
0-20,0.40715287,0.0730835,-1.136180662
20-40,0.351022885,0.072534005,-1.139458339
20-40,0.213995649,0.072534005,-1.139458339
0-20,1.137508682,0.066773709,-1.175394502
0-20,1.090363225,0.066773709,-1.175394502
0-20,1.037609037,0.066773709,-1.175394502
0-20,1.711915831,0.086668135,-1.06214055
0-20,1.727233238,0.086668135,-1.06214055
0-20,1.626658118,0.086668135,-1.06214055
20-40,1.740687263,0.106968779,-0.970742962
0-20,0.500428598,0.0730835,-1.136180662
0-20,0.433481808,0.0730835,-1.136180662
0-20,0.606725225,0.0730835,-1.136180662
0-20,0.701343441,0.0730835,-1.136180662
0-20,1.106427535,0.049606033,-1.3044655
0-20,1.170591798,0.080609804,-1.093612135
0-20,1.402031858,0.064665008,-1.189330667
0-20,1.529976711,0.050491855,-1.296778672
0-20,1.339262323,0.031003771,-1.508585483
0-20,0.632760888,0.085822468,-1.066399001
0-20,0.598067905,0.086586458,-1.062550025
0-20,0.332519251,0.114594816,-0.940835029
0-20,0.402364569,0.092216217,-1.035192698
0-20,0.650424097,0.100553973,-0.997600766
0-20,0.054613055,0.120047507,-0.920646853
0-20,0.315214393,0.03777581,-1.422786217
0-20,0.250615147,0.118516607,-0.926220791
0-20,0.488832634,0.096110159,-1.017230706
0-20,0.463713862,0.100514303,-0.997772136
0-20,0.634474932,0.019979711,-1.699410789
0-20,0.516493962,0.024350273,-1.61349616
20-40,0.476499429,0.024766517,-1.60613506
0-20,0.637457224,0.023309663,-1.632463999
0-20,0.572213711,0.023101541,-1.636359043
20-40,0.504961004,0.025390883,-1.595322191
0-20,0.538081879,0.022685297,-1.644255524
0-20,0.547994447,0.024558395,-1.609800015
20-40,0.472461181,0.025599005,-1.59177691
0-20,0.394703519,0.019355345,-1.713199073
0-20,0.517596933,0.023725907,-1.62477717
20-40,0.427144822,0.024350273,-1.61349616
0-20,0.586532481,0.060660613,-1.217093207
0-20,0.584936962,0.074795125,-1.126126711
20-40,0.536151093,0.073617249,-1.133020419
0-20,0.645201079,0.066549993,-1.176851988
0-20,0.515818543,0.064783179,-1.188537746
20-40,0.473156608,0.073617249,-1.133020419
0-20,0.672794075,0.070083621,-1.15438347
0-20,0.413711963,0.068905745,-1.16174457
20-40,0.345889756,0.069494683,-1.158048424
0-20,0.548906472,0.068316807,-1.165472442
0-20,0.507348624,0.068316807,-1.165472442
20-40,0.502116477,0.075384062,-1.122720462
0-20,0.16070732,0.079834352,-1.097810195
0-20,0.200864458,0.089813646,-1.046657673
20-40,0.202795432,0.09595475,-1.017933522
0-20,0.098519258,0.08060199,-1.093654235
0-20,0.088896297,0.099025302,-1.004253824
20-40,-0.022117322,0.098257664,-1.007633565
0-20,0.214081302,0.073693248,-1.132572301
0-20,0.130744096,0.085975456,-1.065625512
20-40,0.049334966,0.085207818,-1.069520556
0-20,0.374250617,0.087510732,-1.057938683
0-20,0.27131861,0.10746932,-0.968715499
20-40,0.08027149,0.093651836,-1.028483704
0-20,-0.563455723,0.032023269,-1.494534338
0-20,-0.684029655,0.032023269,-1.494534338
20-40,-0.606459893,0.032023269,-1.494534338
20-40,-0.674484337,0.032023269,-1.494534338
0-20,0.536487738,0.104805,-0.979617998
0-20,0.490472582,0.104805,-0.979617998
20-40,0.371082647,0.104805,-0.979617998
20-40,0.307234955,0.104805,-0.979617998
0-20,0.219060332,0.083444,-1.078604886
0-20,-0.077648289,0.068816,-1.162310575
20-40,-0.206265477,0.05934,-1.226652458
20-40,-0.328197933,0.046816,-1.329605696
0-20,0.106653173,0.123183338,-0.909448031
20-40,0.024805729,0.129381242,-0.888128684
0-20,0.028408565,0.121633862,-0.914945503
20-40,0.171726454,0.127831766,-0.893361211
0-20,0.407815642,0.120084386,-0.920513457
20-40,0.28057837,0.123183338,-0.909448031
0-20,0.331439444,0.11853491,-0.926153725
20-40,0.265148139,0.127831766,-0.893361211
0-20,0.234122291,0.121633862,-0.914945503
20-40,0.171726454,0.127831766,-0.893361211
0-20,0.386677284,0.1014384,-0.993797611
0-20,0.522704993,0.1014384,-0.993797611
0-20,0.455758203,0.1014384,-0.993797611
0-20,0.629001619,0.1014384,-0.993797611
0-20,0.691435152,0.0941928,-1.025982294
0-20,0.957825576,0.036691424,-1.435435435
20-40,0.363122888,0.057955772,-1.236903307
0-20,1.162110161,0.067257711,-1.172257918
0-20,0.916284143,0.067257711,-1.172257918
0-20,0.729638274,0.067257711,-1.172257918
0-20,1.045083464,0.263858,-0.578629734
0-20,1.067361777,0.291522,-0.535328665
0-20,1.025417293,0.100136431,-0.999407894
0-20,0.908883743,0.100136431,-0.999407894
20-40,0.748018929,0.123591811,-0.908010305
0-20,0.954265671,0.067257711,-1.172257918
0-20,0.460963959,0.09396372,-1.027039798
0-20,0.357500335,0.0890775,-1.05023198
0-20,0.164578868,0.07909638,-1.101843392
0-20,1.14527847,0.50658368,-0.295348805
0-20,1.326992542,0.583416,-0.234021665
0-20,1.158731486,0.482184,-0.316787205
0-20,1.23802602,0.605744,-0.217710879
0-20,0.839402621,0.405008,-0.392536398
20-40,0.615655515,0.152768,-0.815967607
0-20,1.230448921,0.740656,-0.130383455
0-20,0.680081572,0.154224,-0.811848037
20-40,0.595760686,0.074228,-1.129432241
0-20,0.829020585,0.111792,-0.951589274
0-20,0.610660163,0.09248,-1.033952179
20-40,0.537768739,0.039424,-1.404239314
0-20,0.667565014,0.111792,-0.951589274
0-20,0.510115865,0.038624,-1.413142752
20-40,0.501387941,0.039424,-1.404239314
0-20,1.237821115,0.605744,-0.217710879
0-20,0.83974445,0.405008,-0.392536398
20-40,0.61500683,0.152768,-0.815967607
0-20,1.230587873,0.740656,-0.130383455
0-20,0.679340666,0.154224,-0.811848037
20-40,0.595760686,0.074228,-1.129432241
0-20,0.829720496,0.111792,-0.951589274
0-20,0.610080717,0.09248,-1.033952179
20-40,0.535825584,0.039424,-1.404239314
0-20,0.667565014,0.111792,-0.951589274
0-20,0.511573231,0.038624,-1.413142752
20-40,0.502230414,0.039424,-1.404239314
0-20,0.570584966,0.004329768,-2.363535379
0-20,0.731427587,0.00721628,-2.14168663
0-20,0.951030392,0.010102792,-1.995558594
0-20,0.896548262,0.015875816,-1.799263949
20-40,1.176841072,0.069276287,-1.159415397
20-40,1.189641322,0.069997915,-1.154914895
20-40,1.341651321,0.082265591,-1.084781778
20-40,1.220505573,0.086595359,-1.062505384
0-20,0.676678981,0.004329768,-2.363535379
0-20,0.811414126,0.005773024,-2.238596643
0-20,0.870570099,0.006494652,-2.18744412
0-20,0.908324139,0.00721628,-2.14168663
20-40,0.98099906,0.008659536,-2.062505384
20-40,1.377300422,0.034638144,-1.460445392
20-40,1.227529357,0.061338379,-1.212267704
20-40,1.199996933,0.084430475,-1.073500768
0-20,0.956480588,0.077414289,-1.111178872
0-20,0.928530012,0.077414289,-1.111178872
0-20,0.836873284,0.077414289,-1.111178872
0-20,0.989114178,0.077562361,-1.110348979
0-20,0.837854741,0.077562361,-1.110348979
0-20,0.71015292,0.077562361,-1.110348979
0-20,1.010242273,0.077562361,-1.110348979
0-20,1.033525079,0.077562361,-1.110348979
0-20,0.961039317,0.077562361,-1.110348979
0-20,0.991185303,0.078211485,-1.106729469
0-20,0.855286501,0.078211485,-1.106729469
0-20,0.705998767,0.078211485,-1.106729469
0-20,0.97982143,0.098326244,-1.007330549
0-20,0.787262057,0.098326244,-1.007330549
0-20,1.077043608,0.526386,-0.27869567
0-20,1.066706745,0.38807,-0.411089929
0-20,1.123360905,0.438202,-0.358325645
0-20,1.186383299,0.713022,-0.14689707
0-20,1.106552602,0.343978,-0.463469333
0-20,1.235729388,0.601886,-0.220485758
0-20,0.640775505,0.098452,-1.006775457
0-20,0.976521462,0.549338,-0.260160358
0-20,1.12699848,0.341864,-0.46614663
0-20,1.114080968,0.507662,-0.294425344
0-20,1.131255424,0.46509,-0.332462998
0-20,0.942510055,0.23421,-0.630394566
20-40,0.785275723,0.091516,-1.03850297
20-40,0.653388126,0.051512,-1.288091588
0-20,1.156609113,0.34277,-0.464997196
0-20,0.899467016,0.162174,-0.790018771
20-40,0.530192012,0.051282,-1.290035046
20-40,0.479572431,0.028194,-1.549843305
0-20,1.775943777,0.098326244,-1.007330549
0-20,1.370016893,0.098326244,-1.007330549
0-20,1.313713714,0.63344,-0.198294516
0-20,1.267935415,0.576608,-0.239119336
0-20,1.358586181,0.701848,-0.153756933
0-20,1.083147729,0.382284,-0.417613878
0-20,1.02057092,0.241314,-0.617417481
0-20,1.004364371,0.098326244,-1.007330549
0-20,1.007408059,0.098326244,-1.007330549
0-20,1.001587481,0.098326244,-1.007330549
0-20,1.006364196,0.098326244,-1.007330549
0-20,1.009676908,0.098326244,-1.007330549
0-20,0.979968809,0.21895,-0.65965505
0-20,0.948058734,0.199924,-0.699135068
20-40,0.544564097,0.07072,-1.150457748
0-20,0.965728369,0.318912,-0.496329139
0-20,0.918707476,0.236466,-0.626231295
20-40,0.568858538,0.10304,-0.98699415
0-20,0.986917669,0.160966,-0.793265848
0-20,0.92389549,0.135598,-0.867746716
20-40,0.687279192,0.0864,-1.063486258
0-20,0.974995917,0.154926,-0.809875692
0-20,0.929022259,0.13741,-0.86198166
20-40,0.721051792,0.03968,-1.401428337
0-20,1.001667958,0.438504,-0.358026441
0-20,0.975412506,0.307134,-0.512672104
20-40,0.648789214,0.12416,-0.906018296
0-20,1.461508431,0.763154,-0.117387815
0-20,1.175838716,0.69762,-0.156381077
20-40,0.482873584,0.05088,-1.293452897
0-20,1.449609208,0.793656,-0.100367696
0-20,1.215526002,0.689164,-0.161677417
20-40,0.571475904,0.06944,-1.158390288
0-20,1.437374751,0.593128,-0.226851574
0-20,1.215526002,0.444846,-0.35179031
20-40,0.482873584,0.03712,-1.430392032
0-20,1.457547649,0.627858,-0.202138568
0-20,1.179584534,0.593128,-0.226851574
20-40,0.555142835,0.04608,-1.33648753
0-20,1.461508431,1.164512,0.066143968
0-20,1.205019668,0.946468,-0.023894065
20-40,0.462278176,0.06944,-1.158390288
0-20,1.029156424,0.042519457,-1.37141229
0-20,0.874344956,0.047834389,-1.320259768
20-40,0.647148153,0.106298643,-0.973472281
20-40,0.250478555,0.105412821,-0.977106566
0-20,0.8722099,0.047834389,-1.320259768
0-20,0.717815244,0.077066516,-1.113134275
20-40,0.501407106,0.105412821,-0.977106566
20-40,0.35758041,0.114271041,-0.942063817
0-20,0.81646005,0.057578431,-1.239740171
0-20,0.601886239,0.070865762,-1.14956354
20-40,0.455986239,0.112499397,-0.948849806
20-40,0.140972885,0.108070287,-0.966293697
0-20,1.46146401,0.45066,-0.346150988
0-20,1.00607907,0.383394,-0.416354688
0-20,0.99490813,0.229992,-0.63828727
0-20,1.011933965,0.354312,-0.450614139
0-20,0.927733663,0.295704,-0.529142801
20-40,0.557006452,0.105216,-0.977918213
0-20,1.324305096,0.098326244,-1.007330549
0-20,0.990791564,0.098326244,-1.007330549
0-20,0.765482282,0.098326244,-1.007330549
0-20,1.190970062,0.060672706,-1.217006635
0-20,0.648798963,0.060672706,-1.217006635
20-40,0.570356106,0.06428896,-1.1918636
0-20,1.253118864,0.101203139,-0.994806017
0-20,0.548023154,0.101203139,-0.994806017
20-40,0.23363058,0.124908379,-0.903408429
0-20,0.872076985,0.042519457,-1.37141229
0-20,0.644271142,0.057578431,-1.239740171
20-40,0.392352194,0.116042685,-0.935382232
20-40,0.380374072,0.133759125,-0.87367658
0-20,1.06483222,0.039861991,-1.399441014
0-20,0.928178651,0.046948567,-1.328377658
20-40,0.336475744,0.08769638,-1.057018333
20-40,0.560064522,0.136416591,-0.865132807
0-20,0.900552825,0.012401508,-1.906525492
0-20,1.035992955,0.015944796,-1.797381022
20-40,1.161269751,0.024803017,-1.605495496
20-40,1.242474838,0.043405279,-1.362457447
0-20,1.039334789,0.3022844,-0.519584265
0-20,1.854073951,0.098326244,-1.007330549
0-20,1.772131661,0.098326244,-1.007330549
0-20,1.732941108,0.098326244,-1.007330549
20-40,0.447201459,0.121357617,-0.91593296
20-40,0.067160162,0.121357617,-0.91593296
0-20,1.253764335,0.098326244,-1.007330549
20-40,0.479143248,0.121357617,-0.91593296
0-20,1.650268543,0.093300387,-1.030116555
0-20,1.384575613,0.093300387,-1.030116555
0-20,1.171129437,0.093300387,-1.030116555
0-20,1.086188505,0.093300387,-1.030116555
0-20,0.780921878,0.093300387,-1.030116555
0-20,0.557652966,0.093300387,-1.030116555
0-20,0.357784692,0.093300387,-1.030116555
0-20,1.608329166,0.093300387,-1.030116555
0-20,1.398148626,0.093300387,-1.030116555
0-20,1.313900951,0.093300387,-1.030116555
0-20,1.207688532,0.093300387,-1.030116555
0-20,1.136872327,0.093300387,-1.030116555
0-20,0.988488137,0.093300387,-1.030116555
0-20,1.004046599,0.093300387,-1.030116555
0-20,1.174582745,0.079061006,-1.102037666
0-20,1.011621686,0.079061006,-1.102037666
0-20,1.168521054,0.079061006,-1.102037666
0-20,1.039492966,0.079061006,-1.102037666
0-20,1.140608964,0.079061006,-1.102037666
0-20,1.037140002,0.079061006,-1.102037666
20-40,0.86890294,0.084402965,-1.073642294
20-40,0.879898324,0.084402965,-1.073642294
20-40,0.851869601,0.084402965,-1.073642294
20-40,0.86890294,0.084402965,-1.073642294
20-40,0.911306789,0.084402965,-1.073642294
20-40,0.906227263,0.084402965,-1.073642294
20-40,-0.02974613,0.043790069,-1.35862437
20-40,0.131105162,0.043790069,-1.35862437
20-40,-0.015022874,0.043790069,-1.35862437
20-40,0.17995373,0.043790069,-1.35862437
0-20,1.779856039,0.093300387,-1.030116555
0-20,1.574411102,0.093300387,-1.030116555
0-20,1.349238893,0.093300387,-1.030116555
0-20,1.158820316,0.093300387,-1.030116555
0-20,0.635645757,0.093300387,-1.030116555
0-20,0.352103018,0.093300387,-1.030116555
0-20,0.152532948,0.093300387,-1.030116555
20-40,-0.000782434,0.043790069,-1.35862437
20-40,-0.000782434,0.043790069,-1.35862437
0-20,0.073498399,0.036849503,-1.433568363
20-40,0.166252452,0.036849503,-1.433568363
0-20,0.611170797,0.078633954,-1.104389885
0-20,0.198876927,0.049485727,-1.305520042
0-20,0.325104983,0.057169808,-1.242833264
0-20,0.730233006,0.037623304,-1.424543063
0-20,0.454265414,0.037623304,-1.424543063
20-40,0.282214133,0.037623304,-1.424543063
0-20,0.595848805,0.054511638,-1.263510766
20-40,0.313529773,0.054511638,-1.263510766
0-20,0.327971624,0.09547511,-1.020109832
20-40,-0.006916639,0.09547511,-1.020109832
0-20,0.457730548,0.055646518,-1.254562003
20-40,0.306081746,0.055646518,-1.254562003
0-20,0.954165295,0.071967665,-1.142862589
0-20,0.726564216,0.071967665,-1.142862589
20-40,0.479891883,0.071967665,-1.142862589
0-20,0.507667007,0.090118142,-1.04518777
20-40,0.42920301,0.090118142,-1.04518777
0-20,0.918449742,0.073695414,-1.132559537
20-40,0.368918802,0.073695414,-1.132559537
0-20,0.704081848,0.060744129,-1.216495688
0-20,0.684988906,0.060744129,-1.216495688
20-40,0.057818194,0.060744129,-1.216495688
0-20,0.785472203,0.076971333,-1.113670994
20-40,0.147367108,0.076971333,-1.113670994
0-20,0.647598108,0.07395598,-1.131026706
0-20,-0.057595059,0.057412916,-1.240990394
0-20,0.16124818,0.057412916,-1.240990394
20-40,-0.177570376,0.057412916,-1.240990394
0-20,0.279758173,0.050870663,-1.293532604
0-20,-0.002788417,0.050870663,-1.293532604
20-40,-0.328641997,0.050870663,-1.293532604
0-20,0.286007122,0.056677153,-1.24659197
20-40,0.053692939,0.056677153,-1.24659197
0-20,0.380645352,0.108345607,-0.965188695
0-20,0.206933795,0.108345607,-0.965188695
0-20,0.265336778,0.058298382,-1.234343497
20-40,-0.158265221,0.058298382,-1.234343497
0-20,-0.094743951,0.048619218,-1.313192029
0-20,0.686832819,0.056468562,-1.248193269
20-40,0.360820535,0.056468562,-1.248193269
0-20,0.752325078,0.080001398,-1.096902423
20-40,0.644477979,0.080001398,-1.096902423
0-20,0.388491962,0.057472716,-1.240538278
0-20,0.212400703,0.057472716,-1.240538278
0-20,1.273380969,0.071535503,-1.145478366
20-40,0.385105563,0.071535503,-1.145478366
0-20,0.731234127,0.063721422,-1.195714543
0-20,0.826282177,0.080260183,-1.095499855
20-40,0.728077694,0.080260183,-1.095499855
0-20,0.51645608,0.070635076,-1.15097958
20-40,0.349704847,0.070635076,-1.15097958
0-20,0.849689612,0.082107444,-1.085617466
20-40,0.561196822,0.082107444,-1.085617466
0-20,0.774487768,0.071930367,-1.143087726
0-20,0.92170728,0.063211985,-1.199200573
20-40,0.197996898,0.063211985,-1.199200573
0-20,0.761326322,0.087417676,-1.058400743
20-40,0.284205068,0.087417676,-1.058400743
0-20,0.9351847,0.088237304,-1.054347771
20-40,0.374381698,0.088237304,-1.054347771
0-20,0.694008182,0.065048665,-1.186761613
20-40,0.352105303,0.065048665,-1.186761613
0-20,0.647598108,0.07395598,-1.131026706
0-20,0.637689819,0.0722878,-1.140934994
0-20,0.886287631,0.044807531,-1.34864899
0-20,0.353339095,0.057020963,-1.243965454
20-40,0.131490346,0.057020963,-1.243965454
0-20,0.189658721,0.066687251,-1.175957185
0-20,0.198437135,0.059641309,-1.224452834
0-20,0.289053558,0.052744608,-1.277821934
0-20,0.614686342,0.038081351,-1.419287656
0-20,0.523095838,0.038081351,-1.419287656
20-40,0.143639235,0.038081351,-1.419287656
0-20,0.315970345,0.074205299,-1.129565078
0-20,0.29666519,0.074205299,-1.129565078
0-20,0.941113727,0.070887262,-1.149431797
0-20,0.352105303,0.107908576,-0.966944039
20-40,0.084075568,0.107908576,-0.966944039
0-20,0.548733278,0.093544751,-1.028980576
0-20,0.771234611,0.082120048,-1.085550806
20-40,0.40715287,0.082120048,-1.085550806
0-20,0.575095432,0.098614476,-1.006059329
20-40,0.641553426,0.098614476,-1.006059329
0-20,0.679282535,0.064834181,-1.188195972
0-20,0.730200674,0.054396094,-1.264432281
20-40,0.623745344,0.054396094,-1.264432281
0-20,0.783117174,0.070672438,-1.150749925
0-20,0.676876432,0.077284797,-1.111905927
0-20,0.54863506,0.077284797,-1.111905927
0-20,0.904120213,0.076851988,-1.114344892
0-20,0.8831502,0.076851988,-1.114344892
20-40,0.404491618,0.076851988,-1.114344892
0-20,0.937477803,0.077049197,-1.113231883
20-40,0.938799858,0.077049197,-1.113231883
0-20,1.387418304,0.061249223,-1.212899417
20-40,0.349238663,0.061249223,-1.212899417
0-20,1.017100182,0.070035246,-1.15468334
20-40,0.752017733,0.070035246,-1.15468334
0-20,0.349394101,0.052460977,-1.280163625
0-20,-0.139661993,0.03616909,-1.441662415
0-20,0.364062961,0.03718452,-1.429637818
20-40,0.325310372,0.03718452,-1.429637818
0-20,0.550472957,0.068188927,-1.166286144
0-20,0.170261715,0.068188927,-1.166286144
0-20,0.961933435,0.070693659,-1.150619538
20-40,0.266702,0.070693659,-1.150619538
0-20,0.189770956,0.087481605,-1.058083257
20-40,-0.02017857,0.087481605,-1.058083257
0-20,0.394801777,0.054231408,-1.265749122
20-40,-0.420673796,0.054231408,-1.265749122
0-20,0.586249639,0.091421005,-1.038954009
20-40,0.349160923,0.091421005,-1.038954009
20-40,-0.112720365,0.091421005,-1.038954009
0-20,0.89252865,0.107576604,-0.96828217
0-20,0.500428598,0.091821068,-1.037057659
0-20,0.80931725,0.106523635,-0.972554021
0-20,0.528505339,0.080236254,-1.095629355
0-20,-0.053351266,0.080236254,-1.095629355
0-20,0.833223633,0.087003792,-1.06046182
0-20,1.075517764,0.077899507,-1.108465289
0-20,0.919224577,0.081570129,-1.08846885
20-40,0.625106575,0.081570129,-1.08846885
0-20,0.402295781,0.027515905,-1.5604162
0-20,0.599468221,0.059984222,-1.22196297
0-20,0.335898992,0.091378958,-1.0391538
20-40,0.330697798,0.091378958,-1.0391538
0-20,0.37977673,0.101414037,-0.993901929
20-40,0.094541001,0.101414037,-0.993901929
0-20,0.536911794,0.055654974,-1.254496013
0-20,1.262280186,0.074334775,-1.128807969
0-20,0.749164092,0.081377378,-1.089496307
20-40,0.730233006,0.081377378,-1.089496307
0-20,0.849738754,0.070634789,-1.150981346
0-20,0.532193637,0.087616542,-1.057413893
20-40,0.325433558,0.087616542,-1.057413893
0-20,0.611170797,0.069400456,-1.158637679
20-40,0.015359755,0.069400456,-1.158637679
0-20,0.632497784,0.054592487,-1.262867119
20-40,0.362934629,0.054592487,-1.262867119
0-20,0.980494233,0.082039948,-1.085974622
0-20,1.350995757,0.072018848,-1.142553829
0-20,0.902916234,0.066727855,-1.175692833
20-40,0.407696758,0.066727855,-1.175692833
0-20,0.616412492,0.06567576,-1.18259489
0-20,0.097326736,0.06567576,-1.18259489
0-20,1.089339808,0.068949649,-1.16146794
20-40,0.51661469,0.068949649,-1.16146794
0-20,1.851774302,0.085074176,-1.070202247
0-20,0.492816273,0.049629603,-1.304259203
0-20,0.213677102,0.060203898,-1.220375392
0-20,0.102845197,0.100652908,-0.997173673
20-40,-0.022093539,0.100652908,-0.997173673
0-20,-0.078833949,0.038428219,-1.415349745
0-20,0.35564305,0.03662512,-1.436220941
20-40,0.484584529,0.03662512,-1.436220941
0-20,0.424881637,0.091368078,-1.039205512
0-20,0.475642138,0.056470378,-1.248179305
0-20,0.187577119,0.056470378,-1.248179305
0-20,0.455027715,0.063877447,-1.194652452
20-40,-0.010194316,0.063877447,-1.194652452
0-20,0.704287821,0.075163874,-1.123990844
20-40,0.234719705,0.075163874,-1.123990844
0-20,0.789298611,0.077238086,-1.112168495
0-20,0.75151005,0.077238086,-1.112168495
0-20,0.899426505,0.085386235,-1.068612135
0-20,0.671913012,0.075251698,-1.123483698
0-20,0.276461804,0.075251698,-1.123483698
20-40,0.194791758,0.075251698,-1.123483698
0-20,0.713322505,0.066014673,-1.180359523
20-40,0.150572248,0.066014673,-1.180359523
0-20,1.248149893,0.066090833,-1.179858776
20-40,0.416840137,0.066090833,-1.179858776
0-20,0.446661411,0.048335694,-1.315732043
0-20,0.207149453,0.048500464,-1.314254105
20-40,-0.136915175,0.048500464,-1.314254105
0-20,0.369327201,0.061891104,-1.20837177
20-40,0.0523091,0.061891104,-1.20837177
0-20,0.173302842,0.051820381,-1.285499395
20-40,0.009110806,0.051820381,-1.285499395
0-20,0.782687568,0.110444637,-0.95685537
20-40,0.196949541,0.110444637,-0.95685537
0-20,-0.018815863,0.086263269,-1.064174087
0-20,0.607111741,0.079603276,-1.099069061
20-40,-0.057595059,0.079603276,-1.099069061
0-20,0.699178416,0.065889602,-1.181183117
20-40,0.277471685,0.065889602,-1.181183117
0-20,0.524370155,0.076219702,-1.117932754
0-20,0.152532948,0.076219702,-1.117932754
0-20,0.9351847,0.067610246,-1.169987482
0-20,0.49248101,0.067610246,-1.169987482
20-40,0.43977466,0.067610246,-1.169987482
0-20,0.574100749,0.092538208,-1.033678914
20-40,0.47796008,0.092538208,-1.033678914
0-20,0.757320097,0.091083456,-1.040560501
20-40,0.437718861,0.091083456,-1.040560501
0-20,0.551986435,0.090263911,-1.044485851
20-40,0.528685358,0.090263911,-1.044485851
0-20,0.604830619,0.061043057,-1.214363724
20-40,-0.103033098,0.061043057,-1.214363724
0-20,0.583788017,0.061710274,-1.209642526
20-40,0.343053923,0.061710274,-1.209642526
0-20,0.242640798,0.057588913,-1.239661119
0-20,0.405790162,0.097462444,-1.011162701
20-40,0.270632261,0.097462444,-1.011162701
0-20,0.520509734,0.10074567,-0.996773609
0-20,0.49248101,0.10074567,-0.996773609
20-40,-0.249954688,0.10074567,-0.996773609
0-20,0.352105303,0.101200031,-0.994819352
20-40,0.178861887,0.101200031,-0.994819352
0-20,0.85135624,0.066905261,-1.174539729
0-20,1.017834375,0.076839822,-1.114413648
0-20,0.957013138,0.064737631,-1.188843196
20-40,0.260643707,0.064737631,-1.188843196
0-20,1.049930921,0.083939387,-1.076034207
20-40,0.669948798,0.083939387,-1.076034207
0-20,0.211761094,0.05492317,-1.260244402
0-20,0.501196242,0.061941709,-1.208016819
20-40,0.453134797,0.061941709,-1.208016819
0-20,0.414505394,0.057255575,-1.242182218
0-20,0.152104801,0.057255575,-1.242182218
20-40,0.258158193,0.057255575,-1.242182218
0-20,0.172953028,0.056196861,-1.250287946
20-40,-0.279344643,0.056196861,-1.250287946
0-20,0.566366774,0.059000232,-1.229146283
0-20,0.458305392,0.090892463,-1.041472128
20-40,0.165244326,0.090892463,-1.041472128
0-20,0.896173348,0.07633633,-1.117268726
20-40,0.706820158,0.07633633,-1.117268726
0-20,0.694008182,0.082488393,-1.083607159
0-20,0.586857248,0.063764688,-1.195419759
20-40,0.087781418,0.063764688,-1.195419759
20-40,-0.074069402,0.063764688,-1.195419759
0-20,0.872692252,0.088836702,-1.051407573
20-40,0.611170797,0.088836702,-1.051407573
0-20,0.701947719,0.054727151,-1.26179716
20-40,0.102021857,0.054727151,-1.26179716
0-20,1.013545011,0.057508224,-1.240270043
0-20,0.730911415,0.057508224,-1.240270043
20-40,0.431878179,0.057508224,-1.240270043
0-20,1.08088612,0.076126172,-1.118466007
0-20,0.930684199,0.086667911,-1.062141671
20-40,0.927657744,0.086667911,-1.062141671
0-20,0.872948356,0.046270935,-1.334691726
0-20,0.825179363,0.049716643,-1.303498206
0-20,0.515025612,0.061038255,-1.214397894
20-40,0.491361694,0.061530499,-1.210909566
0-20,0.652768341,0.094778191,-1.023291583
20-40,0.474099659,0.094778191,-1.023291583
0-20,0.860457795,0.071917345,-1.143166352
0-20,0.420516831,0.086672376,-1.0621193
0-20,0.354300562,0.086672376,-1.0621193
20-40,0.359380088,0.086672376,-1.0621193
0-20,0.559308011,0.090031371,-1.045606137
20-40,0.178401342,0.090031371,-1.045606137
0-20,1.058091856,0.06760803,-1.170001718
20-40,0.85135624,0.06760803,-1.170001718
0-20,0.520509734,0.098465292,-1.006716825
0-20,0.242143723,0.06775588,-1.169053012
20-40,-0.097344525,0.06775588,-1.169053012
0-20,0.474099659,0.090002165,-1.045747043
20-40,0.333366656,0.090002165,-1.045747043
0-20,0.196949541,0.090917907,-1.04135057
20-40,0.151982395,0.090917907,-1.04135057
0-20,1.253454319,0.063739935,-1.195588382
20-40,0.303800624,0.063739935,-1.195588382
0-20,0.948354273,0.056995556,-1.244159009
20-40,0.377634034,0.056995556,-1.244159009
0-20,1.155129471,0.125060167,-0.902880996
0-20,0.458244918,0.125060167,-0.902880996
0-20,0.787262057,0.088185796,-1.054601359
20-40,0.531989551,0.088185796,-1.054601359
0-20,0.68254217,0.063237551,-1.199024956
20-40,-0.334982175,0.063237551,-1.199024956
0-20,0.257774541,0.066394961,-1.177864877
0-20,0.242640798,0.060360973,-1.219243765
20-40,0.228400359,0.060360973,-1.219243765
0-20,0.363687176,0.05188277,-1.284976843
20-40,0.014352501,0.05188277,-1.284976843
0-20,0.450187502,0.086429787,-1.063336557
20-40,0.132451813,0.086429787,-1.063336557
0-20,0.224170352,0.038248269,-1.41738822
0-20,0.17759421,0.038248269,-1.41738822
20-40,-0.02816772,0.038248269,-1.41738822
0-20,0.905903799,0.071390623,-1.146358828
0-20,0.460747542,0.062657279,-1.203028471
20-40,0.084576278,0.062657279,-1.203028471
0-20,0.816466677,0.057389967,-1.241164022
20-40,0.123459619,0.057389967,-1.241164022
0-20,0.819977983,0.113490226,-0.945041539
20-40,0.780648458,0.113490226,-0.945041539
0-20,0.825504011,0.063135281,-1.199727879
20-40,0.260643707,0.063135281,-1.199727879
0-20,1.104569046,0.063188168,-1.199364235
20-40,0.333970933,0.063188168,-1.199364235
0-20,0.671172843,0.088894794,-1.051123674
20-40,-0.053351266,0.088894794,-1.051123674
0-20,0.687421935,0.066212145,-1.179062346
20-40,0.337658891,0.066212145,-1.179062346
0-20,0.68254217,0.063237551,-1.199024956
20-40,-0.334982175,0.063237551,-1.199024956
0-20,0.67610806,0.062307587,-1.205459066
20-40,-0.272621431,0.073002173,-1.136664211
0-20,0.740709986,0.087379011,-1.058592876
0-20,0.577583704,0.085493133,-1.068068768
20-40,0.388527468,0.087379011,-1.058592876
0-20,0.555553904,0.056200386,-1.2502607
20-40,0.536911794,0.056200386,-1.2502607
0-20,0.581881421,0.101070089,-0.995377352
20-40,-0.113734941,0.101070089,-0.995377352
0-20,0.493653196,0.06964125,-1.157133442
0-20,0.166252452,0.059583778,-1.224871962
20-40,0.149219113,0.059583778,-1.224871962
0-20,-0.024476287,0.037646759,-1.4242724
0-20,-0.042296958,0.044204618,-1.35453236
20-40,-0.285335007,0.044204618,-1.35453236
0-20,0.716804379,0.099345,-1.002853986
20-40,0.691399799,0.099345,-1.002853986
0-20,0.124504225,0.101705602,-0.992655126
20-40,-0.051587034,0.101705602,-0.992655126
0-20,0.39800949,0.103961848,-0.983126009
20-40,0.294113356,0.103961848,-0.983126009
0-20,0.662153208,0.098580248,-1.006210092
0-20,0.631118974,0.098580248,-1.006210092
0-20,0.848127511,0.076875599,-1.114211486
20-40,0.203032887,0.076875599,-1.114211486
0-20,0.556736548,0.113237977,-0.946007896
0-20,0.460837729,0.096221103,-1.016729668
20-40,0.424456931,0.096221103,-1.016729668
0-20,0.849763273,0.07723177,-1.11220401
20-40,0.848127511,0.07723177,-1.11220401
0-20,0.688330855,0.06966356,-1.156994334
20-40,0.263067719,0.06966356,-1.156994334
0-20,0.860457795,0.069362566,-1.15887485
0-20,1.14523371,0.070027382,-1.154732107
20-40,0.819596574,0.070027382,-1.154732107
0-20,0.555553904,0.056200386,-1.2502607
20-40,0.536911794,0.056200386,-1.2502607
0-20,0.581881421,0.101070089,-0.995377352
20-40,-0.113734941,0.101070089,-0.995377352
0-20,0.581881421,0.101070089,-0.995377352
20-40,-0.122628654,0.099021371,-1.004271066
0-20,0.487166667,0.04801225,-1.318647937
20-40,0.536911794,0.056200386,-1.2502607
0-20,0.29666519,0.035602247,-1.448522596
0-20,0.402295781,0.049568606,-1.304793299
20-40,-0.040005162,0.055590959,-1.25499583
20-40,0.089905111,0.056980733,-1.244271965
0-20,0.942087429,0.113269145,-0.945888377
20-40,0.76599617,0.113269145,-0.945888377
0-20,1.080337823,0.087417344,-1.058402394
20-40,0.675411694,0.087417344,-1.058402394
0-20,0.590596653,0.062448767,-1.204476132
0-20,0.250858955,0.062448767,-1.204476132
20-40,0.265336778,0.062448767,-1.204476132
0-20,0.122150319,0.055754758,-1.253718061
0-20,0.009110806,0.055754758,-1.253718061
20-40,0.009110806,0.055754758,-1.253718061
0-20,0.985085045,0.071651191,-1.144776586
0-20,0.807210233,0.071651191,-1.144776586
20-40,0.525407681,0.071651191,-1.144776586
0-20,0.305695229,0.091762288,-1.037335765
0-20,0.203685471,0.075207089,-1.123741222
20-40,0.015359755,0.075207089,-1.123741222
0-20,0.651471852,0.059074921,-1.228596848
20-40,0.583652109,0.059074921,-1.228596848
20-40,0.404491618,0.059074921,-1.228596848
0-20,0.543173718,0.095093848,-1.021847578
20-40,0.531989551,0.095093848,-1.021847578
20-40,0.430333103,0.095093848,-1.021847578
0-20,-0.072219151,0.051134165,-1.291288829
0-20,0.009450896,0.051134165,-1.291288829
20-40,0.078166708,0.051134165,-1.291288829
0-20,1.051708064,0.0836638,-1.077462413
0-20,0.79436255,0.0836638,-1.077462413
0-20,0.519539243,0.0836638,-1.077462413
0-20,0.872692252,0.068992864,-1.161195827
0-20,0.78521594,0.066858799,-1.174841431
0-20,1.545559454,0.086592208,-1.062521184
20-40,1.501689012,0.086592208,-1.062521184
0-20,0.752632239,0.061089297,-1.214034875
20-40,-0.286677495,0.061089297,-1.214034875
0-20,0.89124746,0.086889324,-1.061033582
0-20,0.705521613,0.076218302,-1.117940729
20-40,0.495821753,0.076218302,-1.117940729
0-20,0.886547123,0.06020219,-1.220387707
20-40,0.475642138,0.06020219,-1.220387707
0-20,0.942087429,0.113269145,-0.945888377
20-40,0.76599617,0.113269145,-0.945888377
0-20,0.807940721,0.083169658,-1.080035085
20-40,0.724603515,0.102971957,-0.987281032
0-20,0.746073457,0.056477738,-1.248122707
20-40,0.744996674,0.05700068,-1.244119965
0-20,-0.2644011,0.037839041,-1.422059885
0-20,0.282758021,0.063739896,-1.19558865
20-40,-0.10259286,0.063739896,-1.19558865
0-20,1.038985563,0.104468324,-0.981015372
20-40,0.721249873,0.104468324,-0.981015372
0-20,0.282214133,0.086832245,-1.06131897
20-40,0.217273326,0.086832245,-1.06131897
20-40,0.195733648,0.086832245,-1.06131897
0-20,0.719264977,0.098597602,-1.006133648
0-20,0.604830619,0.098597602,-1.006133648
0-20,0.868926433,0.080862937,-1.092250491
0-20,0.706820158,0.076264994,-1.117674757
20-40,0.234719705,0.076264994,-1.117674757
0-20,0.415407395,0.110978003,-0.954763093
0-20,0.342856728,0.110978003,-0.954763093
20-40,0.109578517,0.110978003,-0.954763093
0-20,1.051075308,0.068786256,-1.162498325
20-40,0.002770628,0.068786256,-1.162498325
0-20,0.816585947,0.061461666,-1.211395675
20-40,0.158844774,0.061461666,-1.211395675
0-20,0.321059629,0.062218095,-1.206083291
20-40,0.226960594,0.062218095,-1.206083291
0-20,1.273380969,0.067734864,-1.169187738
0-20,1.396603803,0.081380461,-1.089479853
20-40,0.959842428,0.081380461,-1.089479853
0-20,0.711840959,0.068027607,-1.167314803
20-40,0.48832505,0.068027607,-1.167314803
0-20,0.865743392,0.074998408,-1.124947953
20-40,0.5357497,0.074998408,-1.124947953
0-20,0.282758021,0.063739896,-1.19558865
20-40,-0.10259286,0.063739896,-1.19558865
0-20,0.244128619,0.058315224,-1.234218052
20-40,-0.10259286,0.063739896,-1.19558865
0-20,0.728077694,0.089811708,-1.046667044
0-20,0.684953025,0.089811708,-1.046667044
20-40,0.631707513,0.089811708,-1.046667044
0-20,0.379124146,0.040539998,-1.392116282
0-20,0.980494233,0.06988501,-1.155615968
0-20,0.723537731,0.111866316,-0.951300665
0-20,0.578937041,0.087432584,-1.058326684
20-40,-0.141222263,0.087432584,-1.058326684
0-20,1.290835647,0.07185844,-1.143522216
20-40,0.680806726,0.07185844,-1.143522216
0-20,1.286869459,0.067761801,-1.16901506
0-20,0.747753515,0.067761801,-1.16901506
0-20,0.651471852,0.074682274,-1.126782469
0-20,0.630020851,0.074682274,-1.126782469
20-40,0.395151592,0.074682274,-1.126782469
0-20,1.045401223,0.063668139,-1.196077841
20-40,0.925208921,0.063668139,-1.196077841
0-20,0.728077694,0.089811708,-1.046667044
0-20,0.684953025,0.089811708,-1.046667044
20-40,0.631707513,0.089811708,-1.046667044
0-20,0.728077694,0.089811708,-1.046667044
0-20,0.651006495,0.083058948,-1.080613573
20-40,0.631707513,0.089811708,-1.046667044
0-20,0.455636535,0.110699196,-0.955855534
20-40,-0.287350298,0.110699196,-0.955855534
0-20,1.488031509,0.065390703,-1.184483991
20-40,0.057818194,0.065390703,-1.184483991
0-20,0.198437135,0.05948536,-1.225589903
0-20,0.063032965,0.05948536,-1.225589903
0-20,0.38474756,0.057374311,-1.241282521
0-20,0.22110112,0.057374311,-1.241282521
0-20,0.083717564,0.057374311,-1.241282521
0-20,0.313698562,0.10956423,-0.960331209
20-40,0.272862308,0.10956423,-0.960331209
0-20,0.611170797,0.101813639,-0.99219404
0-20,0.598396509,0.101813639,-0.99219404
0-20,0.517723595,0.072639287,-1.138828427
20-40,0.432712805,0.072639287,-1.138828427
20-40,0.514494625,0.072639287,-1.138828427
0-20,0.538824989,0.088967957,-1.050766383
20-40,0.106122874,0.088967957,-1.050766383
0-20,1.504715467,0.070505722,-1.151775635
0-20,0.789355046,0.070505722,-1.151775635
0-20,0.831537083,0.086549766,-1.062734104
20-40,0.366086632,0.086549766,-1.062734104
0-20,0.728970286,0.073812633,-1.131869301
20-40,0.395570997,0.073812633,-1.131869301
0-20,0.870965433,0.083118874,-1.080300349
0-20,0.813714392,0.083118874,-1.080300349
20-40,0.449015316,0.083118874,-1.080300349
0-20,1.201265997,0.075947974,-1.119483806
0-20,0.894537585,0.075947974,-1.119483806
20-40,0.284205068,0.075947974,-1.119483806
0-20,0.484442208,0.075942361,-1.119515902
0-20,0.444200989,0.075942361,-1.119515902
0-20,0.455636535,0.110699196,-0.955855534
20-40,-0.287350298,0.110699196,-0.955855534
0-20,1.488031509,0.065390703,-1.184483991
20-40,0.057818194,0.065390703,-1.184483991
0-20,0.455636535,0.110699196,-0.955855534
20-40,-0.287350298,0.110699196,-0.955855534
0-20,1.488031509,0.065390703,-1.184483991
20-40,0.079615324,0.068756401,-1.162686862
