layer,log_stock,NDSI
0-20,1.415267232,18.3852997
0-20,1.3502771,5.4612799
0-20,1.372021892,7.5397801
0-20,1.060468926,21.0009003
0-20,0.938183367,24.4498997
0-20,0.9007439,17.1676998
0-20,0.548870745,17.1676998
20-40,0.25411284,17.1676998
20-40,0.098048109,17.1676998
0-20,1.089307988,17.1676998
0-20,0.568595931,17.1676998
20-40,0.317294287,17.1676998
20-40,0.051715775,17.1676998
0-20,1.154707526,17.1676998
0-20,0.767534317,17.1676998
20-40,0.657602681,17.1676998
20-40,0.421899936,17.1676998
20-40,1.308090379,6.7214298
0-20,1.484185944,11.0199003
0-20,1.390040207,11.0199003
0-20,2.01099495,12.1788998
20-40,2.09067345,12.1788998
20-40,2.041003225,12.1788998
0-20,1.711623758,12.1014004
0-20,1.727612495,12.1014004
20-40,1.626430297,12.1014004
20-40,1.65051809,12.1014004
0-20,1.826610068,12.559
0-20,1.571962023,12.559
20-40,1.58342856,12.559
20-40,1.515354631,12.559
0-20,0.547085225,11.0199003
0-20,0.878273589,11.0199003
0-20,1.167381178,11.0199003
0-20,1.889178401,15.8376999
0-20,1.79813941,12.1014004
0-20,1.924500317,9.2787199
0-20,1.899195117,9.2787199
0-20,1.833693596,9.2787199
20-40,1.768744361,9.2787199
20-40,1.592652089,9.2787199
0-20,2.052854551,12.1511002
0-20,2.019301339,12.1511002
0-20,1.943249026,12.1511002
20-40,1.824685225,12.1511002
20-40,1.647134608,12.1511002
0-20,0.996474887,4.9176002
0-20,0.962056891,4.9176002
0-20,0.956045542,4.9176002
20-40,1.016072244,4.9176002
20-40,0.945587552,4.9176002
0-20,1.844516441,17.6648006
0-20,1.718272573,17.6648006
0-20,1.867379418,17.6648006
20-40,1.924498508,17.6648006
20-40,1.805313561,17.6648006
0-20,1.730432067,12.1014004
0-20,1.701306121,12.1014004
20-40,1.77214198,12.1014004
20-40,1.727843076,12.1014004
0-20,1.484450321,12.1014004
0-20,1.366349429,12.1014004
20-40,1.167440887,12.1014004
20-40,1.07317097,12.1014004
0-20,1.360886113,12.1014004
0-20,0.981773382,12.1014004
20-40,0.809929536,12.1014004
20-40,0.700785066,12.1014004
0-20,0.894623206,12.1014004
0-20,0.718531947,12.1014004
20-40,0.596049716,12.1014004
20-40,0.633838277,12.1014004
0-20,1.454283965,7.9060602
0-20,1.180286549,7.9060602
20-40,1.05803782,7.9060602
0-20,1.700526159,7.9060602
0-20,1.572193743,7.9060602
20-40,1.152824016,7.9060602
0-20,1.388337628,7.9060602
0-20,1.247718149,7.9060602
20-40,0.975085211,7.9060602
0-20,1.660723725,7.9060602
0-20,1.582527317,7.9060602
20-40,1.183968401,7.9060602
0-20,1.023188237,11.0199003
0-20,1.006705587,14.1899996
0-20,0.91944421,16.2763996
0-20,1.842507393,17.6648006
0-20,1.711763578,17.6648006
0-20,1.861650908,17.6648006
20-40,1.920520441,17.6648006
20-40,1.798160258,17.6648006
0-20,0.997876179,6.1280398
0-20,0.959179199,6.1280398
0-20,0.955482963,6.1280398
20-40,1.015042403,6.1280398
20-40,0.943829209,6.1280398
0-20,1.149226538,11.0199003
0-20,1.21664933,11.0199003
0-20,1.115506701,11.0199003
0-20,1.957013138,10.8541002
0-20,1.765757937,10.8541002
0-20,2.092467993,10.8541002
0-20,1.938159331,10.8541002
0-20,2.001491409,10.8541002
0-20,1.821539729,10.8541002
0-20,2.097711127,12.6618004
20-40,2.119476188,12.6618004
0-20,2.052683786,12.7136002
20-40,2.034916623,12.7136002
0-20,0.942611212,11.0199003
0-20,0.530507087,11.0199003
0-20,0.942611212,11.0199003
0-20,0.482679283,11.0199003
0-20,0.969747597,11.0199003
0-20,0.58951177,11.0199003
0-20,1.122221155,11.0199003
0-20,0.685003291,11.0199003
0-20,0.956391318,11.0199003
0-20,0.565243195,11.0199003
0-20,1.006048267,11.0199003
0-20,0.652052881,11.0199003
0-20,1.016548697,11.0199003
0-20,0.573586355,11.0199003
0-20,1.033963908,11.0199003
0-20,0.634590145,11.0199003
0-20,1.062780507,11.0199003
0-20,0.694373546,11.0199003
0-20,1.019518431,11.0199003
0-20,0.641712048,11.0199003
0-20,0.908034439,11.0199003
0-20,0.561168226,11.0199003
0-20,0.874463296,11.0199003
0-20,0.497515721,11.0199003
0-20,0.872468652,11.0199003
0-20,0.467318019,11.0199003
0-20,1.023881044,11.0199003
0-20,0.678562112,11.0199003
0-20,0.892602129,11.0199003
0-20,0.516773311,11.0199003
0-20,0.925163519,27.6084003
0-20,0.511391327,27.6084003
0-20,1.198885752,13.9197998
0-20,0.78521594,13.9197998
0-20,1.29345979,18.7884007
0-20,0.717544023,18.7884007
0-20,1.94732587,13.6177998
0-20,1.891660091,13.6177998
20-40,1.992845011,13.6177998
0-20,1.95273434,13.6177998
0-20,1.931813704,13.6177998
20-40,1.948295573,13.6177998
0-20,1.154484837,10.8541002
0-20,2.043582317,12.1788998
20-40,2.126170385,12.1788998
20-40,2.046276596,12.1788998
0-20,0.970607222,11.0199003
0-20,0.511509071,11.0199003
0-20,0.998750945,11.0199003
0-20,0.671291388,11.0199003
0-20,1.011330216,11.0199003
0-20,0.642757282,11.0199003
0-20,1.237630689,24.4498997
0-20,2.120402548,18.3852997
0-20,1.95273434,13.6177998
0-20,1.931813704,13.6177998
20-40,1.856897985,13.6177998
0-20,1.94732587,13.6177998
0-20,1.891660091,13.6177998
20-40,1.948295573,13.6177998
0-20,1.239559728,21.0009003
20-40,1.202673547,21.0009003
0-20,1.352505127,6.9309402
0-20,1.379991143,6.9309402
0-20,1.252616167,6.9309402
0-20,1.398610736,6.9309402
0-20,1.252616167,6.9309402
0-20,1.198263295,6.9309402
0-20,1.262701627,6.9309402
0-20,1.247484226,6.9309402
0-20,1.540478636,6.9309402
0-20,1.252616167,6.9309402
0-20,1.335921436,6.9309402
0-20,1.426835154,6.9309402
0-20,1.242290916,6.9309402
0-20,1.262701627,6.9309402
0-20,1.198263295,6.9309402
0-20,1.162107769,6.9309402
0-20,0.920553232,9.5033197
0-20,1.163852236,6.1280398
0-20,0.675140175,4.8455901
0-20,1.163852236,4.5174999
0-20,0.776340817,9.7727499
0-20,0.804891467,7.6736002
0-20,0.920553232,14.2895002
0-20,0.675140175,3.7051499
0-20,0.675140175,4.7972598
0-20,0.785158931,13.6337004
0-20,0.804891467,2.8889999
0-20,0.675140175,7.9183002
0-20,0.675140175,4.9176002
0-20,0.675140175,3.27455
0-20,0.675140175,10.9222002
0-20,0.776340817,17.0198002
0-20,1.163852236,10.3202
0-20,0.985644689,8.4425402
0-20,0.675140175,5.3215299
0-20,1.030194785,7.3896298
0-20,1.093981704,7.3896298
20-40,1.072617477,7.3896298
20-40,1.173535895,7.3896298
0-20,1.122019172,7.3896298
0-20,1.224377652,7.3896298
20-40,1.151614972,7.3896298
20-40,1.224688417,7.3896298
0-20,1.15192118,7.3896298
0-20,1.11320777,7.3896298
20-40,1.115011071,7.3896298
20-40,1.098712931,7.3896298
0-20,1.112605002,7.3896298
0-20,1.218220304,7.3896298
20-40,1.240049772,7.3896298
20-40,1.230039981,7.3896298
0-20,1.151431144,7.3896298
0-20,1.242789809,7.3896298
20-40,1.258301976,7.3896298
20-40,1.145631415,7.3896298
0-20,0.792593379,4.8370099
0-20,0.416593914,4.8370099
20-40,0.241506635,4.8370099
20-40,0.39814842,4.8370099
0-20,0.637393654,4.8370099
0-20,0.416314248,4.8370099
20-40,0.305351369,4.8370099
20-40,0.377626753,4.8370099
0-20,0.801176015,26.6973
0-20,0.940941554,16.6912994
0-20,1.030798763,6.3424001
0-20,1.61979524,16.6912994
0-20,,12.9194002
0-20,,8.7215595
0-20,,11.0702
0-20,0.706046161,21.3197994
0-20,,13.1043997
0-20,,8.7215595
0-20,1.163703614,17.8374004
0-20,1.20370413,18.2049007
0-20,0.534491376,17.8374004
0-20,1.211599963,15.1943998
0-20,,14.3400002
0-20,,5.86795
0-20,,8.7215595
0-20,0.99997988,15.3852997
0-20,1.20370413,18.2049007
0-20,,3.5718701
0-20,0.739225312,6.0605402
0-20,0.316738754,10.6000996
0-20,0.938904966,9.1288099
0-20,0.628922061,14.6784
0-20,1.272180948,16.5622005
0-20,0.769397923,13.8015003
0-20,0.72437092,16.5746002
0-20,,11.0702
0-20,,13.8523998
0-20,0.979047433,10.6652002
0-20,0.217728153,6.8610601
0-20,0.727514839,13.7524004
0-20,,9.9026003
0-20,,7.6476402
0-20,1.064318982,14.6784
0-20,,10.9489002
0-20,0.685170018,9.28374
0-20,0.979829241,14.5531998
0-20,1.131027402,11.1245003
0-20,0.454579643,13.1906004
0-20,0.675663532,16.1422005
0-20,1.099265531,19.2936001
0-20,1.028620311,11.0254002
0-20,,12.3333998
0-20,0.722255861,9.8246698
0-20,0.794661075,15.1033001
0-20,0.733651492,7.4878702
0-20,0.920738135,13.8786001
0-20,,9.7543297
0-20,1.131027402,11.1245003
0-20,0.652708399,4.5121598
0-20,1.359100028,6.44315
0-20,,7.7747102
0-20,,10.4021997
0-20,0.995176933,8.3305101
0-20,0.227284086,7.6163702
0-20,0.866417559,3.61394
0-20,0.511216254,7.57336
0-20,0.947404151,8.3305101
0-20,1.077987228,10.6859999
0-20,1.302940311,5.9605398
0-20,1.298082736,11.5958996
0-20,,6.6403999
0-20,0.738545133,11.1855001
0-20,1.103287691,7.7747102
0-20,,6.9726901
0-20,0.315400434,13.3978996
0-20,1.231703698,14.2004004
0-20,0.520782835,2.68453
0-20,0.368875537,1.79821
0-20,0.452238394,5.2774501
0-20,0.783757712,4.1897998
0-20,,6.84797
0-20,,4.7849002
0-20,,0.789508
0-20,0.670917097,2.9588201
0-20,,2.5541
0-20,0.717859636,9.9042597
0-20,,3.1006501
0-20,,3.1006501
0-20,-0.095652281,0.957
0-20,-0.449927789,1.36589
0-20,0.573210943,2.0491099
0-20,,13.3121996
0-20,,1.21435
0-20,,3.1006501
0-20,,4.5897698
0-20,,5.2574
0-20,,6.1285501
0-20,0.914722239,0.836051
0-20,0.438947787,0.905568
0-20,0.497205539,7.1441002
0-20,,1.09229
0-20,0.362909114,5.0243902
0-20,0.719169726,9.9042597
0-20,0.589978094,0.717643
0-20,0.380882485,3.4782701
0-20,0.335124995,0.980552
0-20,,1.21435
0-20,0.350432414,3.56532
0-20,-0.044751014,3.17504
0-20,,1.69329
0-20,0.353590933,2.6170299
0-20,-0.024776168,1.82436
0-20,0.841135815,0.800079
0-20,0.775083924,0.980552
0-20,2.03537754,11.8238001
0-20,1.942510055,16.6910992
0-20,1.863284783,11.8238001
0-20,1.860989259,6.4522901
0-20,1.010206641,23.2823009
0-20,1.344917433,10.4316998
20-40,1.303860603,10.4316998
0-20,1.297243897,6.6303
20-40,1.192786497,6.6303
0-20,1.178734135,14.4966002
20-40,1.1551714,14.4966002
0-20,2.017710978,18.3852997
20-40,2.031395859,18.3852997
0-20,1.799059201,23.7320004
20-40,1.15807528,23.7320004
0-20,1.871618114,13.6177998
0-20,2.015530338,13.6177998
0-20,1.280027168,2.34165
0-20,1.033346541,2.34165
20-40,0.945244585,2.34165
0-20,1.848227998,9.0860205
0-20,1.510475732,9.0860205
20-40,1.387603561,9.0860205
0-20,,7.57055
20-40,,7.57055
0-20,1.14850394,15.8376999
0-20,1.14690287,15.8376999
20-40,1.086156163,15.8376999
20-40,0.942142043,15.8376999
0-20,1.082785087,11.0199003
20-40,1.245060268,11.0199003
0-20,0.981770601,17.1676998
0-20,1.011824096,17.1676998
0-20,0.949202585,17.1676998
0-20,0.991443169,17.1676998
0-20,0.804570104,17.1676998
0-20,0.805084715,17.1676998
0-20,1.360029639,9.8579197
0-20,1.246260195,9.8579197
20-40,1.267113506,9.8579197
0-20,1.095674165,9.8579197
0-20,1.009454295,9.8579197
20-40,0.544028336,9.8579197
0-20,1.079745462,9.8579197
0-20,0.984847628,9.8579197
20-40,0.988929777,9.8579197
0-20,1.314440279,13.2115002
0-20,1.376248375,13.2115002
0-20,1.500949647,13.2115002
0-20,1.493474781,13.2115002
0-20,1.297436584,13.2115002
0-20,1.146580707,13.2115002
0-20,1.45805437,13.2115002
0-20,1.396706948,14.3590002
0-20,1.380580235,14.3590002
0-20,1.035602621,14.1492004
0-20,0.944632675,14.1492004
0-20,1.007597583,14.1492004
0-20,1.269527887,14.1652002
0-20,0.714825813,14.1652002
20-40,0.678951547,14.1652002
0-20,1.320649693,14.1652002
0-20,0.808750972,14.1652002
20-40,0.377634034,14.1652002
0-20,1.160955676,14.1652002
0-20,1.048323697,14.1652002
20-40,0.52376207,14.1652002
0-20,2.168521054,9.6195602
20-40,2.141161193,9.6195602
0-20,1.947869758,10.4305
20-40,1.999099208,7.8606701
0-20,1.948991639,9.80093
20-40,1.900397719,9.80093
0-20,1.906020253,6.0301099
20-40,1.767636664,6.0301099
0-20,1.808605239,14.0052996
20-40,1.69592625,14.0052996
0-20,2.001106908,14.5621996
20-40,2.074939985,14.5621996
0-20,2.001683532,10.1548004
20-40,2.053700614,10.1548004
0-20,1.999661987,7.3365502
20-40,2.05085208,7.3365502
0-20,1.979113863,7.3643098
20-40,2.015931172,7.3643098
0-20,0.902002891,7.9904299
0-20,0.915682589,7.9904299
0-20,0.886980018,7.9904299
0-20,0.969321774,7.9904299
0-20,0.887878249,7.9904299
0-20,0.917362647,7.9904299
0-20,0.958145153,7.9904299
0-20,,11.8274002
0-20,,6.2459502
0-20,0.453544604,6.8486199
0-20,0.511412732,6.8486199
0-20,0.583896713,6.8486199
20-40,0.447874027,6.8486199
0-20,0.415260555,6.8486199
0-20,0.426472222,6.8486199
0-20,0.471015788,6.8486199
20-40,0.225526375,6.8486199
0-20,0.281397022,6.8486199
0-20,0.253270142,6.8486199
0-20,0.191786248,6.8486199
20-40,0.24663643,6.8486199
0-20,0.269456903,6.8486199
0-20,0.224035553,6.8486199
0-20,0.136885378,6.8486199
20-40,0.160102213,6.8486199
0-20,0.348764232,6.8486199
0-20,0.338560074,6.8486199
0-20,0.224035553,6.8486199
20-40,0.112081925,6.8486199
0-20,0.687503991,6.8486199
0-20,0.652934476,6.8486199
0-20,0.597260674,6.8486199
20-40,0.440329636,6.8486199
0-20,0.681393214,6.8486199
0-20,0.583896713,6.8486199
0-20,0.426472222,6.8486199
20-40,0.242655701,6.8486199
0-20,1.309223784,7.9904299
0-20,1.050091162,7.9904299
20-40,0.953193145,7.9904299
20-40,0.955855087,7.9904299
0-20,1.094198517,7.9904299
0-20,0.917362647,7.9904299
20-40,0.809195967,7.9904299
20-40,0.838153663,7.9904299
0-20,-0.016879105,2.72014
0-20,-0.016879105,2.72014
0-20,-0.016879105,2.72014
0-20,-0.016879105,2.72014
0-20,-0.016879105,2.72014
0-20,-0.016879105,2.72014
0-20,-0.016879105,2.72014
0-20,-0.003488328,2.72014
0-20,-0.080921908,2.72014
0-20,-0.04383157,2.72014
0-20,-0.20481541,2.72014
0-20,-0.089375595,2.72014
0-20,-0.092588639,2.72014
0-20,-0.094743951,2.72014
20-40,-0.295849483,2.72014
20-40,-0.156767222,2.72014
20-40,-0.145693958,2.72014
20-40,-0.199282922,2.72014
20-40,-0.225483034,2.72014
20-40,-0.164943898,2.72014
20-40,-0.206209615,2.72014
0-20,0.92867232,16.4754009
0-20,1.007863802,20.3871002
0-20,0.979045504,20.3871002
0-20,1.007476366,20.3871002
20-40,1.076591806,20.3871002
0-20,0.565375503,7.40659
0-20,0.51054501,7.40659
0-20,0.441852176,7.40659
20-40,0.292256071,7.40659
0-20,0.903159469,7.9904299
0-20,0.916803349,7.9904299
0-20,0.889073007,7.9904299
0-20,0.970559786,7.9904299
0-20,0.889073007,7.9904299
0-20,0.916803349,7.9904299
0-20,0.958526615,7.9904299
0-20,0.788493617,7.9904299
0-20,0.80617726,7.9904299
0-20,0.750807592,7.9904299
0-20,0.750807592,7.9904299
0-20,0.765325751,7.9904299
0-20,0.745858314,7.9904299
0-20,0.801823394,7.9904299
0-20,1.29578694,21.0009003
20-40,1.179838928,21.0009003
0-20,1.156609718,21.0009003
20-40,1.180068501,21.0009003
0-20,1.233909453,21.0009003
20-40,1.18999534,21.0009003
0-20,1.28546729,21.0009003
20-40,1.194292282,21.0009003
0-20,1.285647309,21.0009003
20-40,1.114610984,21.0009003
0-20,1.162862993,21.0009003
20-40,1.132835804,21.0009003
0-20,1.240549248,21.0009003
20-40,1.122150319,21.0009003
0-20,1.270119599,21.0009003
20-40,1.139123134,21.0009003
0-20,1.123417129,21.6867008
0-20,1.230127936,21.6867008
0-20,1.312118939,21.6867008
0-20,1.123417129,21.6867008
0-20,1.230127936,21.6867008
0-20,1.312118939,21.6867008
0-20,1.123417129,21.6867008
0-20,1.230071176,21.6867008
0-20,1.312118939,21.6867008
0-20,0.834339306,21.6867008
0-20,0.965237459,21.6867008
0-20,1.173851483,21.6867008
0-20,0.850143658,21.6867008
0-20,0.988421602,21.6867008
0-20,1.195342181,21.6867008
0-20,0.857835263,21.6867008
0-20,0.988421602,21.6867008
0-20,1.195342181,21.6867008
20-40,0.779382899,21.6867008
20-40,0.779382899,21.6867008
20-40,0.757273012,21.6867008
20-40,0.779382899,21.6867008
20-40,0.779382899,21.6867008
20-40,0.757273012,21.6867008
20-40,0.779382899,21.6867008
20-40,0.779382899,21.6867008
20-40,0.757273012,21.6867008
0-20,1.951196812,13.9463997
0-20,1.951196812,13.9463997
0-20,2.004445882,13.9463997
0-20,1.989142855,13.9463997
20-40,2.048289813,13.9463997
20-40,2.058427695,13.9463997
0-20,1.176410815,23.7579002
0-20,1.079710795,23.7579002
0-20,1.053757443,23.7579002
0-20,0.900747208,23.7579002
0-20,0.960303339,23.7579002
0-20,0.864553829,23.7579002
0-20,0.684953025,8.9221601
0-20,0.504062883,8.9221601
0-20,0.543163771,6.0672302
0-20,0.287264126,7.3221402
0-20,0.292078772,7.3221402
0-20,0.34182215,7.3221402
0-20,0.276213565,7.3221402
0-20,0.413182371,7.3221402
0-20,0.246301577,7.3221402
0-20,0.240549248,7.3221402
0-20,0.264496704,7.3221402
0-20,0.293954471,7.3221402
0-20,0.21571157,7.3221402
0-20,0.328770904,7.3221402
0-20,0.153363573,7.3221402
0-20,0.792489745,21.6527996
0-20,1.088855238,24.5580006
20-40,0.854777898,24.5580006
0-20,0.901449471,20.7413998
20-40,0.553184433,20.7413998
0-20,0.892274908,25.6452999
0-20,0.892683739,25.6452999
0-20,1.022176243,25.6452999
0-20,0.784210736,25.6452999
0-20,0.386677284,7.35535
0-20,0.522704993,7.35535
0-20,0.455758203,7.35535
0-20,0.629001619,7.35535
0-20,0.691435152,7.35535
0-20,0.867632453,
0-20,1.07471407,
0-20,0.314183339,7.9904299
0-20,0.38344552,7.9904299
0-20,0.365398122,7.9904299
0-20,0.245083096,7.9904299
0-20,0.460711462,7.9904299
0-20,0.370350222,7.9904299
0-20,0.370350222,7.9904299
0-20,0.420516831,7.9904299
0-20,0.809142053,21.6527996
0-20,0.561602204,7.35535
0-20,0.489339626,7.35535
0-20,0.40715287,7.35535
20-40,0.351022885,7.35535
20-40,0.213995649,7.35535
0-20,1.137508682,21.9676991
0-20,1.090363225,21.9676991
0-20,1.037609037,21.9676991
0-20,1.711915831,12.1014004
0-20,1.727233238,12.1014004
0-20,1.626658118,12.1014004
20-40,1.740687263,12.1014004
0-20,0.500428598,7.35535
0-20,0.433481808,7.35535
0-20,0.606725225,7.35535
0-20,0.701343441,7.35535
0-20,1.106427535,21.0009003
0-20,1.170591798,21.0009003
0-20,1.402031858,21.0009003
0-20,1.529976711,21.0009003
0-20,1.339262323,21.0009003
0-20,0.632760888,8.31287
0-20,0.598067905,7.9994602
0-20,0.332519251,9.3179903
0-20,0.402364569,6.8749399
0-20,0.650424097,6.5747099
0-20,0.054613055,5.7525401
0-20,0.315214393,6.0475402
0-20,0.250615147,7.0640802
0-20,0.488832634,7.1403098
0-20,0.463713862,5.26862
0-20,0.634474932,9.4251204
0-20,0.516493962,9.4251204
20-40,0.476499429,9.4251204
0-20,0.637457224,9.4251204
0-20,0.572213711,9.4251204
20-40,0.504961004,9.4251204
0-20,0.538081879,9.4251204
0-20,0.547994447,9.4251204
20-40,0.472461181,9.4251204
0-20,0.394703519,9.4251204
0-20,0.517596933,9.4251204
20-40,0.427144822,9.4251204
0-20,0.586532481,16.7315006
0-20,0.584936962,16.7315006
20-40,0.536151093,16.7315006
0-20,0.645201079,16.7315006
0-20,0.515818543,16.7315006
20-40,0.473156608,16.7315006
0-20,0.672794075,16.7315006
0-20,0.413711963,16.7315006
20-40,0.345889756,16.7315006
0-20,0.548906472,16.7315006
0-20,0.507348624,16.7315006
20-40,0.502116477,16.7315006
0-20,0.16070732,12.4636002
0-20,0.200864458,12.4636002
20-40,0.202795432,12.4636002
0-20,0.098519258,12.4636002
0-20,0.088896297,12.4636002
20-40,-0.022117322,12.4636002
0-20,0.214081302,12.4636002
0-20,0.130744096,12.4636002
20-40,0.049334966,12.4636002
0-20,0.374250617,12.4636002
0-20,0.27131861,12.4636002
20-40,0.08027149,12.4636002
0-20,-0.563455723,9.7454796
0-20,-0.684029655,9.7454796
20-40,-0.606459893,9.7454796
20-40,-0.674484337,9.7454796
0-20,0.536487738,8.6297798
0-20,0.490472582,8.6297798
20-40,0.371082647,8.6297798
20-40,0.307234955,8.6297798
0-20,0.219060332,9.7454796
0-20,-0.077648289,9.7454796
20-40,-0.206265477,9.7454796
20-40,-0.328197933,9.7454796
0-20,0.106653173,17.3120995
20-40,0.024805729,17.3120995
0-20,0.028408565,17.3120995
20-40,0.171726454,17.3120995
0-20,0.407815642,17.3120995
20-40,0.28057837,17.3120995
0-20,0.331439444,17.3120995
20-40,0.265148139,17.3120995
0-20,0.234122291,17.3120995
20-40,0.171726454,17.3120995
0-20,0.386677284,12.4492998
0-20,0.522704993,12.4492998
0-20,0.455758203,12.4492998
0-20,0.629001619,12.4492998
0-20,0.691435152,12.4492998
0-20,0.957825576,24.1355991
20-40,0.363122888,24.1355991
0-20,1.162110161,14.2486
0-20,0.916284143,14.7769003
0-20,0.729638274,14.7769003
0-20,1.045083464,21.0009003
0-20,1.067361777,21.0009003
0-20,1.025417293,14.8360996
0-20,0.908883743,14.8360996
20-40,0.748018929,14.8360996
0-20,0.954265671,14.2486
0-20,0.460963959,21.0009003
0-20,0.357500335,21.0009003
0-20,0.164578868,21.0009003
0-20,1.14527847,14.9361
0-20,1.326992542,21.0009003
0-20,1.158731486,21.0009003
0-20,1.23802602,14.2486
0-20,0.839402621,14.2486
20-40,0.615655515,14.2486
0-20,1.230448921,14.2486
0-20,0.680081572,14.2486
20-40,0.595760686,14.2486
0-20,0.829020585,14.2486
0-20,0.610660163,14.2486
20-40,0.537768739,14.2486
0-20,0.667565014,14.2486
0-20,0.510115865,14.2486
20-40,0.501387941,14.2486
0-20,1.237821115,14.2486
0-20,0.83974445,14.2486
20-40,0.61500683,14.2486
0-20,1.230587873,14.2486
0-20,0.679340666,14.2486
20-40,0.595760686,14.2486
0-20,0.829720496,14.2486
0-20,0.610080717,14.2486
20-40,0.535825584,14.2486
0-20,0.667565014,14.2486
0-20,0.511573231,14.2486
20-40,0.502230414,14.2486
0-20,0.570584966,9.3055
0-20,0.731427587,9.3055
0-20,0.951030392,9.3055
0-20,0.896548262,9.3055
20-40,1.176841072,9.3055
20-40,1.189641322,9.3055
20-40,1.341651321,9.3055
20-40,1.220505573,9.3055
0-20,0.676678981,9.3055
0-20,0.811414126,9.3055
0-20,0.870570099,9.3055
0-20,0.908324139,9.3055
20-40,0.98099906,9.3055
20-40,1.377300422,9.3055
20-40,1.227529357,9.3055
20-40,1.199996933,9.3055
0-20,0.956480588,17.3008995
0-20,0.928530012,17.3008995
0-20,0.836873284,17.3008995
0-20,0.989114178,16.9839993
0-20,0.837854741,16.9839993
0-20,0.71015292,16.9839993
0-20,1.010242273,16.9839993
0-20,1.033525079,16.9839993
0-20,0.961039317,16.9839993
0-20,0.991185303,11.6364002
0-20,0.855286501,11.6364002
0-20,0.705998767,11.6364002
0-20,0.97982143,21.0009003
0-20,0.787262057,21.0009003
0-20,1.077043608,22.4302006
0-20,1.066706745,22.4302006
0-20,1.123360905,22.4302006
0-20,1.186383299,22.4302006
0-20,1.106552602,22.4302006
0-20,1.235729388,22.4302006
0-20,0.640775505,22.4302006
0-20,0.976521462,22.4302006
0-20,1.12699848,22.4302006
0-20,1.114080968,22.4302006
0-20,1.131255424,21.0009003
0-20,0.942510055,21.0009003
20-40,0.785275723,21.0009003
20-40,0.653388126,21.0009003
0-20,1.156609113,23.6172009
0-20,0.899467016,23.6172009
20-40,0.530192012,23.6172009
20-40,0.479572431,23.6172009
0-20,1.775943777,21.0009003
0-20,1.370016893,21.0009003
0-20,1.313713714,26.0391998
0-20,1.267935415,22.4941006
0-20,1.358586181,23.2588005
0-20,1.083147729,21.0009003
0-20,1.02057092,21.0009003
0-20,1.004364371,21.0009003
0-20,1.007408059,21.0009003
0-20,1.001587481,21.0009003
0-20,1.006364196,21.0009003
0-20,1.009676908,21.0009003
0-20,0.979968809,21.4880009
0-20,0.948058734,21.4880009
20-40,0.544564097,21.4880009
0-20,0.965728369,21.4880009
0-20,0.918707476,21.4880009
20-40,0.568858538,21.4880009
0-20,0.986917669,21.4880009
0-20,0.92389549,21.4880009
20-40,0.687279192,21.4880009
0-20,0.974995917,21.4880009
0-20,0.929022259,21.4880009
20-40,0.721051792,21.4880009
0-20,1.001667958,21.4880009
0-20,0.975412506,21.4880009
20-40,0.648789214,21.4880009
0-20,1.461508431,21.4880009
0-20,1.175838716,21.4880009
20-40,0.482873584,21.4880009
0-20,1.449609208,21.4880009
0-20,1.215526002,21.4880009
20-40,0.571475904,21.4880009
0-20,1.437374751,21.4880009
0-20,1.215526002,21.4880009
20-40,0.482873584,21.4880009
0-20,1.457547649,21.4880009
0-20,1.179584534,21.4880009
20-40,0.555142835,21.4880009
0-20,1.461508431,21.4880009
0-20,1.205019668,21.4880009
20-40,0.462278176,21.4880009
0-20,1.029156424,21.0009003
0-20,0.874344956,21.0009003
20-40,0.647148153,21.0009003
20-40,0.250478555,21.0009003
0-20,0.8722099,21.0009003
0-20,0.717815244,21.0009003
20-40,0.501407106,21.0009003
20-40,0.35758041,21.0009003
0-20,0.81646005,21.0009003
0-20,0.601886239,21.0009003
20-40,0.455986239,21.0009003
20-40,0.140972885,21.0009003
0-20,1.46146401,21.0009003
0-20,1.00607907,21.0009003
0-20,0.99490813,21.0009003
0-20,1.011933965,21.0009003
0-20,0.927733663,21.0009003
20-40,0.557006452,21.0009003
0-20,1.324305096,21.0009003
0-20,0.990791564,21.0009003
0-20,0.765482282,21.0009003
0-20,1.190970062,19.7402992
0-20,0.648798963,19.7402992
20-40,0.570356106,19.7402992
0-20,1.253118864,24.3953991
0-20,0.548023154,24.3953991
20-40,0.23363058,24.3953991
0-20,0.872076985,21.0009003
0-20,0.644271142,21.0009003
20-40,0.392352194,21.0009003
20-40,0.380374072,21.0009003
0-20,1.06483222,21.0009003
0-20,0.928178651,21.0009003
20-40,0.336475744,21.0009003
20-40,0.560064522,21.0009003
0-20,0.900552825,21.0009003
0-20,1.035992955,21.0009003
20-40,1.161269751,21.0009003
20-40,1.242474838,21.0009003
0-20,1.039334789,21.0009003
0-20,1.854073951,21.0009003
0-20,1.772131661,21.0009003
0-20,1.732941108,21.0009003
20-40,0.447201459,21.0009003
20-40,0.067160162,21.0009003
0-20,1.253764335,21.0009003
20-40,0.479143248,21.0009003
0-20,,11.3178997
0-20,,11.3178997
0-20,1.650268543,4.9912901
0-20,1.384575613,4.9912901
0-20,1.171129437,4.9912901
0-20,1.086188505,4.9912901
0-20,0.780921878,4.9912901
0-20,0.557652966,4.9912901
0-20,0.357784692,4.9912901
0-20,1.608329166,4.9912901
0-20,1.398148626,4.9912901
0-20,1.313900951,4.9912901
0-20,1.207688532,4.9912901
0-20,1.136872327,4.9912901
0-20,0.988488137,4.9912901
0-20,1.004046599,4.9912901
0-20,1.174582745,4.9774799
0-20,1.011621686,4.9774799
0-20,1.168521054,4.9774799
0-20,1.039492966,4.9774799
0-20,1.140608964,4.9774799
0-20,1.037140002,4.9774799
20-40,0.86890294,4.9774799
20-40,0.879898324,4.9774799
20-40,0.851869601,4.9774799
20-40,0.86890294,4.9774799
20-40,0.911306789,4.9774799
20-40,0.906227263,4.9774799
20-40,-0.02974613,2.00946
20-40,0.131105162,2.00946
20-40,-0.015022874,2.00946
20-40,0.17995373,2.00946
0-20,,11.3178997
0-20,,11.3178997
0-20,,11.3178997
0-20,1.779856039,4.9912901
0-20,1.574411102,4.9912901
0-20,1.349238893,4.9912901
0-20,1.158820316,4.9912901
0-20,0.635645757,4.9912901
0-20,0.352103018,4.9912901
0-20,0.152532948,4.9912901
20-40,-0.000782434,2.00946
20-40,-0.000782434,2.00946
