layer,log_stock,NDVI
0-20,1.415267232,0.421577
0-20,1.3502771,0.439049
0-20,1.372021892,0.415376
0-20,1.060468926,0.304837
0-20,0.938183367,0.304471
0-20,0.9007439,0.393888
0-20,0.548870745,0.393888
20-40,0.25411284,0.393888
20-40,0.098048109,0.393888
0-20,1.089307988,0.393888
0-20,0.568595931,0.393888
20-40,0.317294287,0.393888
20-40,0.051715775,0.393888
0-20,1.154707526,0.393888
0-20,0.767534317,0.393888
20-40,0.657602681,0.393888
20-40,0.421899936,0.393888
20-40,1.308090379,0.353157
0-20,1.484185944,0.401434
0-20,1.390040207,0.401434
0-20,2.01099495,0.430922
20-40,2.09067345,0.430922
20-40,2.041003225,0.430922
0-20,1.711623758,0.370996
0-20,1.727612495,0.370996
20-40,1.626430297,0.370996
20-40,1.65051809,0.370996
0-20,1.826610068,0.361417
0-20,1.571962023,0.361417
20-40,1.58342856,0.361417
20-40,1.515354631,0.361417
0-20,0.547085225,0.401434
0-20,0.878273589,0.401434
0-20,1.167381178,0.401434
0-20,1.889178401,0.396081
0-20,1.79813941,0.370996
0-20,1.924500317,0.378652
0-20,1.899195117,0.378652
0-20,1.833693596,0.378652
20-40,1.768744361,0.378652
20-40,1.592652089,0.378652
0-20,2.052854551,0.399646
0-20,2.019301339,0.399646
0-20,1.943249026,0.399646
20-40,1.824685225,0.399646
20-40,1.647134608,0.399646
0-20,0.996474887,0.375984
0-20,0.962056891,0.375984
0-20,0.956045542,0.375984
20-40,1.016072244,0.375984
20-40,0.945587552,0.375984
0-20,1.844516441,0.352671
0-20,1.718272573,0.352671
0-20,1.867379418,0.352671
20-40,1.924498508,0.352671
20-40,1.805313561,0.352671
0-20,1.730432067,0.370996
0-20,1.701306121,0.370996
20-40,1.77214198,0.370996
20-40,1.727843076,0.370996
0-20,1.484450321,0.370996
0-20,1.366349429,0.370996
20-40,1.167440887,0.370996
20-40,1.07317097,0.370996
0-20,1.360886113,0.370996
0-20,0.981773382,0.370996
20-40,0.809929536,0.370996
20-40,0.700785066,0.370996
0-20,0.894623206,0.419549
0-20,0.718531947,0.419549
20-40,0.596049716,0.419549
20-40,0.633838277,0.419549
0-20,1.454283965,0.467418
0-20,1.180286549,0.467418
20-40,1.05803782,0.467418
0-20,1.700526159,0.467418
0-20,1.572193743,0.467418
20-40,1.152824016,0.467418
0-20,1.388337628,0.467418
0-20,1.247718149,0.467418
20-40,0.975085211,0.467418
0-20,1.660723725,0.467418
0-20,1.582527317,0.467418
20-40,1.183968401,0.467418
0-20,1.023188237,0.404515
0-20,1.006705587,0.290662
0-20,0.91944421,0.462829
0-20,1.842507393,0.36229
0-20,1.711763578,0.36229
0-20,1.861650908,0.36229
20-40,1.920520441,0.36229
20-40,1.798160258,0.36229
0-20,0.997876179,0.375984
0-20,0.959179199,0.375984
0-20,0.955482963,0.375984
20-40,1.015042403,0.375984
20-40,0.943829209,0.375984
0-20,1.149226538,0.404515
0-20,1.21664933,0.404515
0-20,1.115506701,0.401434
0-20,1.957013138,0.448005
0-20,1.765757937,0.448005
0-20,2.092467993,0.448005
0-20,1.938159331,0.448005
0-20,2.001491409,0.448005
0-20,1.821539729,0.448005
0-20,2.097711127,0.485953
20-40,2.119476188,0.485953
0-20,2.052683786,0.376985
20-40,2.034916623,0.376985
0-20,0.942611212,0.404515
0-20,0.530507087,0.404515
0-20,0.942611212,0.404515
0-20,0.482679283,0.404515
0-20,0.969747597,0.404515
0-20,0.58951177,0.404515
0-20,1.122221155,0.404515
0-20,0.685003291,0.404515
0-20,0.956391318,0.404515
0-20,0.565243195,0.404515
0-20,1.006048267,0.404515
0-20,0.652052881,0.404515
0-20,1.016548697,0.404515
0-20,0.573586355,0.404515
0-20,1.033963908,0.404515
0-20,0.634590145,0.404515
0-20,1.062780507,0.404515
0-20,0.694373546,0.404515
0-20,1.019518431,0.404515
0-20,0.641712048,0.404515
0-20,0.908034439,0.401434
0-20,0.561168226,0.401434
0-20,0.874463296,0.401434
0-20,0.497515721,0.401434
0-20,0.872468652,0.401434
0-20,0.467318019,0.401434
0-20,1.023881044,0.401434
0-20,0.678562112,0.401434
0-20,0.892602129,0.401434
0-20,0.516773311,0.401434
0-20,0.925163519,
0-20,0.511391327,
0-20,1.198885752,0.25754
0-20,0.78521594,0.25754
0-20,1.29345979,0.352986
0-20,0.717544023,0.352986
0-20,1.94732587,0.393078
0-20,1.891660091,0.393078
20-40,1.992845011,0.393078
0-20,1.95273434,0.393078
0-20,1.931813704,0.393078
20-40,1.948295573,0.393078
0-20,1.154484837,0.448005
0-20,2.043582317,0.430922
20-40,2.126170385,0.430922
20-40,2.046276596,0.430922
0-20,0.970607222,0.404515
0-20,0.511509071,0.404515
0-20,0.998750945,0.404515
0-20,0.671291388,0.404515
0-20,1.011330216,0.401434
0-20,0.642757282,0.401434
0-20,1.237630689,0.304471
0-20,2.120402548,0.421577
0-20,1.95273434,0.393078
0-20,1.931813704,0.393078
20-40,1.856897985,0.393078
0-20,1.94732587,0.393078
0-20,1.891660091,0.393078
20-40,1.948295573,0.393078
0-20,1.239559728,0.304837
20-40,1.202673547,0.304837
0-20,1.352505127,0.452064
0-20,1.379991143,0.452064
0-20,1.252616167,0.452064
0-20,1.398610736,0.452064
0-20,1.252616167,0.452064
0-20,1.198263295,0.452064
0-20,1.262701627,0.452064
0-20,1.247484226,0.452064
0-20,1.540478636,0.452064
0-20,1.252616167,0.452064
0-20,1.335921436,0.452064
0-20,1.426835154,0.452064
0-20,1.242290916,0.452064
0-20,1.262701627,0.452064
0-20,1.198263295,0.452064
0-20,1.162107769,0.452064
0-20,0.920553232,0.330513
0-20,1.163852236,0.375984
0-20,0.675140175,0.388062
0-20,1.163852236,0.460914
0-20,0.776340817,0.32009
0-20,0.804891467,0.380514
0-20,0.920553232,0.333288
0-20,0.675140175,0.418363
0-20,0.675140175,0.445067
0-20,0.785158931,0.335694
0-20,0.804891467,0.442389
0-20,0.675140175,0.384287
0-20,0.675140175,0.375984
0-20,0.675140175,0.412472
0-20,0.675140175,0.370542
0-20,0.776340817,0.299392
0-20,1.163852236,0.341
0-20,0.985644689,0.416763
0-20,0.675140175,0.403256
0-20,1.030194785,0.41547
0-20,1.093981704,0.41547
20-40,1.072617477,0.41547
20-40,1.173535895,0.41547
0-20,1.122019172,0.41547
0-20,1.224377652,0.41547
20-40,1.151614972,0.41547
20-40,1.224688417,0.41547
0-20,1.15192118,0.41547
0-20,1.11320777,0.41547
20-40,1.115011071,0.41547
20-40,1.098712931,0.41547
0-20,1.112605002,0.41547
0-20,1.218220304,0.41547
20-40,1.240049772,0.41547
20-40,1.230039981,0.41547
0-20,1.151431144,0.41547
0-20,1.242789809,0.41547
20-40,1.258301976,0.41547
20-40,1.145631415,0.41547
0-20,0.792593379,0.48736
0-20,0.416593914,0.48736
20-40,0.241506635,0.48736
20-40,0.39814842,0.48736
0-20,0.637393654,0.48736
0-20,0.416314248,0.48736
20-40,0.305351369,0.48736
20-40,0.377626753,0.48736
0-20,0.801176015,
0-20,0.940941554,0.186295
0-20,1.030798763,0.314411
0-20,1.61979524,0.186295
0-20,,0.316096
0-20,,0.148082
0-20,,0.202958
0-20,0.706046161,0.34249
0-20,,0.327654
0-20,,0.148082
0-20,1.163703614,0.226952
0-20,1.20370413,0.368961
0-20,0.534491376,0.226952
0-20,1.211599963,0.254533
0-20,,0.199177
0-20,,0.300881
0-20,,0.148082
0-20,0.99997988,0.289258
0-20,1.20370413,0.368961
0-20,,0.182433
0-20,0.739225312,0.478229
0-20,0.316738754,0.326642
0-20,0.938904966,0.342232
0-20,0.628922061,0.323684
0-20,1.272180948,0.322507
0-20,0.769397923,0.279443
0-20,0.72437092,0.311892
0-20,,0.202958
0-20,,0.20981
0-20,0.979047433,0.322691
0-20,0.217728153,0.307246
0-20,0.727514839,0.33761
0-20,,0.154784
0-20,,0.149339
0-20,1.064318982,0.323684
0-20,,0.192382
0-20,0.685170018,0.264819
0-20,0.979829241,0.357383
0-20,1.131027402,0.230204
0-20,0.454579643,0.329959
0-20,0.675663532,0.30086
0-20,1.099265531,0.299923
0-20,1.028620311,0.269517
0-20,,0.266526
0-20,0.722255861,0.292438
0-20,0.794661075,0.292755
0-20,0.733651492,0.289395
0-20,0.920738135,0.307143
0-20,,0.178175
0-20,1.131027402,0.230204
0-20,0.652708399,0.314547
0-20,1.359100028,0.541445
0-20,,0.559276
0-20,,0.298389
0-20,0.995176933,
0-20,0.227284086,0.338388
0-20,0.866417559,0.490884
0-20,0.511216254,0.396082
0-20,0.947404151,
0-20,1.077987228,0.355144
0-20,1.302940311,0.41329
0-20,1.298082736,0.377559
0-20,,0.188968
0-20,0.738545133,0.324713
0-20,1.103287691,0.559276
0-20,,0.17674
0-20,0.315400434,0.307301
0-20,1.231703698,0.328069
0-20,0.520782835,0.329326
0-20,0.368875537,0.285716
0-20,0.452238394,0.433545
0-20,0.783757712,0.448471
0-20,,0.243205
0-20,,0.175434
0-20,,0.250371
0-20,0.670917097,0.433868
0-20,,0.216673
0-20,0.717859636,0.272967
0-20,,0.203221
0-20,,0.203221
0-20,-0.095652281,0.332768
0-20,-0.449927789,0.361601
0-20,0.573210943,0.540936
0-20,,0.373023
0-20,,0.270242
0-20,,0.203221
0-20,,0.232297
0-20,,0.269981
0-20,,0.303954
0-20,0.914722239,0.36221
0-20,0.438947787,0.472505
0-20,0.497205539,0.330155
0-20,,0.254171
0-20,0.362909114,0.266598
0-20,0.719169726,0.272967
0-20,0.589978094,0.325201
0-20,0.380882485,0.340262
0-20,0.335124995,0.312287
0-20,,0.270242
0-20,0.350432414,0.334419
0-20,-0.044751014,0.355526
0-20,,0.205498
0-20,0.353590933,0.304474
0-20,-0.024776168,0.262883
0-20,0.841135815,0.289208
0-20,0.775083924,0.312287
0-20,2.03537754,0.375928
0-20,1.942510055,0.345217
0-20,1.863284783,0.375928
0-20,1.860989259,0.608786
0-20,1.010206641,0.313394
0-20,1.344917433,0.343653
20-40,1.303860603,0.343653
0-20,1.297243897,0.467652
20-40,1.192786497,0.467652
0-20,1.178734135,0.345834
20-40,1.1551714,0.345834
0-20,2.017710978,0.421577
20-40,2.031395859,0.421577
0-20,1.799059201,0.30483
20-40,1.15807528,0.30483
0-20,1.871618114,0.393078
0-20,2.015530338,0.393078
0-20,1.280027168,0.470239
0-20,1.033346541,0.470239
20-40,0.945244585,0.470239
0-20,1.848227998,0.346361
0-20,1.510475732,0.346361
20-40,1.387603561,0.346361
0-20,,0.39863
20-40,,0.39863
0-20,1.14850394,0.396081
0-20,1.14690287,0.396081
20-40,1.086156163,0.396081
20-40,0.942142043,0.396081
0-20,1.082785087,0.404515
20-40,1.245060268,0.404515
0-20,0.981770601,0.393888
0-20,1.011824096,0.393888
0-20,0.949202585,0.393888
0-20,0.991443169,0.393888
0-20,0.804570104,0.393888
0-20,0.805084715,0.393888
0-20,1.360029639,0.429068
0-20,1.246260195,0.429068
20-40,1.267113506,0.429068
0-20,1.095674165,0.429068
0-20,1.009454295,0.429068
20-40,0.544028336,0.429068
0-20,1.079745462,0.429068
0-20,0.984847628,0.416314
20-40,0.988929777,0.416314
0-20,1.314440279,0.510347
0-20,1.376248375,0.510347
0-20,1.500949647,0.510347
0-20,1.493474781,0.491865
0-20,1.297436584,0.491865
0-20,1.146580707,0.491865
0-20,1.45805437,0.491865
0-20,1.396706948,0.491865
0-20,1.380580235,0.491865
0-20,1.035602621,0.491865
0-20,0.944632675,0.491865
0-20,1.007597583,0.491865
0-20,1.269527887,0.4415
0-20,0.714825813,0.4415
20-40,0.678951547,0.300196
0-20,1.320649693,0.454498
0-20,0.808750972,0.447456
20-40,0.377634034,0.447456
0-20,1.160955676,0.4515
0-20,1.048323697,0.4515
20-40,0.52376207,0.340964
0-20,2.168521054,0.340964
20-40,2.141161193,0.351748
0-20,1.947869758,0.351748
20-40,1.999099208,0.407584
0-20,1.948991639,0.407584
20-40,1.900397719,0.371013
0-20,1.906020253,0.371013
20-40,1.767636664,0.440946
0-20,1.808605239,0.440946
20-40,1.69592625,0.31882
0-20,2.001106908,0.31882
20-40,2.074939985,0.31882
0-20,2.001683532,0.31882
20-40,2.053700614,0.31882
0-20,1.999661987,0.31882
20-40,2.05085208,0.31882
0-20,1.979113863,0.17475
20-40,2.015931172,0.131454
0-20,0.902002891,0.240036
0-20,0.915682589,0.240036
0-20,0.886980018,0.240036
0-20,0.969321774,0.240036
0-20,0.887878249,0.240036
0-20,0.917362647,0.240036
0-20,0.958145153,0.240036
0-20,,0.240036
0-20,,0.240036
0-20,0.453544604,0.240036
0-20,0.511412732,0.240036
0-20,0.583896713,0.240036
20-40,0.447874027,0.240036
0-20,0.415260555,0.240036
0-20,0.426472222,0.240036
0-20,0.471015788,0.240036
20-40,0.225526375,0.240036
0-20,0.281397022,0.240036
0-20,0.253270142,0.240036
0-20,0.191786248,0.240036
20-40,0.24663643,0.240036
0-20,0.269456903,0.240036
0-20,0.224035553,0.240036
0-20,0.136885378,0.240036
20-40,0.160102213,0.240036
0-20,0.348764232,0.240036
0-20,0.338560074,0.240036
0-20,0.224035553,0.240036
20-40,0.112081925,0.240036
0-20,0.687503991,0.240036
0-20,0.652934476,0.240036
0-20,0.597260674,0.240036
20-40,0.440329636,0.240036
0-20,0.681393214,0.31882
0-20,0.583896713,0.31882
0-20,0.426472222,0.31882
20-40,0.242655701,0.31882
0-20,1.309223784,0.31882
0-20,1.050091162,0.31882
20-40,0.953193145,0.31882
20-40,0.955855087,0.31882
0-20,1.094198517,0.350359
0-20,0.917362647,0.350359
20-40,0.809195967,0.350359
20-40,0.838153663,0.350359
0-20,-0.016879105,0.350359
0-20,-0.016879105,0.350359
0-20,-0.016879105,0.350359
0-20,-0.016879105,0.350359
0-20,-0.016879105,0.350359
0-20,-0.016879105,0.350359
0-20,-0.016879105,0.350359
0-20,-0.003488328,0.350359
0-20,-0.080921908,0.350359
0-20,-0.04383157,0.350359
0-20,-0.20481541,0.350359
0-20,-0.089375595,0.350359
0-20,-0.092588639,0.350359
0-20,-0.094743951,0.350359
20-40,-0.295849483,0.350359
20-40,-0.156767222,0.350359
20-40,-0.145693958,0.350359
20-40,-0.199282922,0.350359
20-40,-0.225483034,0.350359
20-40,-0.164943898,0.350359
20-40,-0.206209615,0.350359
0-20,0.92867232,0.30989
0-20,1.007863802,0.30989
0-20,0.979045504,0.30989
0-20,1.007476366,0.31882
20-40,1.076591806,0.31882
0-20,0.565375503,0.31882
0-20,0.51054501,0.31882
0-20,0.441852176,0.31882
20-40,0.292256071,0.31882
0-20,0.903159469,0.31882
0-20,0.916803349,0.31882
0-20,0.889073007,0.31882
0-20,0.970559786,0.31882
0-20,0.889073007,0.31882
0-20,0.916803349,0.304837
0-20,0.958526615,0.304837
0-20,0.788493617,0.304837
0-20,0.80617726,0.304837
0-20,0.750807592,0.304837
0-20,0.750807592,0.304837
0-20,0.765325751,0.304837
0-20,0.745858314,0.304837
0-20,0.801823394,0.304837
0-20,1.29578694,0.304837
20-40,1.179838928,0.304837
0-20,1.156609718,0.304837
20-40,1.180068501,0.304837
0-20,1.233909453,0.304837
20-40,1.18999534,0.304837
0-20,1.28546729,0.304837
20-40,1.194292282,0.304837
0-20,1.285647309,0.304837
20-40,1.114610984,0.304837
0-20,1.162862993,0.356784
20-40,1.132835804,0.356784
0-20,1.240549248,0.356784
20-40,1.122150319,0.356784
0-20,1.270119599,0.356784
20-40,1.139123134,0.356784
0-20,1.123417129,0.356784
0-20,1.230127936,0.356784
0-20,1.312118939,0.356784
0-20,1.123417129,0.356784
0-20,1.230127936,0.356784
0-20,1.312118939,0.356784
0-20,1.123417129,0.356784
0-20,1.230071176,0.356784
0-20,1.312118939,0.356784
0-20,0.834339306,0.356784
0-20,0.965237459,0.356784
0-20,1.173851483,0.356784
0-20,0.850143658,0.356784
0-20,0.988421602,0.356784
0-20,1.195342181,0.356784
0-20,0.857835263,0.356784
0-20,0.988421602,0.356784
0-20,1.195342181,0.356784
20-40,0.779382899,0.314597
20-40,0.779382899,0.314597
20-40,0.757273012,0.314597
20-40,0.779382899,0.314597
20-40,0.779382899,0.314597
20-40,0.757273012,0.314597
20-40,0.779382899,0.310669
20-40,0.779382899,0.310669
20-40,0.757273012,0.310669
0-20,1.951196812,0.310669
0-20,1.951196812,0.310669
0-20,2.004445882,0.310669
0-20,1.989142855,0.244314
20-40,2.048289813,0.244314
20-40,2.058427695,0.299302
0-20,1.176410815,0.244046
0-20,1.079710795,0.244046
0-20,1.053757443,0.244046
0-20,0.900747208,0.244046
0-20,0.960303339,0.244046
0-20,0.864553829,0.244046
0-20,0.684953025,0.244046
0-20,0.504062883,0.244046
0-20,0.543163771,0.244046
0-20,0.287264126,0.244046
0-20,0.292078772,0.244046
0-20,0.34182215,0.244046
0-20,0.276213565,0.32083
0-20,0.413182371,0.330667
0-20,0.246301577,0.330667
0-20,0.240549248,0.379765
0-20,0.264496704,0.379765
0-20,0.293954471,0.298315
0-20,0.21571157,0.298315
0-20,0.328770904,0.298315
0-20,0.153363573,0.298315
0-20,0.792489745,0.188192
0-20,1.088855238,0.188192
20-40,0.854777898,0.188192
0-20,0.901449471,0.188192
20-40,0.553184433,0.188192
0-20,0.892274908,0.265342
0-20,0.892683739,0.265342
0-20,1.022176243,0.31882
0-20,0.784210736,0.31882
0-20,0.386677284,0.31882
0-20,0.522704993,0.31882
0-20,0.455758203,0.31882
0-20,0.629001619,0.31882
0-20,0.691435152,0.31882
0-20,0.867632453,0.31882
0-20,1.07471407,0.32083
0-20,0.314183339,0.188192
0-20,0.38344552,0.188192
0-20,0.365398122,0.188192
0-20,0.245083096,0.188192
0-20,0.460711462,0.188192
0-20,0.370350222,0.370808
0-20,0.370350222,0.370808
0-20,0.420516831,0.370808
0-20,0.809142053,0.370996
0-20,0.561602204,0.370996
0-20,0.489339626,0.370996
0-20,0.40715287,0.370996
20-40,0.351022885,0.188192
20-40,0.213995649,0.188192
0-20,1.137508682,0.188192
0-20,1.090363225,0.188192
0-20,1.037609037,0.304837
0-20,1.711915831,0.304837
0-20,1.727233238,0.304837
0-20,1.626658118,0.304837
20-40,1.740687263,0.304837
0-20,0.500428598,0.298225
0-20,0.433481808,0.237852
0-20,0.606725225,0.241662
0-20,0.701343441,0.305627
0-20,1.106427535,0.241617
0-20,1.170591798,0.274681
0-20,1.402031858,0.273992
0-20,1.529976711,0.25031
0-20,1.339262323,0.287042
0-20,0.632760888,0.226803
0-20,0.598067905,0.317489
0-20,0.332519251,0.317489
0-20,0.402364569,0.317489
0-20,0.650424097,0.317489
0-20,0.054613055,0.317489
0-20,0.315214393,0.317489
0-20,0.250615147,0.317489
0-20,0.488832634,0.317489
0-20,0.463713862,0.317489
0-20,0.634474932,0.317489
0-20,0.516493962,0.317489
20-40,0.476499429,0.317489
0-20,0.637457224,0.333588
0-20,0.572213711,0.333588
20-40,0.504961004,0.333588
0-20,0.538081879,0.333588
0-20,0.547994447,0.333588
20-40,0.472461181,0.333588
0-20,0.394703519,0.333588
0-20,0.517596933,0.333588
20-40,0.427144822,0.333588
0-20,0.586532481,0.333588
0-20,0.584936962,0.333588
20-40,0.536151093,0.333588
0-20,0.645201079,0.296508
0-20,0.515818543,0.296508
20-40,0.473156608,0.296508
0-20,0.672794075,0.296508
0-20,0.413711963,0.296508
20-40,0.345889756,0.296508
0-20,0.548906472,0.296508
0-20,0.507348624,0.296508
20-40,0.502116477,0.296508
0-20,0.16070732,0.296508
0-20,0.200864458,0.296508
20-40,0.202795432,0.296508
0-20,0.098519258,0.31435
0-20,0.088896297,0.31435
20-40,-0.022117322,0.31435
0-20,0.214081302,0.31435
0-20,0.130744096,0.31435
20-40,0.049334966,0.315282
0-20,0.374250617,0.315282
0-20,0.27131861,0.315282
20-40,0.08027149,0.315282
0-20,-0.563455723,0.315282
0-20,-0.684029655,0.31435
20-40,-0.606459893,0.31435
20-40,-0.674484337,0.31435
0-20,0.536487738,0.31435
0-20,0.490472582,0.301521
20-40,0.371082647,0.301521
20-40,0.307234955,0.301521
0-20,0.219060332,0.301521
0-20,-0.077648289,0.301521
20-40,-0.206265477,0.301521
20-40,-0.328197933,0.301521
0-20,0.106653173,0.301521
20-40,0.024805729,0.301521
0-20,0.028408565,0.301521
20-40,0.171726454,0.301521
0-20,0.407815642,0.270141
20-40,0.28057837,0.270141
0-20,0.331439444,0.270141
20-40,0.265148139,0.270141
0-20,0.234122291,0.298022
20-40,0.171726454,0.378729
0-20,0.386677284,0.368896
0-20,0.522704993,0.304837
0-20,0.455758203,0.304837
0-20,0.629001619,0.400008
0-20,0.691435152,0.400008
0-20,0.957825576,0.400008
20-40,0.363122888,0.378729
0-20,1.162110161,0.304837
0-20,0.916284143,0.304837
0-20,0.729638274,0.304837
0-20,1.045083464,0.376252
0-20,1.067361777,0.304837
0-20,1.025417293,0.304837
0-20,0.908883743,0.378729
20-40,0.748018929,0.378729
0-20,0.954265671,0.378729
0-20,0.460963959,0.378729
0-20,0.357500335,0.378729
0-20,0.164578868,0.378729
0-20,1.14527847,0.378729
0-20,1.326992542,0.378729
0-20,1.158731486,0.378729
0-20,1.23802602,0.378729
0-20,0.839402621,0.378729
20-40,0.615655515,0.378729
0-20,1.230448921,0.378729
0-20,0.680081572,0.378729
20-40,0.595760686,0.378729
0-20,0.829020585,0.378729
0-20,0.610660163,0.378729
20-40,0.537768739,0.378729
0-20,0.667565014,0.378729
0-20,0.510115865,0.378729
20-40,0.501387941,0.378729
0-20,1.237821115,0.378729
0-20,0.83974445,0.378729
20-40,0.61500683,0.378729
0-20,1.230587873,0.337865
0-20,0.679340666,0.337865
20-40,0.595760686,0.337865
0-20,0.829720496,0.337865
0-20,0.610080717,0.337865
20-40,0.535825584,0.337865
0-20,0.667565014,0.337865
0-20,0.511573231,0.337865
20-40,0.502230414,0.337865
0-20,0.570584966,0.337865
0-20,0.731427587,0.337865
0-20,0.951030392,0.337865
0-20,0.896548262,0.337865
20-40,1.176841072,0.337865
20-40,1.189641322,0.337865
20-40,1.341651321,0.337865
20-40,1.220505573,0.337865
0-20,0.676678981,0.337865
0-20,0.811414126,0.337865
0-20,0.870570099,0.337865
0-20,0.908324139,0.337865
20-40,0.98099906,0.337865
20-40,1.377300422,0.338664
20-40,1.227529357,0.338664
20-40,1.199996933,0.338664
0-20,0.956480588,0.370587
0-20,0.928530012,0.370587
0-20,0.836873284,0.370587
0-20,0.989114178,0.304837
0-20,0.837854741,0.304837
0-20,0.71015292,0.304471
0-20,1.010242273,0.304471
0-20,1.033525079,0.304471
0-20,0.961039317,0.304471
0-20,0.991185303,0.304471
0-20,0.855286501,0.304471
0-20,0.705998767,0.304471
0-20,0.97982143,0.304471
0-20,0.787262057,0.304471
0-20,1.077043608,0.304471
0-20,1.066706745,0.304837
0-20,1.123360905,0.304837
0-20,1.186383299,0.304837
0-20,1.106552602,0.304837
0-20,1.235729388,0.304837
0-20,0.640775505,0.304837
0-20,0.976521462,0.304837
0-20,1.12699848,0.304837
0-20,1.114080968,0.304837
0-20,1.131255424,0.297425
0-20,0.942510055,0.297425
20-40,0.785275723,0.297425
20-40,0.653388126,0.297425
0-20,1.156609113,0.304837
0-20,0.899467016,0.304837
20-40,0.530192012,0.283628
20-40,0.479572431,0.352038
0-20,1.775943777,0.304837
0-20,1.370016893,0.304837
0-20,1.313713714,0.304837
0-20,1.267935415,0.306186
0-20,1.358586181,0.306186
0-20,1.083147729,0.306186
0-20,1.02057092,0.306186
0-20,1.004364371,0.306186
0-20,1.007408059,0.306186
0-20,1.001587481,0.306186
0-20,1.006364196,0.306186
0-20,1.009676908,0.306186
0-20,0.979968809,0.306186
0-20,0.948058734,0.306186
20-40,0.544564097,0.306186
0-20,0.965728369,0.306186
0-20,0.918707476,0.306186
20-40,0.568858538,0.306186
0-20,0.986917669,0.306186
0-20,0.92389549,0.306186
20-40,0.687279192,0.306186
0-20,0.974995917,0.306186
0-20,0.929022259,0.306186
20-40,0.721051792,0.306186
0-20,1.001667958,0.306186
0-20,0.975412506,0.306186
20-40,0.648789214,0.306186
0-20,1.461508431,0.306186
0-20,1.175838716,0.306186
20-40,0.482873584,0.306186
0-20,1.449609208,0.306186
0-20,1.215526002,0.306186
20-40,0.571475904,0.306186
0-20,1.437374751,0.306186
0-20,1.215526002,0.306186
20-40,0.482873584,0.306186
0-20,1.457547649,0.304837
0-20,1.179584534,0.304837
20-40,0.555142835,0.304837
0-20,1.461508431,0.304837
0-20,1.205019668,0.304837
20-40,0.462278176,0.304837
0-20,1.029156424,0.304837
0-20,0.874344956,0.304837
20-40,0.647148153,0.304837
20-40,0.250478555,0.304837
0-20,0.8722099,0.304837
0-20,0.717815244,0.304837
20-40,0.501407106,0.304837
20-40,0.35758041,0.304837
0-20,0.81646005,0.304837
0-20,0.601886239,0.304837
20-40,0.455986239,0.304837
20-40,0.140972885,0.304837
0-20,1.46146401,0.350481
0-20,1.00607907,0.350481
0-20,0.99490813,0.350481
0-20,1.011933965,0.350481
0-20,0.927733663,0.350481
20-40,0.557006452,0.350481
0-20,1.324305096,0.304244
0-20,0.990791564,0.304244
0-20,0.765482282,0.304244
0-20,1.190970062,0.304244
0-20,0.648798963,0.304244
20-40,0.570356106,0.304244
0-20,1.253118864,0.304837
0-20,0.548023154,0.304837
20-40,0.23363058,0.304837
0-20,0.872076985,0.304837
0-20,0.644271142,0.304837
20-40,0.392352194,0.304837
20-40,0.380374072,0.304837
0-20,1.06483222,0.304837
0-20,0.928178651,0.304837
20-40,0.336475744,0.304837
20-40,0.560064522,0.304837
0-20,0.900552825,0.304837
0-20,1.035992955,0.304837
20-40,1.161269751,0.304837
20-40,1.242474838,0.304837
0-20,1.039334789,0.24353
0-20,1.854073951,0.510122
0-20,1.772131661,0.510122
0-20,1.732941108,0.510122
20-40,0.447201459,0.510122
20-40,0.067160162,0.510122
0-20,1.253764335,0.510122
20-40,0.479143248,0.510122
0-20,,0.510122
0-20,,0.510122
0-20,1.650268543,0.510122
0-20,1.384575613,0.510122
0-20,1.171129437,0.510122
0-20,1.086188505,0.510122
0-20,0.780921878,0.510122
0-20,0.557652966,0.54591
0-20,0.357784692,0.54591
0-20,1.608329166,0.54591
0-20,1.398148626,0.54591
0-20,1.313900951,0.54591
0-20,1.207688532,0.54591
0-20,1.136872327,0.54591
0-20,0.988488137,0.54591
0-20,1.004046599,0.54591
0-20,1.174582745,0.54591
0-20,1.011621686,0.54591
0-20,1.168521054,0.54591
0-20,1.039492966,0.286799
0-20,1.140608964,0.286799
0-20,1.037140002,0.286799
20-40,0.86890294,0.286799
20-40,0.879898324,0.24353
20-40,0.851869601,0.24353
20-40,0.86890294,0.24353
20-40,0.911306789,0.510122
20-40,0.906227263,0.510122
20-40,-0.02974613,0.510122
20-40,0.131105162,0.510122
20-40,-0.015022874,0.510122
20-40,0.17995373,0.510122
0-20,,0.510122
0-20,,0.286799
0-20,,0.286799
0-20,1.779856039,0.291679
0-20,1.574411102,0.291679
0-20,1.349238893,0.291679
0-20,1.158820316,0.291679
0-20,0.635645757,0.340727
0-20,0.352103018,0.340727
0-20,0.152532948,0.340727
20-40,-0.000782434,0.445472
20-40,-0.000782434,0.445472
