layer,log_stock,pH
0-20,1.415267232,6
0-20,1.3502771,6.6999998
0-20,1.372021892,6.6999998
0-20,1.060468926,6.6999998
0-20,0.938183367,6.1999998
0-20,0.9007439,5.26
0-20,0.548870745,5.55
20-40,0.25411284,5.73
20-40,0.098048109,5.95
0-20,1.089307988,5.17
0-20,0.568595931,5.49
20-40,0.317294287,5.68
20-40,0.051715775,5.82
0-20,1.154707526,4.95
0-20,0.767534317,5.71
20-40,0.657602681,5.87
20-40,0.421899936,6.02
20-40,1.308090379,5.48
0-20,1.484185944,4.79
0-20,1.390040207,4.62
0-20,2.01099495,4.54
20-40,2.09067345,4.58
20-40,2.041003225,4.6
0-20,1.711623758,6.6999998
0-20,1.727612495,6.6999998
20-40,1.626430297,7.0999999
20-40,1.65051809,7.0999999
0-20,1.826610068,6.6999998
0-20,1.571962023,6.6999998
20-40,1.58342856,7.0999999
20-40,1.515354631,7.0999999
0-20,0.547085225,4.6
0-20,0.878273589,5
0-20,1.167381178,4.8
0-20,1.889178401,6.6999998
0-20,1.79813941,6.6999998
0-20,1.924500317,6.6999998
0-20,1.899195117,6.6999998
0-20,1.833693596,6.6999998
20-40,1.768744361,7.0999999
20-40,1.592652089,7.0999999
0-20,2.052854551,6
0-20,2.019301339,6
0-20,1.943249026,6
20-40,1.824685225,6
20-40,1.647134608,6
0-20,0.996474887,6.6999998
0-20,0.962056891,6.6999998
0-20,0.956045542,6.6999998
20-40,1.016072244,7.0999999
20-40,0.945587552,7.0999999
0-20,1.844516441,6
0-20,1.718272573,6
0-20,1.867379418,6
20-40,1.924498508,6
20-40,1.805313561,6
0-20,1.730432067,4.13498
0-20,1.701306121,3.99081
20-40,1.77214198,3.99081
20-40,1.727843076,3.91318
0-20,1.484450321,4.39005
0-20,1.366349429,4.25142
20-40,1.167440887,4.22924
20-40,1.07317097,4.18488
0-20,1.360886113,4.18488
0-20,0.981773382,4.20152
20-40,0.809929536,4.24033
20-40,0.700785066,4.29024
0-20,0.894623206,4.81147
0-20,0.718531947,4.8281
20-40,0.596049716,4.81701
20-40,0.633838277,4.80592
0-20,1.454283965,6
0-20,1.180286549,6
20-40,1.05803782,6
0-20,1.700526159,6.0999999
0-20,1.572193743,6
20-40,1.152824016,6
0-20,1.388337628,6
0-20,1.247718149,6
20-40,0.975085211,6
0-20,1.660723725,6
0-20,1.582527317,6
20-40,1.183968401,6
0-20,1.023188237,5.53
0-20,1.006705587,5.57
0-20,0.91944421,4.65
0-20,1.842507393,4.78151
0-20,1.711763578,4.72
0-20,1.861650908,4.89
20-40,1.920520441,4.74
20-40,1.798160258,4.82
0-20,0.997876179,4.86
0-20,0.959179199,5.08
0-20,0.955482963,5.27
20-40,1.015042403,5.36
20-40,0.943829209,5.42
0-20,1.149226538,4.68
0-20,1.21664933,5.04
0-20,1.115506701,4.87
0-20,1.957013138,3.9
0-20,1.765757937,4
0-20,2.092467993,4.1
0-20,1.938159331,4.1
0-20,2.001491409,4.3
0-20,1.821539729,4.1
0-20,2.097711127,4.19
20-40,2.119476188,4.23
0-20,2.052683786,4.88462
20-40,2.034916623,4.88462
0-20,0.942611212,4.57
0-20,0.530507087,4.67
0-20,0.942611212,4.86
0-20,0.482679283,4.98
0-20,0.969747597,4.81
0-20,0.58951177,4.88
0-20,1.122221155,4.87
0-20,0.685003291,5.12
0-20,0.956391318,4.97
0-20,0.565243195,5.13
0-20,1.006048267,4.8
0-20,0.652052881,4.91
0-20,1.016548697,4.94
0-20,0.573586355,5.01
0-20,1.033963908,4.92
0-20,0.634590145,5.04
0-20,1.062780507,5.04
0-20,0.694373546,5.09
0-20,1.019518431,4.99
0-20,0.641712048,5.14
0-20,0.908034439,4.76
0-20,0.561168226,4.82
0-20,0.874463296,4.84
0-20,0.497515721,4.95
0-20,0.872468652,5.05
0-20,0.467318019,5.1
0-20,1.023881044,4.77
0-20,0.678562112,4.85
0-20,0.892602129,4.95
0-20,0.516773311,5.05
0-20,0.925163519,4.72
0-20,0.511391327,4.88
0-20,1.198885752,4.8
0-20,0.78521594,5.21
0-20,1.29345979,5.6
0-20,0.717544023,5.49
0-20,1.94732587,4.84
0-20,1.891660091,5.04
20-40,1.992845011,5.05
0-20,1.95273434,4.49
0-20,1.931813704,4.8
20-40,1.948295573,4.83
0-20,1.154484837,5.2
0-20,2.043582317,4.5
20-40,2.126170385,4.6
20-40,2.046276596,4.6
0-20,0.970607222,4.98
0-20,0.511509071,5.13
0-20,0.998750945,4.99
0-20,0.671291388,5.09
0-20,1.011330216,4.98
0-20,0.642757282,5.09
0-20,1.237630689,6.1999998
0-20,2.120402548,6
0-20,1.95273434,6.6999998
0-20,1.931813704,6.6999998
20-40,1.856897985,7.0999999
0-20,1.94732587,6.6999998
0-20,1.891660091,6.6999998
20-40,1.948295573,7.0999999
0-20,1.239559728,5.9
20-40,1.202673547,5.7
0-20,1.352505127,4.8
0-20,1.379991143,4.82
0-20,1.252616167,5.38
0-20,1.398610736,5.61
0-20,1.252616167,5.63
0-20,1.198263295,5.57
0-20,1.262701627,5.98
0-20,1.247484226,6.14
0-20,1.540478636,4.79
0-20,1.252616167,4.82
0-20,1.335921436,6.31
0-20,1.426835154,6.13
0-20,1.242290916,4.8
0-20,1.262701627,4.84
0-20,1.198263295,6.07
0-20,1.162107769,6.01
0-20,0.920553232,6.1999998
0-20,1.163852236,6.6999998
0-20,0.675140175,6.6999998
0-20,1.163852236,6
0-20,0.776340817,6.6999998
0-20,0.804891467,6.1999998
0-20,0.920553232,6.1999998
0-20,0.675140175,6.6999998
0-20,0.675140175,6
0-20,0.785158931,6.5999999
0-20,0.804891467,6.1999998
0-20,0.675140175,6
0-20,0.675140175,6.6999998
0-20,0.675140175,6
0-20,0.675140175,6.5999999
0-20,0.776340817,6
0-20,1.163852236,6.1999998
0-20,0.985644689,6
0-20,0.675140175,6.6999998
0-20,1.030194785,6.6999998
0-20,1.093981704,6.6999998
20-40,1.072617477,7.0999999
20-40,1.173535895,7.0999999
0-20,1.122019172,6.6999998
0-20,1.224377652,6.6999998
20-40,1.151614972,7.0999999
20-40,1.224688417,7.0999999
0-20,1.15192118,6.6999998
0-20,1.11320777,6.6999998
20-40,1.115011071,7.0999999
20-40,1.098712931,7.0999999
0-20,1.112605002,6.6999998
0-20,1.218220304,6.6999998
20-40,1.240049772,7.0999999
20-40,1.230039981,7.0999999
0-20,1.151431144,6.6999998
0-20,1.242789809,6.6999998
20-40,1.258301976,7.0999999
20-40,1.145631415,7.0999999
0-20,0.792593379,6.31
0-20,0.416593914,6.72
20-40,0.241506635,5.87
20-40,0.39814842,6.72
0-20,0.637393654,5.79
0-20,0.416314248,6.94
20-40,0.305351369,7.46
20-40,0.377626753,7.38
0-20,0.801176015,6.1
0-20,0.940941554,6
0-20,1.030798763,5.1
0-20,1.61979524,5.8
0-20,,6.8
0-20,,5
0-20,,5
0-20,0.706046161,5.9
0-20,,6.1
0-20,,6.5
0-20,1.163703614,5.9
0-20,1.20370413,6.4
0-20,0.534491376,5.7
0-20,1.211599963,5.1
0-20,,4.6
0-20,,5.5
0-20,,6.7
0-20,0.99997988,6.8
0-20,1.20370413,6.4
0-20,,6
0-20,0.739225312,5.4
0-20,0.316738754,8
0-20,0.938904966,6.5
0-20,0.628922061,6.4
0-20,1.272180948,6.5
0-20,0.769397923,6.1
0-20,0.72437092,6.8
0-20,,7.4
0-20,,5.6
0-20,0.979047433,6
0-20,0.217728153,6
0-20,0.727514839,6.9
0-20,,6.3
0-20,,7.6
0-20,1.064318982,6
0-20,,6.5
0-20,0.685170018,6.8
0-20,0.979829241,6.2
0-20,1.131027402,6.6
0-20,0.454579643,6.9
0-20,0.675663532,6
0-20,1.099265531,5.4
0-20,1.028620311,6
0-20,,4.7
0-20,0.722255861,7.5
0-20,0.794661075,6.7
0-20,0.733651492,8.2
0-20,0.920738135,8.2
0-20,,6.2
0-20,1.131027402,6.6
0-20,0.652708399,5.6
0-20,1.359100028,4.7
0-20,,6
0-20,,6.1
0-20,0.995176933,6
0-20,0.227284086,7.5
0-20,0.866417559,6
0-20,0.511216254,5.7
0-20,0.947404151,6.1
0-20,1.077987228,5.5
0-20,1.302940311,5.3
0-20,1.298082736,5.3
0-20,,5.6
0-20,0.738545133,5.6
0-20,1.103287691,4.6
0-20,,7.3
0-20,0.315400434,5
0-20,1.231703698,5.2
0-20,0.520782835,7.8
0-20,0.368875537,7.5
0-20,0.452238394,6.4
0-20,0.783757712,5.8
0-20,,6.3
0-20,,6.3
0-20,,6.8
0-20,0.670917097,5.6
0-20,,6.8
0-20,0.717859636,5
0-20,,5.8
0-20,,6.5
0-20,-0.095652281,7
0-20,-0.449927789,7.5
0-20,0.573210943,6.4
0-20,,6.7
0-20,,7.8
0-20,,7
0-20,,6
0-20,,5.3
0-20,,6.4
0-20,0.914722239,7.9
0-20,0.438947787,6.2
0-20,0.497205539,6.4
0-20,,8.5
0-20,0.362909114,8.5
0-20,0.719169726,6
0-20,0.589978094,7.8
0-20,0.380882485,6.8
0-20,0.335124995,7.7
0-20,,7.7
0-20,0.350432414,8.4
0-20,-0.044751014,7.2
0-20,,7.1
0-20,0.353590933,8.1
0-20,-0.024776168,8.8
0-20,0.841135815,7
0-20,0.775083924,8
0-20,2.03537754,5.57
0-20,1.942510055,5.66
0-20,1.863284783,6.6999998
0-20,1.860989259,6
0-20,1.010206641,6.1999998
0-20,1.344917433,6.6999998
20-40,1.303860603,7.0999999
0-20,1.297243897,7.0999999
20-40,1.192786497,7.1999998
0-20,1.178734135,6.6999998
20-40,1.1551714,7.0999999
0-20,2.017710978,5.91
20-40,2.031395859,5.75
0-20,1.799059201,5.68
20-40,1.15807528,5.85
0-20,1.871618114,5.87
0-20,2.015530338,5.92
0-20,1.280027168,6
0-20,1.033346541,6
20-40,0.945244585,6
0-20,1.848227998,6
0-20,1.510475732,6
20-40,1.387603561,6
0-20,,6.6999998
20-40,,7.0999999
0-20,1.14850394,4.88
0-20,1.14690287,5.04
20-40,1.086156163,5.08
20-40,0.942142043,5.29
0-20,1.082785087,4.81
20-40,1.245060268,5.26
0-20,0.981770601,5.5
0-20,1.011824096,5.79
0-20,0.949202585,5.58
0-20,0.991443169,5.52
0-20,0.804570104,4.7
0-20,0.805084715,4.58
0-20,1.360029639,6.1999998
0-20,1.246260195,6.1999998
20-40,1.267113506,6.4000001
0-20,1.095674165,6.1999998
0-20,1.009454295,6.1999998
20-40,0.544028336,6.4000001
0-20,1.079745462,6.1999998
0-20,0.984847628,6.1999998
20-40,0.988929777,6.4000001
0-20,1.314440279,5.36
0-20,1.376248375,5.11
0-20,1.500949647,5.21
0-20,1.493474781,5.22
0-20,1.297436584,5.24
0-20,1.146580707,5.24
0-20,1.45805437,5.11
0-20,1.396706948,6.6
0-20,1.380580235,5.49
0-20,1.035602621,5.22
0-20,0.944632675,5.91
0-20,1.007597583,4.46
0-20,1.269527887,6
0-20,0.714825813,6
20-40,0.678951547,6
0-20,1.320649693,6
0-20,0.808750972,6
20-40,0.377634034,6
0-20,1.160955676,6
0-20,1.048323697,6
20-40,0.52376207,6
0-20,2.168521054,4.5
20-40,2.141161193,4.6
0-20,1.947869758,4.34
20-40,1.999099208,4.12
0-20,1.948991639,4.71
20-40,1.900397719,4.17
0-20,1.906020253,4.52
20-40,1.767636664,4.24
0-20,1.808605239,5.15
20-40,1.69592625,4.89
0-20,2.001106908,3.86
20-40,2.074939985,3.72
0-20,2.001683532,3.88
20-40,2.053700614,3.58
0-20,1.999661987,3.88
20-40,2.05085208,3.7
0-20,1.979113863,4.13
20-40,2.015931172,3.9
0-20,0.902002891,7.4000001
0-20,0.915682589,7.4000001
0-20,0.886980018,7.4000001
0-20,0.969321774,7.4000001
0-20,0.887878249,7.4000001
0-20,0.917362647,7.4000001
0-20,0.958145153,7.4000001
0-20,,4.5
0-20,,5.6
0-20,0.453544604,9.6
0-20,0.511412732,9.6
0-20,0.583896713,9.6
20-40,0.447874027,9.6
0-20,0.415260555,10.2
0-20,0.426472222,10.2
0-20,0.471015788,10.2
20-40,0.225526375,10.2
0-20,0.281397022,9.8
0-20,0.253270142,9.8
0-20,0.191786248,9.8
20-40,0.24663643,9.8
0-20,0.269456903,10
0-20,0.224035553,10
0-20,0.136885378,10
20-40,0.160102213,10
0-20,0.348764232,9.5
0-20,0.338560074,9.5
0-20,0.224035553,9.5
20-40,0.112081925,9.5
0-20,0.687503991,9.4
0-20,0.652934476,9.4
0-20,0.597260674,9.4
20-40,0.440329636,9.4
0-20,0.681393214,9.5
0-20,0.583896713,9.5
0-20,0.426472222,9.5
20-40,0.242655701,9.5
0-20,1.309223784,7.14
0-20,1.050091162,7.28
20-40,0.953193145,7.19
20-40,0.955855087,7.32
0-20,1.094198517,7.16
0-20,0.917362647,7.74
20-40,0.809195967,7.69
20-40,0.838153663,8.89
0-20,-0.016879105,6.9000001
0-20,-0.016879105,6.04
0-20,-0.016879105,5.86
0-20,-0.016879105,6.04
0-20,-0.016879105,5.34
0-20,-0.016879105,5.9
0-20,-0.016879105,5.79
0-20,-0.003488328,6.9000001
0-20,-0.080921908,6.21
0-20,-0.04383157,5.9
0-20,-0.20481541,6.21
0-20,-0.089375595,5.71
0-20,-0.092588639,6.33
0-20,-0.094743951,6.23
20-40,-0.295849483,6.8000002
20-40,-0.156767222,6.8000002
20-40,-0.145693958,6.8000002
20-40,-0.199282922,6.8000002
20-40,-0.225483034,6.8000002
20-40,-0.164943898,6.8000002
20-40,-0.206209615,6.8000002
0-20,0.92867232,8.7
0-20,1.007863802,6
0-20,0.979045504,6
0-20,1.007476366,6
20-40,1.076591806,6
0-20,0.565375503,8.35
0-20,0.51054501,8.91
0-20,0.441852176,9.27
20-40,0.292256071,9.26
0-20,0.903159469,7.4000001
0-20,0.916803349,7.4000001
0-20,0.889073007,7.4000001
0-20,0.970559786,7.4000001
0-20,0.889073007,7.4000001
0-20,0.916803349,7.4000001
0-20,0.958526615,7.4000001
0-20,0.788493617,7.4000001
0-20,0.80617726,7.4000001
0-20,0.750807592,7.4000001
0-20,0.750807592,7.4000001
0-20,0.765325751,7.4000001
0-20,0.745858314,7.4000001
0-20,0.801823394,7.4000001
0-20,1.29578694,6.6999998
20-40,1.179838928,7.0999999
0-20,1.156609718,6.6999998
20-40,1.180068501,7.0999999
0-20,1.233909453,6.6999998
20-40,1.18999534,7.0999999
0-20,1.28546729,6.6999998
20-40,1.194292282,7.0999999
0-20,1.285647309,6.6999998
20-40,1.114610984,7.0999999
0-20,1.162862993,6.6999998
20-40,1.132835804,7.0999999
0-20,1.240549248,6.6999998
20-40,1.122150319,7.0999999
0-20,1.270119599,6.6999998
20-40,1.139123134,7.0999999
0-20,1.123417129,6.6999998
0-20,1.230127936,6.6999998
0-20,1.312118939,6.6999998
0-20,1.123417129,6.6999998
0-20,1.230127936,6.6999998
0-20,1.312118939,6.6999998
0-20,1.123417129,6.6999998
0-20,1.230071176,6.6999998
0-20,1.312118939,6.6999998
0-20,0.834339306,6.6999998
0-20,0.965237459,6.6999998
0-20,1.173851483,6.6999998
0-20,0.850143658,6.6999998
0-20,0.988421602,6.6999998
0-20,1.195342181,6.6999998
0-20,0.857835263,6.6999998
0-20,0.988421602,6.6999998
0-20,1.195342181,6.6999998
20-40,0.779382899,7.0999999
20-40,0.779382899,7.0999999
20-40,0.757273012,7.0999999
20-40,0.779382899,7.0999999
20-40,0.779382899,7.0999999
20-40,0.757273012,7.0999999
20-40,0.779382899,7.0999999
20-40,0.779382899,7.0999999
20-40,0.757273012,7.0999999
0-20,1.951196812,6
0-20,1.951196812,6
0-20,2.004445882,6
0-20,1.989142855,6
20-40,2.048289813,6
20-40,2.058427695,6
0-20,1.176410815,7.0999999
0-20,1.079710795,7.0999999
0-20,1.053757443,7.0999999
0-20,0.900747208,7.0999999
0-20,0.960303339,7.0999999
0-20,0.864553829,7.0999999
0-20,0.684953025,7.11
0-20,0.504062883,7.23
0-20,0.543163771,8.42
0-20,0.287264126,9.23
0-20,0.292078772,9.48
0-20,0.34182215,9.14
0-20,0.276213565,9.51
0-20,0.413182371,8.91
0-20,0.246301577,9.48
0-20,0.240549248,10.24
0-20,0.264496704,10.34
0-20,0.293954471,9.99
0-20,0.21571157,10.32
0-20,0.328770904,9.49
0-20,0.153363573,10.38
0-20,0.792489745,6.1999998
0-20,1.088855238,5.4
20-40,0.854777898,5.4
0-20,0.901449471,5.7
20-40,0.553184433,6.2
0-20,0.892274908,6.1999998
0-20,0.892683739,6.1999998
0-20,1.022176243,6.1999998
0-20,0.784210736,6.1999998
0-20,0.386677284,10.2
0-20,0.522704993,9.7
0-20,0.455758203,9.9
0-20,0.629001619,9.4
0-20,0.691435152,8.4
0-20,0.867632453,5.1
0-20,1.07471407,5.5
0-20,0.314183339,9.51
0-20,0.38344552,9.4
0-20,0.365398122,9.33
0-20,0.245083096,9.48
0-20,0.460711462,9.43
0-20,0.370350222,9.43
0-20,0.370350222,9.43
0-20,0.420516831,9.43
0-20,0.809142053,5.46
0-20,0.561602204,7.5999999
0-20,0.489339626,7.5999999
0-20,0.40715287,7.5999999
20-40,0.351022885,7.8000002
20-40,0.213995649,7.8000002
0-20,1.137508682,4.92
0-20,1.090363225,5.03
0-20,1.037609037,5.12
0-20,1.711915831,6.6999998
0-20,1.727233238,6.6999998
0-20,1.626658118,6.6999998
20-40,1.740687263,7.0999999
0-20,0.500428598,9.7
0-20,0.433481808,9.9
0-20,0.606725225,9.4
0-20,0.701343441,9.4
0-20,1.106427535,4.95
0-20,1.170591798,5.37
0-20,1.402031858,5.93
0-20,1.529976711,5.36
0-20,1.339262323,6.37
0-20,0.632760888,9
0-20,0.598067905,9.4
0-20,0.332519251,9.5
0-20,0.402364569,8.5
0-20,0.650424097,8.4
0-20,0.054613055,9.6
0-20,0.315214393,8.7
0-20,0.250615147,9.5
0-20,0.488832634,8.1
0-20,0.463713862,9.1
0-20,0.634474932,8.6
0-20,0.516493962,9
20-40,0.476499429,9.1
0-20,0.637457224,8.3
0-20,0.572213711,8.7
20-40,0.504961004,9.2
0-20,0.538081879,9.3
0-20,0.547994447,9.8
20-40,0.472461181,9.9
0-20,0.394703519,8.3
0-20,0.517596933,8.6
20-40,0.427144822,9
0-20,0.586532481,9.3
0-20,0.584936962,9.1
20-40,0.536151093,9.6
0-20,0.645201079,8.8
0-20,0.515818543,9.6
20-40,0.473156608,9.4
0-20,0.672794075,8.8
0-20,0.413711963,9.8
20-40,0.345889756,10.1
0-20,0.548906472,9
0-20,0.507348624,9.9
20-40,0.502116477,9.9
0-20,0.16070732,10.2
0-20,0.200864458,10.5
20-40,0.202795432,10.4
0-20,0.098519258,10.2
0-20,0.088896297,10.4
20-40,-0.022117322,10.4
0-20,0.214081302,10.1
0-20,0.130744096,10.4
20-40,0.049334966,10
0-20,0.374250617,9.9
0-20,0.27131861,10.3
20-40,0.08027149,10.2
0-20,-0.563455723,7.88
0-20,-0.684029655,7.88
20-40,-0.606459893,7.88
20-40,-0.674484337,7.88
0-20,0.536487738,8.98
0-20,0.490472582,8.98
20-40,0.371082647,8.98
20-40,0.307234955,8.98
0-20,0.219060332,7.52
0-20,-0.077648289,7.05
20-40,-0.206265477,7.04
20-40,-0.328197933,7.02
0-20,0.106653173,8.57
20-40,0.024805729,8.71
0-20,0.028408565,7.35
20-40,0.171726454,7.9
0-20,0.407815642,7.26
20-40,0.28057837,7.5
0-20,0.331439444,7.87
20-40,0.265148139,7.91
0-20,0.234122291,6.76
20-40,0.171726454,6.69
0-20,0.386677284,10.2
0-20,0.522704993,9.7
0-20,0.455758203,9.9
0-20,0.629001619,9.4
0-20,0.691435152,8.4
0-20,0.957825576,4.84
20-40,0.363122888,4.14
0-20,1.162110161,4.41
0-20,0.916284143,5.45
0-20,0.729638274,5.85
0-20,1.045083464,5.52
0-20,1.067361777,5.64
0-20,1.025417293,5.64
0-20,0.908883743,5.83
20-40,0.748018929,6.58
0-20,0.954265671,6
0-20,0.460963959,6.6999998
0-20,0.357500335,6.6999998
0-20,0.164578868,6.6999998
0-20,1.14527847,5.4
0-20,1.326992542,5.49
0-20,1.158731486,5.73
0-20,1.23802602,6
0-20,0.839402621,6
20-40,0.615655515,6
0-20,1.230448921,6
0-20,0.680081572,6
20-40,0.595760686,6
0-20,0.829020585,6
0-20,0.610660163,6
20-40,0.537768739,6
0-20,0.667565014,6
0-20,0.510115865,6
20-40,0.501387941,6
0-20,1.237821115,5.23
0-20,0.83974445,5.45
20-40,0.61500683,5.7
0-20,1.230587873,5.32
0-20,0.679340666,5.58
20-40,0.595760686,5.7
0-20,0.829720496,5.6
0-20,0.610080717,5.72
20-40,0.535825584,5.67
0-20,0.667565014,5.6
0-20,0.511573231,5.48
20-40,0.502230414,5.44
0-20,0.570584966,6.37
0-20,0.731427587,6.38
0-20,0.951030392,6.39
0-20,0.896548262,6.6
20-40,1.176841072,7.74
20-40,1.189641322,8.24
20-40,1.341651321,7.24
20-40,1.220505573,7.37
0-20,0.676678981,6.46
0-20,0.811414126,6.54
0-20,0.870570099,6.62
0-20,0.908324139,6.51
20-40,0.98099906,6.38
20-40,1.377300422,6.62
20-40,1.227529357,6.86
20-40,1.199996933,7.14
0-20,0.956480588,6.6999998
0-20,0.928530012,6.6999998
0-20,0.836873284,6.6999998
0-20,0.989114178,6.6999998
0-20,0.837854741,6.6999998
0-20,0.71015292,6.6999998
0-20,1.010242273,6.6999998
0-20,1.033525079,6.6999998
0-20,0.961039317,6.6999998
0-20,0.991185303,6.6999998
0-20,0.855286501,6.6999998
0-20,0.705998767,6.6999998
0-20,0.97982143,6.6999998
0-20,0.787262057,6.6999998
0-20,1.077043608,6.1999998
0-20,1.066706745,6.1999998
0-20,1.123360905,6.1999998
0-20,1.186383299,6.1999998
0-20,1.106552602,6.1999998
0-20,1.235729388,6.1999998
0-20,0.640775505,6.1999998
0-20,0.976521462,6.1999998
0-20,1.12699848,6.1999998
0-20,1.114080968,6.1999998
0-20,1.131255424,6.6999998
0-20,0.942510055,6.6999998
20-40,0.785275723,7.0999999
20-40,0.653388126,7.0999999
0-20,1.156609113,6.1999998
0-20,0.899467016,6.1999998
20-40,0.530192012,5.9000001
20-40,0.479572431,5.9000001
0-20,1.775943777,5.8
0-20,1.370016893,5.7
0-20,1.313713714,5.68
0-20,1.267935415,5.59
0-20,1.358586181,5.43
0-20,1.083147729,5.71
0-20,1.02057092,5.89
0-20,1.004364371,5.53
0-20,1.007408059,5.73
0-20,1.001587481,5.76
0-20,1.006364196,5.78
0-20,1.009676908,5.6
0-20,0.979968809,6.1999998
0-20,0.948058734,6.1999998
20-40,0.544564097,5.9000001
0-20,0.965728369,6.1999998
0-20,0.918707476,6.1999998
20-40,0.568858538,5.9000001
0-20,0.986917669,6.1999998
0-20,0.92389549,6.1999998
20-40,0.687279192,5.9000001
0-20,0.974995917,6.1999998
0-20,0.929022259,6.1999998
20-40,0.721051792,5.9000001
0-20,1.001667958,6.1999998
0-20,0.975412506,6.1999998
20-40,0.648789214,5.9000001
0-20,1.461508431,6.1999998
0-20,1.175838716,6.1999998
20-40,0.482873584,5.9000001
0-20,1.449609208,6.1999998
0-20,1.215526002,6.1999998
20-40,0.571475904,5.9000001
0-20,1.437374751,6.1999998
0-20,1.215526002,6.1999998
20-40,0.482873584,5.9000001
0-20,1.457547649,6.1999998
0-20,1.179584534,6.1999998
20-40,0.555142835,5.9000001
0-20,1.461508431,6.1999998
0-20,1.205019668,6.1999998
20-40,0.462278176,5.9000001
0-20,1.029156424,6.6999998
0-20,0.874344956,6.6999998
20-40,0.647148153,7.0999999
20-40,0.250478555,7.0999999
0-20,0.8722099,6.6999998
0-20,0.717815244,6.6999998
20-40,0.501407106,7.0999999
20-40,0.35758041,7.0999999
0-20,0.81646005,6.6999998
0-20,0.601886239,6.6999998
20-40,0.455986239,7.0999999
20-40,0.140972885,7.0999999
0-20,1.46146401,5.86
0-20,1.00607907,5.73
0-20,0.99490813,5.13
0-20,1.011933965,5.43
0-20,0.927733663,5.64
20-40,0.557006452,6.2
0-20,1.324305096,6.6999998
0-20,0.990791564,6.6999998
0-20,0.765482282,6.6999998
0-20,1.190970062,5.15
0-20,0.648798963,4.65
20-40,0.570356106,4.53
0-20,1.253118864,3.82
0-20,0.548023154,3.88
20-40,0.23363058,3.94
0-20,0.872076985,6.6999998
0-20,0.644271142,6.6999998
20-40,0.392352194,7.0999999
20-40,0.380374072,7.0999999
0-20,1.06483222,6.6999998
0-20,0.928178651,6.6999998
20-40,0.336475744,7.0999999
20-40,0.560064522,7.0999999
0-20,0.900552825,6.6999998
0-20,1.035992955,6.6999998
20-40,1.161269751,7.0999999
20-40,1.242474838,7.0999999
0-20,1.039334789,5.7
0-20,1.854073951,6.6999998
0-20,1.772131661,6.6999998
0-20,1.732941108,6.6999998
20-40,0.447201459,7.0999999
20-40,0.067160162,7.0999999
0-20,1.253764335,6.6999998
20-40,0.479143248,7.0999999
0-20,,5.9
0-20,,4.4
0-20,1.650268543,5.9
0-20,1.384575613,5.4
0-20,1.171129437,5.3
0-20,1.086188505,5.4
0-20,0.780921878,5.4
0-20,0.557652966,5.6
0-20,0.357784692,5.6
0-20,1.608329166,5.1
0-20,1.398148626,5.1
0-20,1.313900951,5.2
0-20,1.207688532,5.3
0-20,1.136872327,5.3
0-20,0.988488137,5.6
0-20,1.004046599,5.6
0-20,1.174582745,5.82
0-20,1.011621686,5.55
0-20,1.168521054,6
0-20,1.039492966,6
0-20,1.140608964,6
0-20,1.037140002,6
20-40,0.86890294,5.91
20-40,0.879898324,5.71
20-40,0.851869601,6
20-40,0.86890294,6
20-40,0.911306789,6
20-40,0.906227263,6
20-40,-0.02974613,6.7
20-40,0.131105162,6.6
20-40,-0.015022874,8.3
20-40,0.17995373,7.9
0-20,,4.5
0-20,,4.5
0-20,,4.74
0-20,1.779856039,5.7
0-20,1.574411102,5.3
0-20,1.349238893,5.1
0-20,1.158820316,5.1
0-20,0.635645757,5.1
0-20,0.352103018,5
0-20,0.152532948,4.9
20-40,-0.000782434,6.2
20-40,-0.000782434,6.2
