FT,ET,MT,stock,pH,MBC,MAT,MAP,NDSI,NDVI
Permafrost,Wetland,ER,26.0176,6,0.2992024,-5.5,400,18.3852997,0.421577
Permafrost,Wetland,AM,22.4015,6.6999998,0.1030469,0.4,630,5.4612799,0.439049
Permafrost,Wetland,EM,23.55168,6.6999998,0.240227136,0.4,630,7.5397801,0.415376
Seasonal,Wetland,AM,11.49394,6.6999998,0.205741526,2.52,588,21.0009003,0.304837
Seasonal,Wetland,NM,8.67328,6.1999998,0.619272192,2.52,588,24.4498997,0.304471
Permafrost,Forest,EM,7.9569,5.26,0.0609,-4.9,490,17.1676998,0.393888
Permafrost,Forest,EM,3.53892,5.55,0.050512,-4.9,490,17.1676998,0.393888
Permafrost,Forest,EM,12.2831,5.17,0.0904,-4.9,490,17.1676998,0.393888
Permafrost,Forest,EM,3.70336,5.49,0.054812,-4.9,490,17.1676998,0.393888
Permafrost,Forest,EM,14.27932,4.95,0.025398,-4.9,490,17.1676998,0.393888
Permafrost,Forest,EM,5.8551,5.71,0.01537,-4.9,490,17.1676998,0.393888
Permafrost,Wetland,NM,30.49200231,4.79,0.085239006,-2.2,550.7,11.0199003,0.401434
Permafrost,Wetland,NM,24.54936186,4.62,0.085239006,-2.2,550.7,11.0199003,0.401434
Permafrost,Wetland,ER,102.564,4.54,0.93018,-3.9,452,12.1788998,0.430922
Permafrost,Wetland,AM,51.478248,6.6999998,0.086668135,-2.4,522,12.1014004,0.370996
Permafrost,Wetland,AM,53.40876,6.6999998,0.086668135,-2.4,522,12.1014004,0.370996
Permafrost,Wetland,EM,67.082628,6.6999998,0.086550251,-2.4,522,12.559,0.361417
Permafrost,Wetland,EM,37.321752,6.6999998,0.086550251,-2.4,522,12.559,0.361417
Permafrost,Forest,EM,3.524400267,4.6,0.085239006,-4.9,425,11.0199003,0.401434
Permafrost,Forest,EM,7.555680572,5,0.085239006,-4.9,425,11.0199003,0.401434
Permafrost,Forest,EM,14.70216111,4.8,0.085239006,-4.9,425,11.0199003,0.401434
Permafrost,Wetland,AM,77.478,6.6999998,0.094335569,-4.2,425,15.8376999,0.396081
Permafrost,Wetland,AM,62.826,6.6999998,0.086668135,-3,490,12.1014004,0.370996
Permafrost,Forest,EM,84.042762,6.6999998,0.095154086,-4.2,438,9.2787199,0.378652
Permafrost,Forest,EM,79.285746,6.6999998,0.095154086,-4.2,438,9.2787199,0.378652
Permafrost,Forest,EM,68.185746,6.6999998,0.095154086,-4.2,438,9.2787199,0.378652
Permafrost,Forest,EM,112.94176,6,0.078154361,-4.2,438,12.1511002,0.399646
Permafrost,Forest,EM,104.544536,6,0.078154361,-4.2,438,12.1511002,0.399646
Permafrost,Forest,EM,87.750384,6,0.078154361,-4.2,438,12.1511002,0.399646
Permafrost,Forest,EM,9.9191598,6.6999998,0.096448343,-4.2,438,4.9176002,0.375984
Permafrost,Forest,EM,9.1634052,6.6999998,0.096448343,-4.2,438,4.9176002,0.375984
Permafrost,Forest,EM,9.0374424,6.6999998,0.096448343,-4.2,438,4.9176002,0.375984
Permafrost,Forest,EM,69.90632,6,0.074081696,-4.2,438,17.6648006,0.352671
Permafrost,Forest,EM,52.272416,6,0.074081696,-4.2,438,17.6648006,0.352671
Permafrost,Forest,EM,73.685056,6,0.074081696,-4.2,438,17.6648006,0.352671
Permafrost,Forest,EM,53.756634,4.13498,0.31646766,-2.3,500,12.1014004,0.370996
Permafrost,Forest,EM,50.26968,3.99081,0.26131842,-2.3,500,12.1014004,0.370996
Permafrost,Forest,EM,30.51057,4.39005,0.33370152,-2.3,500,12.1014004,0.370996
Permafrost,Forest,EM,23.246064,4.25142,0.188933766,-2.3,500,12.1014004,0.370996
Permafrost,Forest,EM,22.955466,4.18488,0.33542424,-2.3,500,12.1014004,0.370996
Permafrost,Forest,EM,9.5890014,4.20152,0.35955342,-2.3,500,12.1014004,0.370996
Permafrost,Forest,EM,7.8455466,4.81147,0.145848228,-2.3,500,12.1014004,0.419549
Permafrost,Forest,EM,5.2303644,4.8281,0.10276269,-2.3,500,12.1014004,0.419549
Permafrost,Forest,EM,28.46321578,6,0.072821921,-3,350,7.9060602,0.467418
Permafrost,Forest,EM,15.14560232,6,0.072821921,-3,350,7.9060602,0.467418
Permafrost,Wetland,AM,50.17948028,6.0999999,0.077742321,-3,350,7.9060602,0.467418
Permafrost,Wetland,AM,37.34167053,6,0.072821921,-3,350,7.9060602,0.467418
Permafrost,Forest,EM,24.45330858,6,0.072821921,-3,350,7.9060602,0.467418
Permafrost,Forest,EM,17.68960557,6,0.072821921,-3,350,7.9060602,0.467418
Permafrost,Wetland,AM,45.78505336,6,0.072821921,-3,350,7.9060602,0.467418
Permafrost,Wetland,AM,38.24083063,6,0.072821921,-3,350,7.9060602,0.467418
Permafrost,Forest,EM,10.54844,5.53,0.065209031,-3.3,442.95,11.0199003,0.404515
Permafrost,Forest,EM,10.1556,5.57,0.068133663,-3.3,442.95,14.1899996,0.290662
Permafrost,Forest,EM,8.307,4.65,0.038063384,-3.3,442.95,16.2763996,0.462829
Permafrost,Forest,EM,69.58368,4.78151,0.074081696,-4.2,438,17.6648006,0.36229
Permafrost,Forest,EM,51.494824,4.72,0.074081696,-4.2,438,17.6648006,0.36229
Permafrost,Forest,EM,72.719504,4.89,0.074081696,-4.2,438,17.6648006,0.36229
Permafrost,Forest,EM,9.9512166,4.86,0.096448343,-4.2,438,6.1280398,0.375984
Permafrost,Forest,EM,9.102888,5.08,0.096448343,-4.2,438,6.1280398,0.375984
Permafrost,Forest,EM,9.025743,5.27,0.096448343,-4.2,438,6.1280398,0.375984
Permafrost,Wetland,EM,14.10024107,4.68,0.085223691,-4.9,490,11.0199003,0.404515
Permafrost,Wetland,EM,16.46832125,5.04,0.085223691,-4.9,490,11.0199003,0.404515
Permafrost,Wetland,EM,13.04688099,4.87,0.085239006,-4.9,490,11.0199003,0.401434
Permafrost,Forest,EM,90.576,3.9,0.074927073,-3.9,452,10.8541002,0.448005
Permafrost,Forest,EM,58.312,4,0.074927073,-3.9,452,10.8541002,0.448005
Permafrost,Wetland,EM,123.728,4.1,0.074927073,-3.9,452,10.8541002,0.448005
Permafrost,Wetland,EM,86.728,4.1,0.074927073,-3.9,452,10.8541002,0.448005
Permafrost,Wetland,NM,100.344,4.3,0.074927073,-3.9,452,10.8541002,0.448005
Permafrost,Wetland,NM,66.304,4.1,0.074927073,-3.9,452,10.8541002,0.448005
Permafrost,Wetland,ER,125.230792,4.19,0.072602288,-3.6,498,12.6618004,0.485953
Permafrost,Wetland,ER,112.89736,4.88462,0.073344063,-5,430,12.7136002,0.376985
Permafrost,Wetland,EM,8.762160664,4.57,0.085223691,-4.1,490,11.0199003,0.404515
Permafrost,Wetland,EM,3.392400257,4.67,0.085223691,-4.1,490,11.0199003,0.404515
Permafrost,Wetland,EM,8.762160664,4.86,0.085223691,-4.1,490,11.0199003,0.404515
Permafrost,Wetland,EM,3.03864023,4.98,0.085223691,-4.1,490,11.0199003,0.404515
Permafrost,Wetland,EM,9.327120707,4.81,0.085223691,-4.1,490,11.0199003,0.404515
Permafrost,Wetland,EM,3.886080294,4.88,0.085223691,-4.1,490,11.0199003,0.404515
Permafrost,Wetland,EM,13.250161,4.87,0.085223691,-4.1,490,11.0199003,0.404515
Permafrost,Wetland,EM,4.841760367,5.12,0.085223691,-4.1,490,11.0199003,0.404515
Permafrost,Wetland,EM,9.044640685,4.97,0.085223691,-4.1,490,11.0199003,0.404515
Permafrost,Wetland,EM,3.674880278,5.13,0.085223691,-4.1,490,11.0199003,0.404515
Permafrost,Wetland,EM,10.14024077,4.8,0.085223691,-4.1,490,11.0199003,0.404515
Permafrost,Wetland,EM,4.48800034,4.91,0.085223691,-4.1,490,11.0199003,0.404515
Permafrost,Wetland,EM,10.38840079,4.94,0.085223691,-4.1,490,11.0199003,0.404515
Permafrost,Wetland,EM,3.746160284,5.01,0.085223691,-4.1,490,11.0199003,0.404515
Permafrost,Wetland,EM,10.81344082,4.92,0.085223691,-4.1,490,11.0199003,0.404515
Permafrost,Wetland,EM,4.311120327,5.04,0.085223691,-4.1,490,11.0199003,0.404515
Permafrost,Wetland,EM,11.55528088,5.04,0.085223691,-4.1,490,11.0199003,0.404515
Permafrost,Wetland,EM,4.947360375,5.09,0.085223691,-4.1,490,11.0199003,0.404515
Permafrost,Wetland,EM,10.45968079,4.99,0.085223691,-4.1,490,11.0199003,0.404515
Permafrost,Wetland,EM,4.382400332,5.14,0.085223691,-4.1,490,11.0199003,0.404515
Permafrost,Wetland,EM,8.091600613,4.76,0.085239006,-4.1,490,11.0199003,0.401434
Permafrost,Wetland,EM,3.640560276,4.82,0.085239006,-4.1,490,11.0199003,0.401434
Permafrost,Wetland,EM,7.489680567,4.84,0.085239006,-4.1,490,11.0199003,0.401434
Permafrost,Wetland,EM,3.144240238,4.95,0.085239006,-4.1,490,11.0199003,0.401434
Permafrost,Wetland,EM,7.455360565,5.05,0.085239006,-4.1,490,11.0199003,0.401434
Permafrost,Wetland,EM,2.933040222,5.1,0.085239006,-4.1,490,11.0199003,0.401434
Permafrost,Wetland,EM,10.5652808,4.77,0.085239006,-4.1,490,11.0199003,0.401434
Permafrost,Wetland,EM,4.770480361,4.85,0.085239006,-4.1,490,11.0199003,0.401434
Permafrost,Wetland,EM,7.809120592,4.95,0.085239006,-4.1,490,11.0199003,0.401434
Permafrost,Wetland,EM,3.286800249,5.05,0.085239006,-4.1,490,11.0199003,0.401434
Permafrost,Forest,EM,15.8083212,4.8,0.079289765,-2.2,472,13.9197998,0.25754
Permafrost,Forest,EM,6.098400462,5.21,0.079289765,-2.2,472,13.9197998,0.25754
Permafrost,Forest,EM,19.6544,5.6,0.071373,-3,500,18.7884007,0.352986
Permafrost,Forest,EM,5.21848,5.49,0.071373,-3,500,18.7884007,0.352986
Permafrost,Wetland,EM,14.272,5.2,0.008100224,-3.9,452,10.8541002,0.448005
Permafrost,Wetland,ER,110.556,4.5,0.992784,-3.9,452,12.1788998,0.430922
Permafrost,Wetland,EM,9.345600708,4.98,0.085223691,-4.9,490,11.0199003,0.404515
Permafrost,Wetland,EM,3.247200246,5.13,0.085223691,-4.9,490,11.0199003,0.404515
Permafrost,Wetland,EM,9.971280755,4.99,0.085223691,-4.9,490,11.0199003,0.404515
Permafrost,Wetland,EM,4.691280355,5.09,0.085223691,-4.9,490,11.0199003,0.404515
Permafrost,Wetland,EM,10.26432078,4.98,0.085239006,-4.9,490,11.0199003,0.401434
Permafrost,Wetland,EM,4.392960333,5.09,0.085239006,-4.9,490,11.0199003,0.401434
Seasonal,Wetland,NM,17.28346,6.1999998,0.5952571,1.9,558,24.4498997,0.304471
Permafrost,Wetland,ER,131.94792,6,1.24090896,-5.5,400,18.3852997,0.421577
Seasonal,Wetland,AM,17.3604,5.9,0.098326244,2.5,580,21.0009003,0.304837
Seasonal,Forest,EM,22.51672,4.8,0.066730832,2.8,700,6.9309402,0.452064
Seasonal,Forest,EM,23.98784,4.82,0.066730832,2.8,700,6.9309402,0.452064
Seasonal,Forest,EM,17.89024,5.38,0.066730832,2.8,700,6.9309402,0.452064
Seasonal,Forest,EM,25.03864,5.61,0.066730832,2.8,700,6.9309402,0.452064
Seasonal,Forest,EM,17.89024,5.63,0.066730832,2.8,700,6.9309402,0.452064
Seasonal,Forest,EM,15.78568,5.57,0.066730832,2.8,700,6.9309402,0.452064
Seasonal,Forest,EM,18.31056,5.98,0.066730832,2.8,700,6.9309402,0.452064
Seasonal,Forest,EM,17.68008,6.14,0.066730832,2.8,700,6.9309402,0.452064
Seasonal,Forest,EM,34.71192,4.79,0.066730832,2.8,700,6.9309402,0.452064
Seasonal,Forest,EM,17.89024,4.82,0.066730832,2.8,700,6.9309402,0.452064
Seasonal,Forest,EM,21.67312,6.31,0.066730832,2.8,700,6.9309402,0.452064
Seasonal,Forest,EM,26.71992,6.13,0.066730832,2.8,700,6.9309402,0.452064
Seasonal,Forest,EM,17.46992,4.8,0.066730832,2.8,700,6.9309402,0.452064
Seasonal,Forest,EM,18.31056,4.84,0.066730832,2.8,700,6.9309402,0.452064
Seasonal,Forest,EM,15.78568,6.07,0.066730832,2.8,700,6.9309402,0.452064
Seasonal,Forest,EM,14.52472,6.01,0.066730832,2.8,700,6.9309402,0.452064
Permafrost,Forest,EM,8.32824,6.1999998,0.07907674,-3,400,9.5033197,0.330513
Permafrost,Forest,EM,14.58318,6.6999998,0.096448343,-3,400,6.1280398,0.375984
Permafrost,Forest,EM,4.73304,6.6999998,0.113194246,-3,400,4.8455901,0.388062
Permafrost,Forest,EM,14.58318,6,0.054918581,-3,400,4.5174999,0.460914
Permafrost,Forest,EM,5.97504,6.6999998,0.110069508,-3,400,9.7727499,0.32009
Permafrost,Forest,EM,6.38104,6.1999998,0.056836888,-3,400,7.6736002,0.380514
Permafrost,Forest,EM,8.32824,6.1999998,0.069978886,-3,400,14.2895002,0.333288
Permafrost,Forest,EM,4.73304,6.6999998,0.130224607,-3,400,3.7051499,0.418363
Permafrost,Forest,EM,4.73304,6,0.07567299,-3,400,4.7972598,0.445067
Permafrost,Forest,EM,6.0976,6.5999999,0.121956146,-3,400,13.6337004,0.335694
Permafrost,Forest,EM,6.38104,6.1999998,0.074658414,-3,400,2.8889999,0.442389
Permafrost,Forest,EM,4.73304,6,0.072369927,-3,400,7.9183002,0.384287
Permafrost,Forest,EM,4.73304,6.6999998,0.128597791,-3,400,4.9176002,0.375984
Permafrost,Forest,EM,4.73304,6,0.07567299,-3,400,3.27455,0.412472
Permafrost,Forest,EM,4.73304,6.5999999,0.104314544,-3,400,10.9222002,0.370542
Permafrost,Forest,EM,5.97504,6,0.063781121,-3,400,17.0198002,0.299392
Permafrost,Forest,EM,14.58318,6.1999998,0.060567817,-3,400,10.3202,0.341
Permafrost,Forest,EM,9.67486,6,0.063829945,-3,400,8.4425402,0.416763
Permafrost,Forest,EM,4.73304,6.6999998,0.134186868,-3,400,5.3215299,0.403256
Permafrost,Wetland,EM,10.72,6.6999998,0.015912,0.4,630,7.3896298,0.41547
Permafrost,Wetland,EM,12.416,6.6999998,0.015912,0.4,630,7.3896298,0.41547
Permafrost,Wetland,EM,13.244,6.6999998,0.015912,0.4,630,7.3896298,0.41547
Permafrost,Wetland,EM,16.764,6.6999998,0.023867999,0.4,630,7.3896298,0.41547
Permafrost,Wetland,EM,14.188,6.6999998,0.015912,0.4,630,7.3896298,0.41547
Permafrost,Wetland,EM,12.978,6.6999998,0.023867999,0.4,630,7.3896298,0.41547
Permafrost,Wetland,EM,12.96,6.6999998,0.015912,0.4,630,7.3896298,0.41547
Permafrost,Wetland,EM,16.528,6.6999998,0.031823999,0.4,630,7.3896298,0.41547
Permafrost,Wetland,EM,14.172,6.6999998,0.015912,0.4,630,7.3896298,0.41547
Permafrost,Wetland,EM,17.49,6.6999998,0.023867999,0.4,630,7.3896298,0.41547
Permafrost,Wetland,EM,6.20288,6.31,0.031381633,-3,440,4.8370099,0.48736
Permafrost,Wetland,EM,2.60972,6.72,0.051975829,-3,440,4.8370099,0.48736
Permafrost,Wetland,EM,4.33904,5.79,0.046091773,-3,440,4.8370099,0.48736
Permafrost,Wetland,EM,2.60804,6.94,0.055408195,-3,440,4.8370099,0.48736
Permafrost,Grassland,NM,8.728538944,6,0.074956468,-0.5,520,16.6912994,0.186295
Seasonal,Grassland,AM,10.73491879,5.1,0.034769289,3.6,400,6.3424001,0.314411
Permafrost,Wetland,AM,41.66728854,5.8,0.074956468,-0.5,519.9,16.6912994,0.186295
Seasonal,Grassland,NM,5.082134571,5.9,0.080681607,0.9,477,21.3197994,0.34249
Permafrost,Forest,EM,14.57819026,5.9,0.073200365,-1,469,17.8374004,0.226952
Seasonal,Forest,EM,15.98468677,6.4,0.086962728,1.3,560,18.2049007,0.368961
Permafrost,Forest,EM,3.423665893,5.7,0.073200365,-1,469.9,17.8374004,0.226952
Permafrost,Forest,EM,16.27795947,5.1,0.078771796,1,1000,15.1943998,0.254533
Seasonal,Forest,EM,9.99953672,6.8,0.068396332,0.9,477,15.3852997,0.289258
Seasonal,Forest,EM,15.98468677,6.4,0.086962728,1.3,560,18.2049007,0.368961
Seasonal,Forest,EM,5.485614849,5.4,0.094525599,2.8,592,6.0605402,0.478229
Seasonal,Forest,EM,8.687703016,6.5,0.088679235,2.2,594,9.1288099,0.342232
Seasonal,Forest,EM,4.255220418,6.4,0.081366318,3.1,554.8,14.6784,0.323684
Seasonal,Forest,EM,18.71461717,6.5,0.070159696,3.9,563,16.5622005,0.322507
Seasonal,Grassland,AM,5.301160093,6.8,0.063434753,2.3,581,16.5746002,0.311892
Seasonal,Forest,EM,9.52900232,6,0.083176,2.7,504,10.6652002,0.322691
Seasonal,Grassland,AM,1.650928074,6,0.072765628,4.3,380,6.8610601,0.307246
Seasonal,Forest,EM,11.5962877,6,0.079260811,3.1,554,14.6784,0.323684
Seasonal,Forest,EM,4.84361949,6.8,0.066485776,3.1,554.8,9.28374,0.264819
Seasonal,Grassland,NM,9.546171694,6.2,0.08223857,3.9,564,14.5531998,0.357383
Seasonal,Forest,EM,13.52157875,6.6,0.07548579,0.4,566,11.1245003,0.230204
Seasonal,Forest,EM,4.7387471,6,0.084117278,3.1,554,16.1422005,0.30086
Permafrost,Forest,EM,12.56798144,5.4,0.089808178,-1.6,583.1,19.2936001,0.299923
Seasonal,Grassland,AM,10.6812065,6,0.06650019,3.1,544.8,11.0254002,0.269517
Seasonal,Grassland,AM,5.275405664,7.5,0.11082871,2.7,450,9.8246698,0.292438
Seasonal,Grassland,AM,5.415661253,8.2,0.070760254,3.9,429,7.4878702,0.289395
Seasonal,Grassland,AM,8.331786543,8.2,0.091753245,2.4,440,13.8786001,0.307143
Seasonal,Forest,EM,13.52157875,6.6,0.07548579,0.4,566,11.1245003,0.230204
Seasonal,Forest,EM,4.494779582,5.6,0.073580669,5.2,502,4.5121598,0.314547
Seasonal,Forest,EM,20.08816705,5.3,0.097099544,3.6,595,5.9605398,0.41329
Seasonal,Forest,EM,5.477030162,5.6,0.096776309,4.1,737,11.1855001,0.324713
Seasonal,Forest,EM,12.68491879,4.6,0.06666992,1.5,1000,7.7747102,0.559276
Seasonal,Forest,EM,2.067285383,5,0.075886743,4.1,737,13.3978996,0.307301
Seasonal,Forest,EM,4.687238979,5.6,0.066776712,7.2,810,2.9588201,0.433868
Seasonal,Forest,EM,5.222273782,5,0.060234673,4.9,800,9.9042597,0.272967
Seasonal,Forest,AM,0.802320186,7,0.074362959,8.2,610,0.957,0.332768
Seasonal,Forest,EM,0.35487239,7.5,0.072852609,8.2,620,1.36589,0.361601
Seasonal,Grassland,AM,8.217169374,7.9,0.050690177,8.2,490,0.836051,0.36221
Seasonal,Wetland,AM,2.747563805,6.2,0.062329095,7.7,900,0.905568,0.472505
Seasonal,Wetland,AM,2.306264501,8.5,0.039277769,9,670,5.0243902,0.266598
Seasonal,Forest,EM,5.238051044,6,0.060234673,4.8,810,9.9042597,0.272967
Seasonal,Grassland,AM,3.89025522,7.8,0.056519558,8.2,505,0.717643,0.325201
Seasonal,Forest,AM,2.403712297,6.8,0.105971848,8.4,740,3.4782701,0.340262
Seasonal,Wetland,AM,2.163341067,7.7,0.098245361,8.3,630,0.980552,0.312287
Seasonal,Forest,EM,0.902088167,7.2,0.044403227,6.5,480,3.17504,0.355526
Seasonal,Grassland,AM,2.257308585,8.1,0.057189406,6,390,2.6170299,0.304474
Seasonal,Forest,EM,0.944547564,8.8,0.053704354,7.9,470,1.82436,0.262883
Seasonal,Wetland,AM,6.936426914,7,0.101182868,8.3,600,0.800079,0.289208
Seasonal,Wetland,AM,5.957772622,8,0.098245361,8.3,620,0.980552,0.312287
Permafrost,Wetland,ER,108.48696,5.57,0.05248524,-4,425,11.8238001,0.375928
Seasonal,Wetland,AM,87.6012,5.66,0.06098488,4.1,704.2,16.6910992,0.345217
Permafrost,Wetland,ER,72.9936,6.6999998,1.1565312,-4,425,11.8238001,0.375928
Permafrost,Wetland,EM,72.6088,6,0.7443512,-0.5,380,6.4522901,0.608786
Seasonal,Wetland,NM,10.2378,6.1999998,0.6031846,1.9,625,23.2823009,0.313394
Permafrost,Forest,EM,22.12674,6.6999998,0.083887362,-2.12,490,10.4316998,0.343653
Permafrost,Forest,EM,19.8264015,7.0999999,0.083066283,-2.12,490,6.6303,0.467652
Permafrost,Wetland,ER,104.1624,5.91,0.075088094,-4.3,465,18.3852997,0.421577
Seasonal,Wetland,AM,62.9592,5.68,0.098135985,2.5,558,23.7320004,0.30483
Permafrost,Wetland,ER,74.40774,5.87,0.094621281,-3.9,450,13.6177998,0.393078
Permafrost,Wetland,EM,103.6407,5.92,0.094621281,-3.9,450,13.6177998,0.393078
Permafrost,Forest,EM,19.0557992,6,0.073320974,-1.1,480,2.34165,0.470239
Permafrost,Forest,EM,10.79808,6,0.073320974,-1.1,480,2.34165,0.470239
Permafrost,Forest,EM,70.506312,6,0.072613241,-5.3,450,9.0860205,0.346361
Permafrost,Forest,EM,32.394832,6,0.072613241,-5.3,450,9.0860205,0.346361
Permafrost,Wetland,EM,14.0768,4.88,0.02318368,-3.9,450,15.8376999,0.396081
Permafrost,Wetland,EM,14.025,5.04,0.01494844,-3.9,450,15.8376999,0.396081
Permafrost,Wetland,EM,12.09999212,4.81,0.085223691,-3.3,442.95,11.0199003,0.404515
Permafrost,Forest,EM,9.58894,5.5,0.054124281,-3.3,442.9,17.1676998,0.393888
Permafrost,Forest,EM,10.276,5.79,0.053588397,-3.3,442.9,17.1676998,0.393888
Permafrost,Forest,EM,8.89616,5.58,0.055731933,-3.3,442.9,17.1676998,0.393888
Permafrost,Forest,EM,9.8049,5.52,0.056267817,-3.3,442.9,17.1676998,0.393888
Permafrost,Forest,EM,6.37632,4.7,0.038583646,-3.3,442.9,17.1676998,0.393888
Permafrost,Forest,EM,6.38388,4.58,0.036975994,-3.3,442.9,17.1676998,0.393888
Permafrost,Wetland,AM,22.91024,6.1999998,0.086739491,-3,450,9.8579197,0.429068
Permafrost,Wetland,AM,17.63032,6.1999998,0.086739491,-3,450,9.8579197,0.429068
Permafrost,Forest,EM,12.46448,6.1999998,0.086739491,-3,450,9.8579197,0.429068
Permafrost,Forest,EM,10.22008,6.1999998,0.086739491,-3,450,9.8579197,0.429068
Permafrost,Forest,EM,12.0156,6.1999998,0.086739491,-3,450,9.8579197,0.429068
Permafrost,Forest,EM,9.65712,6.1999998,0.086739491,-3,450,9.8579197,0.416314
Permafrost,Wetland,AM,20.6272,5.36,0.04713333,-4.9,490,13.2115002,0.510347
Permafrost,Wetland,EM,23.782,5.11,0.061594692,-4.9,490,13.2115002,0.510347
Permafrost,Wetland,EM,31.692,5.21,0.050882572,-4.9,490,13.2115002,0.510347
Permafrost,Wetland,EM,31.1512,5.22,0.049275754,-4.9,490,13.2115002,0.491865
Permafrost,Wetland,EM,19.8352,5.24,0.04713333,-4.9,490,13.2115002,0.491865
Permafrost,Wetland,EM,14.0146,5.24,0.042312875,-4.9,490,13.2115002,0.491865
Permafrost,Wetland,EM,28.7114,5.11,0.047668936,-4.9,490,13.2115002,0.491865
Permafrost,Forest,EM,24.92912,6.6,0.075050801,-5.5,460.8,14.3590002,0.491865
Permafrost,Forest,EM,24.0204,5.49,0.075050801,-5.5,460.8,14.3590002,0.491865
Permafrost,Forest,EM,10.85432,5.22,0.079687341,-4.9,425,14.1492004,0.491865
Permafrost,Forest,EM,8.80304,5.91,0.079687341,-4.9,425,14.1492004,0.491865
Permafrost,Forest,EM,10.17648,4.46,0.079687341,-4.9,425,14.1492004,0.491865
Permafrost,Wetland,EM,18.60064,6,0.079823209,-3,400,14.1652002,0.4415
Permafrost,Wetland,EM,5.18592,6,0.079823209,-3,400,14.1652002,0.4415
Permafrost,Wetland,EM,20.92424,6,0.079823209,-3,400,14.1652002,0.454498
Permafrost,Wetland,EM,6.438,6,0.079823209,-3,400,14.1652002,0.447456
Permafrost,Wetland,EM,14.48624,6,0.079823209,-3,400,14.1652002,0.4515
Permafrost,Wetland,EM,11.17696,6,0.079823209,-3,400,14.1652002,0.4515
Permafrost,Wetland,EM,147.408,4.5,0.078292,-4.3,452,9.6195602,0.340964
Seasonal,Grassland,AM,7.98,7.4000001,0.093788143,4.9,470,7.9904299,0.240036
Seasonal,Grassland,AM,8.23536,7.4000001,0.093788143,4.9,470,7.9904299,0.240036
Seasonal,Grassland,AM,7.70868,7.4000001,0.093788143,4.9,470,7.9904299,0.240036
Seasonal,Grassland,AM,9.31798,7.4000001,0.093788143,4.9,470,7.9904299,0.240036
Seasonal,Grassland,AM,7.72464,7.4000001,0.093788143,4.9,470,7.9904299,0.240036
Seasonal,Grassland,AM,8.26728,7.4000001,0.093788143,4.9,470,7.9904299,0.240036
Seasonal,Grassland,AM,9.08124,7.4000001,0.093788143,4.9,470,7.9904299,0.240036
Seasonal,Grassland,AM,2.84148,9.6,0.048687481,5.7,375,6.8486199,0.240036
Seasonal,Grassland,AM,3.24648,9.6,0.048687481,5.7,375,6.8486199,0.240036
Seasonal,Grassland,AM,3.83616,9.6,0.048687481,5.7,375,6.8486199,0.240036
Seasonal,Grassland,AM,2.60172,10.2,0.048687481,5.7,375,6.8486199,0.240036
Seasonal,Grassland,AM,2.66976,10.2,0.048687481,5.7,375,6.8486199,0.240036
Seasonal,Grassland,AM,2.95812,10.2,0.048687481,5.7,375,6.8486199,0.240036
Seasonal,Grassland,AM,1.9116,9.8,0.048687481,5.7,375,6.8486199,0.240036
Seasonal,Grassland,AM,1.79172,9.8,0.048687481,5.7,375,6.8486199,0.240036
Seasonal,Grassland,AM,1.5552,9.8,0.048687481,5.7,375,6.8486199,0.240036
Seasonal,Grassland,AM,1.85976,10,0.048687481,5.7,375,6.8486199,0.240036
Seasonal,Grassland,AM,1.67508,10,0.048687481,5.7,375,6.8486199,0.240036
Seasonal,Grassland,AM,1.37052,10,0.048687481,5.7,375,6.8486199,0.240036
Seasonal,Grassland,AM,2.23236,9.5,0.048687481,5.7,375,6.8486199,0.240036
Seasonal,Grassland,AM,2.18052,9.5,0.048687481,5.7,375,6.8486199,0.240036
Seasonal,Grassland,AM,1.67508,9.5,0.048687481,5.7,375,6.8486199,0.240036
Seasonal,Grassland,AM,4.86972,9.4,0.048687481,5.7,375,6.8486199,0.240036
Seasonal,Grassland,AM,4.49712,9.4,0.048687481,5.7,375,6.8486199,0.240036
Seasonal,Grassland,AM,3.95604,9.4,0.048687481,5.7,375,6.8486199,0.240036
Seasonal,Grassland,AM,4.80168,9.5,0.048687481,5.7,375,6.8486199,0.31882
Seasonal,Grassland,AM,3.83616,9.5,0.048687481,5.7,375,6.8486199,0.31882
Seasonal,Grassland,AM,2.66976,9.5,0.048687481,5.7,375,6.8486199,0.31882
Seasonal,Forest,EM,20.38092,7.14,0.093788143,5.5,432,7.9904299,0.31882
Seasonal,Forest,EM,11.22254,7.28,0.093788143,5.5,432,7.9904299,0.31882
Seasonal,Grassland,AM,12.4222,7.16,0.093788143,5.5,432,7.9904299,0.350359
Seasonal,Grassland,AM,8.26728,7.74,0.093788143,5.5,432,7.9904299,0.350359
Seasonal,Grassland,AM,0.96188,6.9000001,0.03770403,7.7,474,2.72014,0.350359
Seasonal,Grassland,EM,0.96188,6.04,0.03770403,7.7,474,2.72014,0.350359
Seasonal,Grassland,EM,0.96188,5.86,0.03770403,7.7,474,2.72014,0.350359
Seasonal,Grassland,EM,0.96188,6.04,0.03770403,7.7,474,2.72014,0.350359
Seasonal,Grassland,EM,0.96188,5.34,0.03770403,7.7,474,2.72014,0.350359
Seasonal,Grassland,EM,0.96188,5.9,0.03770403,7.7,474,2.72014,0.350359
Seasonal,Grassland,EM,0.96188,5.79,0.03770403,7.7,474,2.72014,0.350359
Seasonal,Grassland,AM,0.992,6.9000001,0.03770403,7.7,474,2.72014,0.350359
Seasonal,Grassland,EM,0.83,6.21,0.03770403,7.7,474,2.72014,0.350359
Seasonal,Grassland,EM,0.904,5.9,0.03770403,7.7,474,2.72014,0.350359
Seasonal,Grassland,EM,0.624,6.21,0.03770403,7.7,474,2.72014,0.350359
Seasonal,Grassland,EM,0.814,5.71,0.03770403,7.7,474,2.72014,0.350359
Seasonal,Grassland,EM,0.808,6.33,0.03770403,7.7,474,2.72014,0.350359
Seasonal,Grassland,EM,0.804,6.23,0.03770403,7.7,474,2.72014,0.350359
Seasonal,Grassland,AM,8.4854,8.7,0.088898963,5,564,16.4754009,0.30989
Seasonal,Wetland,AM,10.18272,6,0.077058043,3.1,750,20.3871002,0.30989
Seasonal,Wetland,AM,9.52896,6,0.101202392,3.1,750,20.3871002,0.30989
Seasonal,Wetland,AM,10.17364,6,0.08496966,3.1,750,20.3871002,0.31882
Seasonal,Grassland,AM,3.676,8.35,0.104425565,5.5,375,7.40659,0.31882
Seasonal,Grassland,AM,3.24,8.91,0.101584053,5.5,375,7.40659,0.31882
Seasonal,Grassland,AM,2.766,9.27,0.107267077,5.5,375,7.40659,0.31882
Seasonal,Grassland,AM,8.00128,7.4000001,0.093788143,4.9,470,7.9904299,0.31882
Seasonal,Grassland,AM,8.25664,7.4000001,0.093788143,4.9,470,7.9904299,0.31882
Seasonal,Grassland,AM,7.74592,7.4000001,0.093788143,4.9,470,7.9904299,0.31882
Seasonal,Grassland,AM,9.34458,7.4000001,0.093788143,4.9,470,7.9904299,0.31882
Seasonal,Grassland,AM,7.74592,7.4000001,0.093788143,4.9,470,7.9904299,0.31882
Seasonal,Grassland,AM,8.25664,7.4000001,0.093788143,4.9,470,7.9904299,0.304837
Seasonal,Grassland,AM,9.08922,7.4000001,0.093788143,4.9,470,7.9904299,0.304837
Seasonal,Grassland,AM,6.1446,7.4000001,0.093788143,4.9,470,7.9904299,0.304837
Seasonal,Grassland,AM,6.39996,7.4000001,0.093788143,4.9,470,7.9904299,0.304837
Seasonal,Grassland,AM,5.63388,7.4000001,0.093788143,4.9,470,7.9904299,0.304837
Seasonal,Grassland,AM,5.63388,7.4000001,0.093788143,4.9,470,7.9904299,0.304837
Seasonal,Grassland,AM,5.8254,7.4000001,0.093788143,4.9,470,7.9904299,0.304837
Seasonal,Grassland,AM,5.57004,7.4000001,0.093788143,4.9,470,7.9904299,0.304837
Seasonal,Grassland,AM,6.33612,7.4000001,0.093788143,4.9,470,7.9904299,0.304837
Seasonal,Wetland,NM,19.76,6.6999998,0.067322474,3,560,21.0009003,0.304837
Seasonal,Wetland,EM,14.342,6.6999998,0.062893364,3,560,21.0009003,0.304837
Seasonal,Wetland,EM,17.136,6.6999998,0.063779186,3,560,21.0009003,0.304837
Seasonal,Wetland,EM,19.296,6.6999998,0.059350075,3,560,21.0009003,0.304837
Seasonal,Wetland,NM,19.304,6.6999998,0.067322474,3,560,21.0009003,0.304837
Seasonal,Wetland,EM,14.55,6.6999998,0.066436652,3,560,21.0009003,0.356784
Seasonal,Wetland,EM,17.4,6.6999998,0.066436652,3,560,21.0009003,0.356784
Seasonal,Wetland,EM,18.626,6.6999998,0.059350075,3,560,21.0009003,0.356784
Seasonal,Grassland,NM,13.2867,6.6999998,0.087376756,4.3,566.4,21.6867008,0.356784
Seasonal,Grassland,NM,16.98744,6.6999998,0.087376756,4.7,381.9,21.6867008,0.356784
Seasonal,Grassland,NM,20.51724,6.6999998,0.087376756,4.2,488.6,21.6867008,0.356784
Seasonal,Grassland,NM,13.2867,6.6999998,0.087376756,4.3,566.4,21.6867008,0.356784
Seasonal,Grassland,NM,16.98744,6.6999998,0.087376756,4.7,381.9,21.6867008,0.356784
Seasonal,Grassland,NM,20.51724,6.6999998,0.087376756,4.2,488.6,21.6867008,0.356784
Seasonal,Grassland,NM,13.2867,6.6999998,0.087376756,4.3,566.4,21.6867008,0.356784
Seasonal,Grassland,NM,16.98522,6.6999998,0.087376756,4.7,381.9,21.6867008,0.356784
Seasonal,Grassland,NM,20.51724,6.6999998,0.087376756,4.2,488.6,21.6867008,0.356784
Seasonal,Grassland,NM,6.82872,6.6999998,0.087376756,4.3,566.4,21.6867008,0.356784
Seasonal,Grassland,NM,9.23076,6.6999998,0.087376756,4.7,381.9,21.6867008,0.356784
Seasonal,Grassland,NM,14.92284,6.6999998,0.087376756,4.2,488.6,21.6867008,0.356784
Seasonal,Grassland,NM,7.0818,6.6999998,0.087376756,4.3,566.4,21.6867008,0.356784
Seasonal,Grassland,NM,9.73692,6.6999998,0.087376756,4.7,381.9,21.6867008,0.356784
Seasonal,Grassland,NM,15.67986,6.6999998,0.087376756,4.2,488.6,21.6867008,0.356784
Seasonal,Grassland,NM,7.20834,6.6999998,0.087376756,4.3,566.4,21.6867008,0.356784
Seasonal,Grassland,NM,9.73692,6.6999998,0.087376756,4.7,381.9,21.6867008,0.356784
Seasonal,Grassland,NM,15.67986,6.6999998,0.087376756,4.2,488.6,21.6867008,0.356784
Seasonal,Wetland,AM,89.37104,6,0.067154354,3.1,750,13.9463997,0.310669
Seasonal,Wetland,AM,89.37104,6,0.067154354,3.1,750,13.9463997,0.310669
Seasonal,Wetland,AM,101.02896,6,0.067154354,3.1,750,13.9463997,0.310669
Seasonal,Wetland,AM,97.53104,6,0.067154354,3.1,750,13.9463997,0.244314
Seasonal,Forest,AM,11.31768086,7.0999999,0.069495363,1.3,502.5,23.7579002,0.244046
Seasonal,Forest,AM,7.956960603,7.0999999,0.069495363,1.3,502.5,23.7579002,0.244046
Seasonal,Forest,EM,9.126480691,7.0999999,0.069495363,1.3,502.5,23.7579002,0.244046
Seasonal,Forest,EM,7.320720555,7.0999999,0.069495363,1.3,502.5,23.7579002,0.244046
Seasonal,Forest,EM,4.8412,7.11,0.0734966,7.2,530.5,8.9221601,0.244046
Seasonal,Grassland,AM,3.49272,8.42,0.045968148,5.5,450,6.0672302,0.244046
Seasonal,Grassland,AM,1.9376,9.23,0.102771758,4.9,364,7.3221402,0.244046
Seasonal,Grassland,AM,1.9592,9.48,0.11598527,4.9,364,7.3221402,0.244046
Seasonal,Grassland,AM,2.19696,9.14,0.10130359,4.9,364,7.3221402,0.244046
Seasonal,Grassland,AM,1.88892,9.51,0.116719354,4.9,364,7.3221402,0.32083
Seasonal,Grassland,AM,2.5893,8.91,0.100569506,4.9,364,7.3221402,0.330667
Seasonal,Grassland,AM,1.7632,9.48,0.117453438,4.9,364,7.3221402,0.330667
Seasonal,Grassland,AM,1.74,10.24,0.106442178,4.9,364,7.3221402,0.379765
Seasonal,Grassland,AM,1.83864,10.34,0.119655689,4.9,364,7.3221402,0.379765
Seasonal,Grassland,AM,1.96768,9.99,0.10497401,4.9,364,7.3221402,0.298315
Seasonal,Grassland,AM,1.64328,10.32,0.120389773,4.9,364,7.3221402,0.298315
Seasonal,Grassland,AM,2.13192,9.49,0.103505842,4.9,364,7.3221402,0.298315
Seasonal,Grassland,AM,1.42352,10.38,0.120389773,4.9,364,7.3221402,0.298315
Seasonal,Grassland,AM,6.2014,6.1999998,0.050854915,1.5,550,21.6527996,0.188192
Seasonal,Grassland,AM,12.27030162,5.4,0.035649461,0.4,550,24.5580006,0.188192
Seasonal,Forest,EM,7.969837587,5.7,0.047442801,0.4,550,20.7413998,0.188192
Permafrost,Grassland,AM,7.803238979,6.1999998,0.062590306,0,461,25.6452999,0.265342
Permafrost,Forest,EM,7.810588167,6.1999998,0.067537127,0,461,25.6452999,0.265342
Permafrost,Forest,EM,10.52388863,6.1999998,0.037075123,0,461,25.6452999,0.31882
Permafrost,Forest,EM,6.084301624,6.1999998,0.029785071,0,461,25.6452999,0.31882
Seasonal,Grassland,AM,2.436,10.2,0.07693,4,413.7,7.35535,0.31882
Seasonal,Grassland,AM,3.332,9.7,0.07693,4,413.7,7.35535,0.31882
Seasonal,Grassland,AM,2.856,9.9,0.07693,4,413.7,7.35535,0.31882
Seasonal,Grassland,AM,4.256,9.4,0.07693,4,413.7,7.35535,0.31882
Seasonal,Grassland,AM,4.914,8.4,0.071435,4,413.7,7.35535,0.31882
Seasonal,Grassland,AM,2.0615,9.51,0.1061872,4.9,445,7.9904299,0.188192
Seasonal,Grassland,AM,2.41794,9.4,0.1044582,4.9,445,7.9904299,0.188192
Seasonal,Grassland,AM,2.31952,9.33,0.096292,4.9,445,7.9904299,0.188192
Seasonal,Grassland,AM,1.75826,9.48,0.1039528,4.9,445,7.9904299,0.188192
Seasonal,Grassland,AM,2.88876,9.43,0.1039528,4.9,445,7.9904299,0.188192
Seasonal,Grassland,AM,2.34612,9.43,0.1264564,4.9,445,7.9904299,0.370808
Seasonal,Grassland,AM,2.34612,9.43,0.1039528,4.9,445,7.9904299,0.370808
Seasonal,Grassland,AM,2.6334,9.43,0.0863968,4.9,445,7.9904299,0.370808
Seasonal,Grassland,AM,3.6442,7.5999999,0.0730835,4,413.7,7.35535,0.370996
Seasonal,Grassland,AM,3.0856,7.5999999,0.0730835,4,413.7,7.35535,0.370996
Seasonal,Grassland,AM,2.5536,7.5999999,0.0730835,4,413.7,7.35535,0.370996
Seasonal,Forest,EM,13.72488399,4.92,0.066773709,4.5,560,21.9676991,0.188192
Seasonal,Forest,EM,12.31298144,5.03,0.066773709,4.5,560,21.9676991,0.188192
Seasonal,Forest,EM,10.90458237,5.12,0.066773709,4.5,560,21.9676991,0.304837
Permafrost,Wetland,ER,51.51288,6.6999998,0.086668135,-2.2,522,12.1014004,0.304837
Permafrost,Wetland,ER,53.36214,6.6999998,0.086668135,-2.2,522,12.1014004,0.304837
Permafrost,Wetland,ER,42.33096,6.6999998,0.086668135,-2.2,522,12.1014004,0.304837
Seasonal,Grassland,AM,3.1654,9.7,0.0730835,4,413.7,7.35535,0.298225
Seasonal,Grassland,AM,2.7132,9.9,0.0730835,4,413.7,7.35535,0.237852
Seasonal,Grassland,AM,4.0432,9.4,0.0730835,4,413.7,7.35535,0.241662
Seasonal,Grassland,AM,5.0274,9.4,0.0730835,4,413.7,7.35535,0.305627
Seasonal,Wetland,AM,12.77696,4.95,0.049606033,2.5,566,21.0009003,0.241617
Seasonal,Wetland,NM,14.8112529,5.37,0.080609804,1.9,583,21.0009003,0.274681
Seasonal,Wetland,AM,25.23665893,5.93,0.064665008,1.9,583,21.0009003,0.273992
Seasonal,Wetland,AM,33.88259861,5.36,0.050491855,1.9,583,21.0009003,0.25031
Seasonal,Wetland,AM,21.84048724,6.37,0.031003771,1.9,583,21.0009003,0.287042
Seasonal,Grassland,AM,4.309976798,8.6,0.019979711,4,420,9.4251204,0.317489
Seasonal,Grassland,AM,3.284686775,9,0.024350273,4,420,9.4251204,0.317489
Seasonal,Grassland,AM,4.339675174,8.3,0.023309663,4,420,9.4251204,0.333588
Seasonal,Grassland,AM,3.734338747,8.7,0.023101541,4,420,9.4251204,0.333588
Seasonal,Grassland,AM,3.452088167,9.3,0.022685297,4,420,9.4251204,0.333588
Seasonal,Grassland,AM,3.531786543,9.8,0.024558395,4,420,9.4251204,0.333588
Seasonal,Grassland,AM,2.481438515,8.3,0.019355345,4,420,9.4251204,0.333588
Seasonal,Grassland,AM,3.293039443,8.6,0.023725907,4,420,9.4251204,0.333588
Seasonal,Grassland,AM,3.859512761,9.3,0.060660613,4.2,475,16.7315006,0.333588
Seasonal,Grassland,AM,3.845359629,9.1,0.074795125,4.2,475,16.7315006,0.333588
Seasonal,Grassland,AM,3.279582367,9.6,0.066549993,4.2,475,16.7315006,0.296508
Seasonal,Grassland,AM,4.707540603,8.8,0.064783179,4.2,475,16.7315006,0.296508
Seasonal,Grassland,AM,2.592459397,9.8,0.070083621,4.2,475,16.7315006,0.296508
Seasonal,Grassland,AM,3.539211137,9,0.068905745,4.2,475,16.7315006,0.296508
Seasonal,Grassland,AM,3.216241299,9.9,0.068316807,4.2,475,16.7315006,0.296508
Seasonal,Grassland,AM,1.447795824,10.2,0.079834352,4,417.2,12.4636002,0.296508
Seasonal,Grassland,AM,1.588051044,10.5,0.089813646,4,417.2,12.4636002,0.296508
Seasonal,Grassland,AM,1.254640371,10.2,0.08060199,4,417.2,12.4636002,0.31435
Seasonal,Grassland,AM,1.227146172,10.4,0.099025302,4,417.2,12.4636002,0.31435
Seasonal,Grassland,AM,1.63712297,10.1,0.073693248,4,417.2,12.4636002,0.31435
Seasonal,Grassland,AM,1.351276102,10.4,0.085975456,4,417.2,12.4636002,0.31435
Seasonal,Grassland,AM,2.367285383,9.9,0.087510732,4,417.2,12.4636002,0.315282
Seasonal,Grassland,AM,1.86774942,10.3,0.10746932,4,417.2,12.4636002,0.315282
Seasonal,Wetland,AM,0.27324,7.88,0.032023269,4.6,420.6,9.7454796,0.315282
Seasonal,Wetland,AM,0.207,7.88,0.032023269,4.6,420.6,9.7454796,0.31435
Seasonal,Grassland,AM,3.43944,8.98,0.104805,4.6,420.6,8.6297798,0.31435
Seasonal,Grassland,AM,3.09366,8.98,0.104805,4.6,420.6,8.6297798,0.301521
Seasonal,Wetland,AM,1.656,7.52,0.083444,4.5,415.4,9.7454796,0.301521
Seasonal,Wetland,AM,0.83628,7.05,0.068816,4.5,415.4,9.7454796,0.301521
Seasonal,Grassland,AM,1.27836,8.57,0.123183338,4,428,17.3120995,0.301521
Seasonal,Forest,EM,1.0676,7.35,0.121633862,4,428,17.3120995,0.301521
Seasonal,Forest,EM,2.5575,7.26,0.120084386,4,428,17.3120995,0.270141
Seasonal,Forest,AM,2.14506,7.87,0.11853491,4,428,17.3120995,0.270141
Seasonal,Forest,EM,1.71444,6.76,0.121633862,4,428,17.3120995,0.298022
Seasonal,Grassland,AM,2.436,10.2,0.1014384,4.3,410,12.4492998,0.368896
Seasonal,Grassland,AM,3.332,9.7,0.1014384,4.3,410,12.4492998,0.304837
Seasonal,Grassland,AM,2.856,9.9,0.1014384,4.3,410,12.4492998,0.304837
Seasonal,Grassland,AM,4.256,9.4,0.1014384,4.3,410,12.4492998,0.400008
Seasonal,Grassland,AM,4.914,8.4,0.0941928,4.3,410,12.4492998,0.400008
Seasonal,Forest,EM,9.07456,4.84,0.036691424,2.2,600,24.1355991,0.400008
Seasonal,Wetland,NM,14.5248,4.41,0.067257711,1.9,585,14.2486,0.304837
Seasonal,Wetland,NM,8.246774942,5.45,0.067257711,2.3,454,14.7769003,0.304837
Seasonal,Forest,EM,5.365846868,5.85,0.067257711,2.3,454,14.7769003,0.304837
Seasonal,Wetland,NM,11.09388,5.52,0.263858,2.5,558,21.0009003,0.376252
Seasonal,Wetland,NM,11.67782,5.64,0.291522,2.5,558,21.0009003,0.304837
Seasonal,Wetland,NM,10.60272,5.64,0.100136431,1.9,600,14.8360996,0.304837
Seasonal,Wetland,NM,8.10744,5.83,0.100136431,1.9,600,14.8360996,0.378729
Seasonal,Wetland,NM,9.00048,6,0.067257711,1.9,585,14.2486,0.378729
Seasonal,Wetland,NM,2.89044,6.6999998,0.09396372,11,600,21.0009003,0.378729
Seasonal,Grassland,NM,2.27772,6.6999998,0.0890775,11,600,21.0009003,0.378729
Seasonal,Forest,EM,1.46076,6.6999998,0.07909638,11,600,21.0009003,0.378729
Seasonal,Wetland,AM,13.97264,5.4,0.50658368,1.9,585,14.9361,0.378729
Seasonal,Wetland,AM,21.23208,5.49,0.583416,2.5,575,21.0009003,0.378729
Seasonal,Wetland,AM,14.41224,5.73,0.482184,2.5,575,21.0009003,0.378729
Seasonal,Wetland,NM,17.2992,6,0.605744,1.7,600,14.2486,0.378729
Seasonal,Wetland,NM,6.9088,6,0.405008,1.7,600,14.2486,0.378729
Seasonal,Wetland,NM,17,6,0.740656,1.7,600,14.2486,0.378729
Seasonal,Wetland,NM,4.7872,6,0.154224,1.7,600,14.2486,0.378729
Seasonal,Wetland,AM,6.7456,6,0.111792,1.7,600,14.2486,0.378729
Seasonal,Wetland,AM,4.08,6,0.09248,1.7,600,14.2486,0.378729
Seasonal,Wetland,AM,4.6512,6,0.111792,1.7,600,14.2486,0.378729
Seasonal,Wetland,AM,3.2368,6,0.038624,1.7,600,14.2486,0.378729
Seasonal,Wetland,NM,17.29104,5.23,0.605744,1.7,600,14.2486,0.378729
Seasonal,Wetland,NM,6.91424,5.45,0.405008,1.7,600,14.2486,0.378729
Seasonal,Wetland,NM,17.00544,5.32,0.740656,1.7,600,14.2486,0.337865
Seasonal,Wetland,NM,4.77904,5.58,0.154224,1.7,600,14.2486,0.337865
Seasonal,Wetland,AM,6.75648,5.6,0.111792,1.7,600,14.2486,0.337865
Seasonal,Wetland,AM,4.07456,5.72,0.09248,1.7,600,14.2486,0.337865
Seasonal,Wetland,AM,4.6512,5.6,0.111792,1.7,600,14.2486,0.337865
Seasonal,Wetland,AM,3.24768,5.48,0.038624,1.7,600,14.2486,0.337865
Seasonal,Wetland,AM,3.72036,6.37,0.004329768,1.9,550,9.3055,0.337865
Seasonal,Wetland,AM,5.388,6.38,0.00721628,1.9,550,9.3055,0.337865
Seasonal,Wetland,AM,8.93368,6.39,0.010102792,1.9,550,9.3055,0.337865
Seasonal,Wetland,AM,7.8804,6.6,0.015875816,1.9,550,9.3055,0.337865
Seasonal,Wetland,AM,4.74984,6.46,0.004329768,1.9,550,9.3055,0.337865
Seasonal,Wetland,AM,6.4776,6.54,0.005773024,1.9,550,9.3055,0.337865
Seasonal,Wetland,AM,7.42284,6.62,0.006494652,1.9,550,9.3055,0.337865
Seasonal,Wetland,AM,8.097,6.51,0.00721628,1.9,550,9.3055,0.337865
Seasonal,Wetland,NM,9.0465,6.6999998,0.077414289,2,570,17.3008995,0.370587
Seasonal,Wetland,NM,8.48262,6.6999998,0.077414289,2,570,17.3008995,0.370587
Seasonal,Wetland,NM,6.86868,6.6999998,0.077414289,2,570,17.3008995,0.370587
Seasonal,Wetland,AM,9.75246,6.6999998,0.077562361,2,570,16.9839993,0.304837
Seasonal,Wetland,AM,6.88422,6.6999998,0.077562361,2,570,16.9839993,0.304837
Seasonal,Wetland,AM,5.13042,6.6999998,0.077562361,2,570,16.9839993,0.304471
Seasonal,Wetland,AM,10.23864,6.6999998,0.077562361,2,570,16.9839993,0.304471
Seasonal,Wetland,AM,10.80252,6.6999998,0.077562361,2,570,16.9839993,0.304471
Seasonal,Wetland,AM,9.14196,6.6999998,0.077562361,2,570,16.9839993,0.304471
Seasonal,Wetland,NM,9.79908,6.6999998,0.078211485,2,570,11.6364002,0.304471
Seasonal,Wetland,NM,7.16616,6.6999998,0.078211485,2,570,11.6364002,0.304471
Seasonal,Wetland,NM,5.08158,6.6999998,0.078211485,2,570,11.6364002,0.304471
Seasonal,Wetland,NM,9.546,6.6999998,0.098326244,1.9,570,21.0009003,0.304471
Seasonal,Wetland,NM,6.1272,6.6999998,0.098326244,1.9,570,21.0009003,0.304471
Seasonal,Wetland,NM,11.94108,6.1999998,0.526386,2,600,22.4302006,0.304471
Seasonal,Wetland,NM,11.66022,6.1999998,0.38807,2,600,22.4302006,0.304837
Seasonal,Wetland,NM,13.28498,6.1999998,0.438202,2,600,22.4302006,0.304837
Seasonal,Wetland,NM,15.35972,6.1999998,0.713022,2,600,22.4302006,0.304837
Seasonal,Wetland,NM,12.78064,6.1999998,0.343978,2,600,22.4302006,0.304837
Seasonal,Wetland,NM,17.20796,6.1999998,0.601886,2,600,22.4302006,0.304837
Seasonal,Wetland,NM,4.37296,6.1999998,0.098452,2,600,22.4302006,0.304837
Seasonal,Wetland,NM,9.47374,6.1999998,0.549338,2,600,22.4302006,0.304837
Seasonal,Wetland,NM,13.39672,6.1999998,0.341864,2,600,22.4302006,0.304837
Seasonal,Wetland,NM,13.00412,6.1999998,0.507662,2,600,22.4302006,0.304837
Seasonal,Wetland,NM,13.52868,6.6999998,0.46509,1.9,575,21.0009003,0.297425
Seasonal,Wetland,NM,8.76012,6.6999998,0.23421,1.9,575,21.0009003,0.297425
Seasonal,Wetland,NM,14.34198,6.1999998,0.34277,1.9,575,23.6172009,0.304837
Seasonal,Wetland,NM,7.93354,6.1999998,0.162174,1.9,575,23.6172009,0.304837
Seasonal,Wetland,AM,59.6958,5.8,0.098326244,1.9,575,21.0009003,0.304837
Seasonal,Wetland,NM,23.4432,5.7,0.098326244,1.9,575,21.0009003,0.304837
Seasonal,Wetland,NM,20.59272,5.68,0.63344,1.9,575,26.0391998,0.304837
Seasonal,Wetland,NM,18.53256,5.59,0.576608,1.9,575,22.4941006,0.306186
Seasonal,Wetland,NM,22.83422,5.43,0.701848,1.9,575,23.2588005,0.306186
Seasonal,Wetland,NM,12.1101,5.71,0.382284,1.9,575,21.0009003,0.306186
Seasonal,Wetland,NM,10.48506,5.89,0.241314,1.9,575,21.0009003,0.306186
Seasonal,Wetland,NM,10.101,5.53,0.098326244,1.9,575,21.0009003,0.306186
Seasonal,Wetland,NM,10.17204,5.73,0.098326244,1.9,575,21.0009003,0.306186
Seasonal,Wetland,NM,10.03662,5.76,0.098326244,1.9,575,21.0009003,0.306186
Seasonal,Wetland,NM,10.14762,5.78,0.098326244,1.9,575,21.0009003,0.306186
Seasonal,Wetland,NM,10.22532,5.6,0.098326244,1.9,575,21.0009003,0.306186
Seasonal,Wetland,NM,9.54924,6.1999998,0.21895,1.9,575,21.4880009,0.306186
Seasonal,Wetland,NM,8.87276,6.1999998,0.199924,1.9,575,21.4880009,0.306186
Seasonal,Wetland,NM,9.2412,6.1999998,0.318912,1.9,575,21.4880009,0.306186
Seasonal,Wetland,NM,8.29292,6.1999998,0.236466,1.9,575,21.4880009,0.306186
Seasonal,Wetland,NM,9.70326,6.1999998,0.160966,1.9,575,21.4880009,0.306186
Seasonal,Wetland,NM,8.39258,6.1999998,0.135598,1.9,575,21.4880009,0.306186
Seasonal,Wetland,NM,9.44052,6.1999998,0.154926,1.9,575,21.4880009,0.306186
Seasonal,Wetland,NM,8.49224,6.1999998,0.13741,1.9,575,21.4880009,0.306186
Seasonal,Wetland,NM,10.03848,6.1999998,0.438504,1.9,575,21.4880009,0.306186
Seasonal,Wetland,NM,9.44958,6.1999998,0.307134,1.9,575,21.4880009,0.306186
Seasonal,Wetland,NM,28.94066,6.1999998,0.763154,1.9,575,21.4880009,0.306186
Seasonal,Wetland,NM,14.99128,6.1999998,0.69762,1.9,575,21.4880009,0.306186
Seasonal,Wetland,NM,28.15848,6.1999998,0.793656,1.9,575,21.4880009,0.306186
Seasonal,Wetland,NM,16.42578,6.1999998,0.689164,1.9,575,21.4880009,0.306186
Seasonal,Wetland,NM,27.3763,6.1999998,0.593128,1.9,575,21.4880009,0.306186
Seasonal,Wetland,NM,16.42578,6.1999998,0.444846,1.9,575,21.4880009,0.306186
Seasonal,Wetland,NM,28.67792,6.1999998,0.627858,1.9,575,21.4880009,0.304837
Seasonal,Wetland,NM,15.12114,6.1999998,0.593128,1.9,575,21.4880009,0.304837
Seasonal,Wetland,NM,28.94066,6.1999998,1.164512,1.9,575,21.4880009,0.304837
Seasonal,Wetland,NM,16.03318,6.1999998,0.946468,1.9,575,21.4880009,0.304837
Seasonal,Wetland,NM,10.6944,6.6999998,0.042519457,1.9,600,21.0009003,0.304837
Seasonal,Wetland,NM,7.48764,6.6999998,0.047834389,1.9,600,21.0009003,0.304837
Seasonal,Wetland,NM,7.45092,6.6999998,0.047834389,1.9,600,21.0009003,0.304837
Seasonal,Wetland,NM,5.22174,6.6999998,0.077066516,1.9,600,21.0009003,0.304837
Seasonal,Forest,EM,6.5533,6.6999998,0.057578431,1.9,600,21.0009003,0.304837
Seasonal,Forest,EM,3.9984,6.6999998,0.070865762,1.9,600,21.0009003,0.304837
Seasonal,Wetland,AM,28.9377,5.86,0.45066,1.9,575,21.0009003,0.350481
Seasonal,Wetland,NM,10.14096,5.73,0.383394,1.9,575,21.0009003,0.350481
Seasonal,Wetland,EM,9.88344,5.13,0.229992,1.9,575,21.0009003,0.350481
Seasonal,Wetland,NM,10.2786,5.43,0.354312,1.9,575,21.0009003,0.350481
Seasonal,Wetland,NM,8.46708,5.64,0.295704,1.9,575,21.0009003,0.350481
Seasonal,Wetland,NM,21.1011,6.6999998,0.098326244,1.9,600,21.0009003,0.304244
Seasonal,Grassland,NM,9.7902,6.6999998,0.098326244,1.9,600,21.0009003,0.304244
Seasonal,Forest,EM,5.8275,6.6999998,0.098326244,1.9,600,21.0009003,0.304244
Seasonal,Wetland,NM,15.5228,5.15,0.060672706,1.9,600,19.7402992,0.304244
Seasonal,Wetland,NM,4.4545,4.65,0.060672706,1.9,600,19.7402992,0.304244
Seasonal,Forest,EM,17.91096,3.82,0.101203139,1.9,600,24.3953991,0.304837
Seasonal,Forest,EM,3.53202,3.88,0.101203139,1.9,600,24.3953991,0.304837
Seasonal,Wetland,EM,7.44864,6.6999998,0.042519457,1.9,575,21.0009003,0.304837
Seasonal,Wetland,EM,4.4083,6.6999998,0.057578431,1.9,575,21.0009003,0.304837
Seasonal,Wetland,NM,11.61,6.6999998,0.039861991,1.9,575,21.0009003,0.304837
Seasonal,Wetland,NM,8.47576,6.6999998,0.046948567,1.9,575,21.0009003,0.304837
Seasonal,Wetland,AM,7.9534,6.6999998,0.012401508,1.9,575,21.0009003,0.304837
Seasonal,Wetland,AM,10.86408,6.6999998,0.015944796,1.9,575,21.0009003,0.304837
Seasonal,Wetland,NM,10.948,5.7,0.3022844,1.9,575,21.0009003,0.24353
Seasonal,Wetland,NM,71.4618,6.6999998,0.098326244,1.9,575,21.0009003,0.510122
Seasonal,Wetland,NM,59.1741,6.6999998,0.098326244,1.9,575,21.0009003,0.510122
Seasonal,Wetland,NM,54.0681,6.6999998,0.098326244,1.9,575,21.0009003,0.510122
Seasonal,Wetland,AM,17.9376,6.6999998,0.098326244,1.9,600,21.0009003,0.510122
Seasonal,Forest,EM,44.69598816,5.9,0.093300387,3.6,595,4.9912901,0.510122
Seasonal,Forest,EM,24.2424,5.4,0.093300387,3.6,595,4.9912901,0.510122
Seasonal,Forest,EM,14.8296,5.3,0.093300387,3.6,595,4.9912901,0.510122
Seasonal,Forest,EM,12.19518816,5.4,0.093300387,3.6,595,4.9912901,0.510122
Seasonal,Forest,EM,6.0384,5.4,0.093300387,3.6,595,4.9912901,0.510122
Seasonal,Forest,EM,3.61121184,5.6,0.093300387,3.6,595,4.9912901,0.54591
Seasonal,Forest,EM,2.27921184,5.6,0.093300387,3.6,595,4.9912901,0.54591
Seasonal,Forest,EM,40.5816,5.1,0.093300387,3.6,595,4.9912901,0.54591
Seasonal,Forest,EM,25.01201184,5.1,0.093300387,3.6,595,4.9912901,0.54591
Seasonal,Forest,EM,20.6016,5.2,0.093300387,3.6,595,4.9912901,0.54591
Seasonal,Forest,EM,16.13201184,5.3,0.093300387,3.6,595,4.9912901,0.54591
Seasonal,Forest,EM,13.70478816,5.3,0.093300387,3.6,595,4.9912901,0.54591
Seasonal,Forest,EM,9.73841184,5.6,0.093300387,3.6,595,4.9912901,0.54591
Seasonal,Forest,EM,10.09361184,5.6,0.093300387,3.6,595,4.9912901,0.54591
Seasonal,Forest,EM,14.94798816,5.82,0.079061006,4.2,775,4.9774799,0.54591
Seasonal,Forest,EM,10.27121184,5.55,0.079061006,4.2,775,4.9774799,0.54591
Seasonal,Forest,EM,14.7408,6,0.079061006,4.2,775,4.9774799,0.54591
Seasonal,Forest,EM,10.95198816,6,0.079061006,4.2,775,4.9774799,0.286799
Seasonal,Forest,EM,13.82321184,6,0.079061006,4.2,775,4.9774799,0.286799
Seasonal,Forest,EM,10.89281184,6,0.079061006,4.2,775,4.9774799,0.286799
Seasonal,Forest,EM,60.23598816,5.7,0.093300387,3.6,595,4.9912901,0.291679
Seasonal,Forest,EM,37.53281184,5.3,0.093300387,3.6,595,4.9912901,0.291679
Seasonal,Forest,EM,22.34801184,5.1,0.093300387,3.6,595,4.9912901,0.291679
Seasonal,Forest,EM,14.41518816,5.1,0.093300387,3.6,595,4.9912901,0.291679
Seasonal,Forest,EM,4.32161184,5.1,0.093300387,3.6,595,4.9912901,0.340727
Seasonal,Forest,EM,2.24958816,5,0.093300387,3.6,595,4.9912901,0.340727
Seasonal,Forest,EM,1.4208,4.9,0.093300387,3.6,595,4.9912901,0.340727
