Type,Ecosystem,Mycorrhiza,stock,log_stock,Species
Permafrost,Forest,EcM,1.7952,0.25411284,BH
Permafrost,Forest,EcM,1.25328,0.098048109,BH
Permafrost,Forest,EcM,2.07632,0.317294287,BH-LYS
Permafrost,Forest,EcM,1.12646,0.051715775,BH-LYS
Permafrost,Forest,EcM,4.54572,0.657602681,LYS
Permafrost,Forest,EcM,2.6418,0.421899936,LYS
Permafrost,Forest,EcM,20.3278,1.308090379,LYS
Permafrost,Wetland,ErM,123.2178,2.09067345,DG
Permafrost,Wetland,ErM,109.9014,2.041003225,DG
Permafrost,Wetland,AM,42.30876,1.626430297,TC
Permafrost,Wetland,AM,44.721678,1.65051809,TC
Permafrost,Wetland,EcM,38.32027,1.58342856,ZL
Permafrost,Wetland,EcM,32.76081,1.515354631,ZL
Permafrost,Forest,EcM,58.714364,1.768744361,LYS
Permafrost,Forest,EcM,39.142818,1.592652089,LYS
Permafrost,Forest,EcM,66.785968,1.824685225,LYS
Permafrost,Forest,EcM,44.374616,1.647134608,LYS
Permafrost,Forest,EcM,10.3770102,1.016072244,LYS
Permafrost,Forest,EcM,8.8224164,0.945587552,LYS
Permafrost,Forest,EcM,84.042412,1.924498508,LYS
Permafrost,Forest,EcM,63.872448,1.805313561,LYS
Permafrost,Forest,EcM,59.175506,1.77214198,LYS-BH
Permafrost,Forest,EcM,53.437124,1.727843076,LYS-BH
Permafrost,Forest,EcM,14.7041826,1.167440887,LYS-BH
Permafrost,Forest,EcM,11.8350738,1.07317097,LYS-BH
Permafrost,Forest,EcM,6.4554948,0.809929536,LYS-BH
Permafrost,Forest,EcM,5.0209404,0.700785066,LYS-BH
Permafrost,Forest,EcM,3.9450246,0.596049716,LYS-BH
Permafrost,Forest,EcM,4.3036632,0.633838277,LYS-BH
Permafrost,Forest,EcM,11.42977865,1.05803782,LYS
Permafrost,Wetland,AM,14.21752552,1.152824016,LNTC
Permafrost,Forest,EcM,9.442461253,0.975085211,LYS
Permafrost,Wetland,AM,15.27454919,1.183968401,LNTC
Permafrost,Forest,EcM,83.276112,1.920520441,LYS
Permafrost,Forest,EcM,62.829016,1.798160258,LYS
Permafrost,Forest,EcM,10.3524324,1.015042403,LYS
Permafrost,Forest,EcM,8.786769,0.943829209,LYS
Permafrost,Wetland,ErM,131.666772,2.119476188,LNTC-DG
Permafrost,Wetland,ErM,108.371884,2.034916623,LNTC-DG
Permafrost,Wetland,,98.366,1.992845011,
Permafrost,Wetland,EcM,88.776,1.948295573,QM
Permafrost,Wetland,ErM,133.712,2.126170385,DX-DSYJ
Permafrost,Wetland,ErM,111.244,2.046276596,DX-DSYJ
Permafrost,Wetland,EcM,71.928,1.856897985,QM
Permafrost,Wetland,EcM,88.776,1.948295573,NTX-CH
Seasonal frozen ground,Wetland,AM,15.9468,1.202673547,MTC
Permafrost,Wetland,EcM,11.82,1.072617477,QM
Permafrost,Wetland,EcM,14.912,1.173535895,QM
Permafrost,Wetland,EcM,14.178,1.151614972,BH
Permafrost,Wetland,EcM,16.776,1.224688417,BH
Permafrost,Wetland,EcM,13.032,1.115011071,LYS
Permafrost,Wetland,EcM,12.552,1.098712931,LYS
Permafrost,Wetland,EcM,17.38,1.240049772,LYS
Permafrost,Wetland,EcM,16.984,1.230039981,LYS
Permafrost,Wetland,EcM,18.126,1.258301976,LYS
Permafrost,Wetland,EcM,13.984,1.145631415,LYS
Permafrost,Wetland,EcM,1.74384,0.241506635,BH
Permafrost,Wetland,EcM,2.5012,0.39814842,BH
Permafrost,Wetland,EcM,2.02,0.305351369,LYS
Permafrost,Wetland,EcM,2.38576,0.377626753,LYS
Permafrost,Forest,EcM,20.13078,1.303860603,
Permafrost,Forest,EcM,15.58786,1.192786497,
Permafrost,Forest,,14.29458,1.1551714,
Permafrost,Wetland,ErM,107.49688,2.031395859,DSYJ-NTX
Seasonal frozen ground,Wetland,AM,14.39048,1.15807528,MGTC-XYTM
Permafrost,Forest,EcM,8.815452,0.945244585,LYS
Permafrost,Forest,EcM,24.4120112,1.387603561,LYS
Permafrost,Wetland,ErM,,,DSYJ-BMYHZC
Permafrost,Wetland,EcM,12.19428,1.086156163,CH-DSYJ
Permafrost,Wetland,EcM,8.7527,0.942142043,CH-DSYJ
Permafrost,Wetland,EcM,17.5816758,1.245060268,LYS-XYDX
Permafrost,Wetland,AM,18.49752,1.267113506,TC
Permafrost,Forest,EcM,3.49968,0.544028336,BH
Permafrost,Forest,EcM,9.74832,0.988929777,LYS
Permafrost,Wetland,EcM,4.77476,0.678951547,LYS
Permafrost,Wetland,EcM,2.3858,0.377634034,ZZS
Permafrost,Wetland,EcM,3.34012,0.52376207,BH
Permafrost,Wetland,EcM,138.408,2.141161193,CH-DSYJ
Permafrost,Wetland,,99.7928,1.999099208,
Permafrost,Wetland,,79.5056,1.900397719,
Permafrost,Wetland,,58.5648,1.767636664,
Permafrost,Wetland,,49.6508,1.69592625,
Permafrost,Wetland,,118.8338,2.074939985,
Permafrost,Wetland,,113.162,2.053700614,
Permafrost,Wetland,,112.4222,2.05085208,
Permafrost,Wetland,,103.7364,2.015931172,
Seasonal frozen ground,Grassland,AM,2.80462,0.447874027,YC
Seasonal frozen ground,Grassland,AM,1.68084,0.225526375,HWC
Seasonal frozen ground,Grassland,AM,1.76456,0.24663643,LW
Seasonal frozen ground,Grassland,AM,1.44578,0.160102213,JP
Seasonal frozen ground,Grassland,AM,1.29444,0.112081925,JM
Seasonal frozen ground,Grassland,AM,2.75632,0.440329636,SB
Seasonal frozen ground,Grassland,AM,1.74846,0.242655701,BQ
Seasonal frozen ground,Forest,EcM,8.97828,0.953193145,BH-YS
Seasonal frozen ground,Forest,EcM,9.03348,0.955855087,BH-YS
Seasonal frozen ground,Grassland,AM,6.4446,0.809195967,YC
Seasonal frozen ground,Grassland,AM,6.88896,0.838153663,YC
Seasonal frozen ground,Grassland,AM,0.506,-0.295849483,CYZC
Seasonal frozen ground,Grassland,,,,
Seasonal frozen ground,Grassland,,,,
Seasonal frozen ground,Grassland,,,,
Seasonal frozen ground,Grassland,,,,
Seasonal frozen ground,Grassland,,,,
Seasonal frozen ground,Grassland,,,,
Seasonal frozen ground,Wetland,AM,11.928664,1.076591806,XYTM
Seasonal frozen ground,Grassland,AM,1.96,0.292256071,YC
Seasonal frozen ground,Wetland,NM,15.13,1.179838928,XYZ
Seasonal frozen ground,Wetland,EcM,15.138,1.180068501,CH
Seasonal frozen ground,Wetland,EcM,15.488,1.18999534,CH
Seasonal frozen ground,Wetland,EcM,15.642,1.194292282,CH
Seasonal frozen ground,Wetland,NM,13.02,1.114610984,XYZ
Seasonal frozen ground,Wetland,EcM,13.578,1.132835804,YL
Seasonal frozen ground,Wetland,EcM,13.248,1.122150319,YL
Seasonal frozen ground,Wetland,EcM,13.776,1.139123134,YL
Seasonal frozen ground,Grassland,NM,6.01704,0.779382899,XYZ
Seasonal frozen ground,Grassland,NM,6.01704,0.779382899,XYZ
Seasonal frozen ground,Grassland,NM,5.71838,0.757273012,XYZ
Seasonal frozen ground,Grassland,NM,6.01704,0.779382899,XYZ
Seasonal frozen ground,Grassland,NM,6.01704,0.779382899,XYZ
Seasonal frozen ground,Grassland,NM,5.71838,0.757273012,XYZ
Seasonal frozen ground,Grassland,NM,6.01704,0.779382899,XYZ
Seasonal frozen ground,Grassland,NM,6.01704,0.779382899,XYZ
Seasonal frozen ground,Grassland,NM,5.71838,0.757273012,XYZ
Seasonal frozen ground,Wetland,AM,111.76088,2.048289813,XP-TC
Seasonal frozen ground,Wetland,AM,114.40044,2.058427695,XP-TC
Seasonal frozen ground,Grassland,AM,7.157772622,0.854777898,HHH
Seasonal frozen ground,Forest,EcM,3.57424594,0.553184433,MGS
Seasonal frozen ground,Grassland,AM,2.24400017,0.351022885,YC
Seasonal frozen ground,Grassland,AM,1.636800124,0.213995649,YC
Permafrost,Wetland,ErM,55.04112,1.740687263,
Seasonal frozen ground,Grassland,AM,2.995707657,0.476499429,YGC
Seasonal frozen ground,Grassland,AM,3.198607889,0.504961004,NBC
Seasonal frozen ground,Grassland,AM,2.967981439,0.472461181,YC
Seasonal frozen ground,Grassland,AM,2.673897912,0.427144822,YC
Seasonal frozen ground,Grassland,AM,3.436774942,0.536151093,FZM
Seasonal frozen ground,Grassland,AM,2.972737819,0.473156608,YC
Seasonal frozen ground,Grassland,AM,2.217633411,0.345889756,YC
Seasonal frozen ground,Grassland,AM,3.177726218,0.502116477,HWC
Seasonal frozen ground,Grassland,AM,1.59512761,0.202795432,JP
Seasonal frozen ground,Grassland,AM,0.950348028,-0.022117322,JP
Seasonal frozen ground,Grassland,AM,1.120301624,0.049334966,JH
Seasonal frozen ground,Grassland,AM,1.203016241,0.08027149,JDF
Seasonal frozen ground,Wetland,AM,0.24748,-0.606459893,LW
Seasonal frozen ground,Wetland,AM,0.2116,-0.674484337,LW
Seasonal frozen ground,Grassland,AM,2.35008,0.371082647,JP
Seasonal frozen ground,Grassland,AM,2.02878,0.307234955,JP
Seasonal frozen ground,Wetland,AM,0.62192,-0.206265477,LW
Seasonal frozen ground,Wetland,AM,0.46968,-0.328197933,LW
Seasonal frozen ground,Grassland,AM,1.05878,0.024805729,YC
Seasonal frozen ground,Forest,EcM,1.485,0.171726454,LYS
Seasonal frozen ground,Forest,EcM,1.908,0.28057837,YS
Seasonal frozen ground,Forest,AM,1.8414,0.265148139,YS
Seasonal frozen ground,Forest,EcM,1.485,0.171726454,ZZS
Seasonal frozen ground,Forest,EcM,2.3074,0.363122888,MGS-SY
Seasonal frozen ground,Wetland,NM,5.59782,0.748018929,XYZ
Seasonal frozen ground,Wetland,NM,4.1272,0.615655515,XYZ
Seasonal frozen ground,Wetland,NM,3.9424,0.595760686,XYZ
Seasonal frozen ground,Wetland,AM,3.4496,0.537768739,MTC
Seasonal frozen ground,Wetland,AM,3.1724,0.501387941,LW
Seasonal frozen ground,Wetland,NM,4.12104,0.61500683,XYZ
Seasonal frozen ground,Wetland,NM,3.9424,0.595760686,XYZ
Seasonal frozen ground,Wetland,AM,3.4342,0.535825584,MTC
Seasonal frozen ground,Wetland,AM,3.17856,0.502230414,LW
Seasonal frozen ground,Wetland,AM,15.02592,1.176841072,MGTC
Seasonal frozen ground,Wetland,AM,15.47538,1.189641322,MGTC
Seasonal frozen ground,Wetland,AM,21.96096,1.341651321,MGTC
Seasonal frozen ground,Wetland,AM,16.6152,1.220505573,MGTC
Seasonal frozen ground,Wetland,AM,9.57192,0.98099906,LW
Seasonal frozen ground,Wetland,AM,23.83968,1.377300422,LW
Seasonal frozen ground,Wetland,AM,16.8861,1.227529357,LW
Seasonal frozen ground,Wetland,AM,15.84882,1.199996933,LW
Seasonal frozen ground,Wetland,NM,6.09924,0.785275723,XYZ
Seasonal frozen ground,Wetland,NM,4.50182,0.653388126,XYZ
Seasonal frozen ground,Wetland,NM,3.38994,0.530192012,XYZ
Seasonal frozen ground,Wetland,NM,3.01698,0.479572431,XYZ
Seasonal frozen ground,Wetland,NM,3.504,0.544564097,XYZ
Seasonal frozen ground,Wetland,NM,3.7056,0.568858538,XYZ
Seasonal frozen ground,Wetland,NM,4.8672,0.687279192,XYZ
Seasonal frozen ground,Wetland,NM,5.2608,0.721051792,XYZ
Seasonal frozen ground,Wetland,NM,4.4544,0.648789214,XYZ
Seasonal frozen ground,Wetland,NM,3.04,0.482873584,XYZ
Seasonal frozen ground,Wetland,NM,3.728,0.571475904,XYZ
Seasonal frozen ground,Wetland,NM,3.04,0.482873584,XYZ
Seasonal frozen ground,Wetland,NM,3.5904,0.555142835,XYZ
Seasonal frozen ground,Wetland,NM,2.8992,0.462278176,XYZ
Seasonal frozen ground,Wetland,NM,4.4376,0.647148153,XYZ
Seasonal frozen ground,Wetland,NM,1.78024,0.250478555,XYZ
Seasonal frozen ground,Wetland,NM,3.17254,0.501407106,XYZ
Seasonal frozen ground,Wetland,NM,2.27814,0.35758041,XYZ
Seasonal frozen ground,Forest,EcM,2.8575,0.455986239,SY
Seasonal frozen ground,Forest,EcM,1.38348,0.140972885,SY
Seasonal frozen ground,Wetland,NM,3.60584,0.557006452,XYZ
Seasonal frozen ground,Wetland,NM,3.7184,0.570356106,XYZ
Seasonal frozen ground,Forest,EcM,1.7125,0.23363058,BH
Seasonal frozen ground,Wetland,EcM,2.46804,0.392352194,MGS-SY
Seasonal frozen ground,Wetland,EcM,2.4009,0.380374072,MGS-SY
Seasonal frozen ground,Wetland,NM,2.17008,0.336475744,XYZ
Seasonal frozen ground,Wetland,NM,3.63132,0.560064522,XYZ
Seasonal frozen ground,Wetland,AM,14.49672,1.161269751,MGTC
Seasonal frozen ground,Wetland,AM,17.47732,1.242474838,MGTC
Seasonal frozen ground,Wetland,NM,2.80028,0.447201459,XYZ
Seasonal frozen ground,Wetland,NM,1.16724,0.067160162,XYZ
Seasonal frozen ground,Wetland,AM,3.014,0.479143248,MGTC-XYZ
Seasonal frozen ground,Forest,EcM,7.3944,0.86890294,HS-KY
Seasonal frozen ground,Forest,EcM,7.584,0.879898324,HS-KY
Seasonal frozen ground,Forest,EcM,7.11,0.851869601,HS-KY
Seasonal frozen ground,Forest,EcM,7.3944,0.86890294,HS-KY
Seasonal frozen ground,Forest,EcM,8.1528,0.911306789,HS-KY
Seasonal frozen ground,Forest,EcM,8.058,0.906227263,HS-KY
Seasonal frozen ground,Forest,AM,0.9338,-0.02974613,YS
Seasonal frozen ground,Forest,AM,1.3524,0.131105162,YS
Seasonal frozen ground,Forest,EcM,0.966,-0.015022874,YS
Seasonal frozen ground,Forest,EcM,1.5134,0.17995373,YS
Seasonal frozen ground,Forest,EcM,0.9982,-0.000782434,MGS
Seasonal frozen ground,Forest,EcM,0.9982,-0.000782434,MGS
